relative_filepath,class_index,class_name
train/白前/BaiqianBaiqianBaiqian86.jpg,43,白前
train/石榴皮/Shiliupi115.jpg,50,石榴皮
train/干姜/GanjiangGanjiang46.jpg,23,干姜
train/白芷/BaizhiBaizhiBaizhiIMG_20200720_173734.jpg,47,白芷
train/桑椹/Sangshen12.jpg,29,桑椹
train/僵蚕/Jiangcan73.jpg,4,僵蚕
train/白芍/BaishaoBaishaoBaishaoBaishao_28.jpg,46,白芍
train/五加皮/WujiapiWujiapiWujiapiWujiapi_38.jpg,2,五加皮
train/五加皮/WujiapiWujiapiWujiapiWujiapi_114.jpg,2,五加皮
train/肉豆蔻/Roudoukou42.jpg,56,肉豆蔻
train/龙眼肉/Longyanrou69.jpg,92,龙眼肉
train/白扁豆/BaibiandouBaibiandouBaibiandou79.jpg,44,白扁豆
train/荔枝核/Lizhihe43.jpg,65,荔枝核
train/桑椹/Sangshen114.jpg,29,桑椹
train/五加皮/WujiapiWujiapiWujiapiWujiapi_22.jpg,2,五加皮
train/鸡内金/Jineijin75.jpg,86,鸡内金
train/大腹皮/DafupiDafupi74.jpg,12,大腹皮
train/白蔹/BailianBailianBailian41.jpg,49,白蔹
train/白扁豆/BaibiandouBaibiandouBaibiandou117.jpg,44,白扁豆
train/龙眼肉/Longyanrou89.jpg,92,龙眼肉
train/土荆皮/Tujingpi43.jpg,10,土荆皮
train/荔枝核/Lizhihe86.jpg,65,荔枝核
train/山慈菇/Shancigu36.jpg,18,山慈菇
train/桑寄生/SangjishengSangjishengSangjishengSangjisheng_22.jpg,28,桑寄生
train/山奈/Shannai88.jpg,17,山奈
train/金灯笼/Jindenglong11.jpg,81,金灯笼
train/甘草/GancaoGancaoGancaoGancao_82.jpg,41,甘草
train/白芍/BaishaoBaishaoBaishaoIMG_20200724_180244.jpg,46,白芍
train/桑螵蛸/Sangpiaoxiao0.jpg,30,桑螵蛸
train/莲子/Lianzi59.jpg,69,莲子
train/太子参/Taizishen39.jpg,15,太子参
train/浙贝母/ZhebeimuZhebeimuZhebeimuZhebeimu_15.jpg,34,浙贝母
train/银柴胡/Yinchaihu41.jpg,83,银柴胡
train/苍术/CangzhuCangzhuCangzhuIMG_20200720_165919.jpg,60,苍术
train/荆芥穗/Jingjiesui67.jpg,63,荆芥穗
train/蜂房/FengfangFengfang53.jpg,74,蜂房
train/荜拨/BiboBiboBibo94.jpg,66,荜拨
train/白茅根/BaimaogenBaimaogenBaimaogen98.jpg,48,白茅根
train/金灯笼/Jindenglong32.jpg,81,金灯笼
train/白扁豆/BaibiandouBaibiandouBaibiandou97.jpg,44,白扁豆
train/防风/FangfengFangfengFangfengFangfeng_92.jpg,84,防风
train/草豆蔻/CaodoukouCaodoukouCaodoukou26.jpg,64,草豆蔻
train/桑螵蛸/Sangpiaoxiao118.jpg,30,桑螵蛸
train/僵蚕/Jiangcan70.jpg,4,僵蚕
train/川木香/ChuanmuxiangChuanmuxiang59.jpg,20,川木香
train/谷精草/GujingcaoGujingcao79.jpg,75,谷精草
train/谷精草/GujingcaoGujingcao67.jpg,75,谷精草
train/蜂房/FengfangFengfang23.jpg,74,蜂房
train/黄芪/HuangqiHuangqi52.jpg,91,黄芪
train/干姜/GanjiangGanjiang117.jpg,23,干姜
train/浙贝母/ZhebeimuZhebeimuZhebeimuIMG_20200722_171149.jpg,34,浙贝母
train/湖北贝母/Hubeibeimu67.jpg,37,湖北贝母
train/海螵蛸/HaipiaoxiaoHaipiaoxiao31.jpg,35,海螵蛸
train/番泻叶/FanxieyeFanxieye69.jpg,42,番泻叶
train/九香虫/Jiuxiangchong79.jpg,1,九香虫
train/蜂房/FengfangFengfang22.jpg,74,蜂房
train/大腹皮/DafupiDafupi82.jpg,12,大腹皮
train/荜澄茄/BichengqieBichengqieBichengqie90.jpg,67,荜澄茄
train/人参/Renshen12.jpg,3,人参
train/橘核/Juhe1.jpg,32,橘核
train/橘核/Juhe64.jpg,32,橘核
train/龙眼肉/Longyanrou24.jpg,92,龙眼肉
train/五加皮/WujiapiWujiapiWujiapiIMG_20200722_170015.jpg,2,五加皮
train/山奈/Shannai92.jpg,17,山奈
train/白矾/BaifanBaifanBaifan68.jpg,45,白矾
train/干姜/GanjiangGanjiang25.jpg,23,干姜
train/北沙参/BeishashenBeishashenBeishashen90.jpg,7,北沙参
train/莲子心/Lianzixin62.jpg,70,莲子心
train/橘核/Juhe92.jpg,32,橘核
train/甘草/GancaoGancaoGancaoIMG_20200719_172817.jpg,41,甘草
train/谷精草/GujingcaoGujingcao23.jpg,75,谷精草
train/桑椹/Sangshen57.jpg,29,桑椹
train/防风/FangfengFangfengFangfengFangfeng_43.jpg,84,防风
train/谷芽/GuyaGuya33.jpg,76,谷芽
train/鳖甲/BiejiaBiejiaBiejia30.jpg,85,鳖甲
train/藁本/GaobenGaobenGaobenGaoben_38.jpg,73,藁本
train/枸杞子/GouqiziGouqizi21.jpg,25,枸杞子
train/自然铜/Zirantong49.jpg,57,自然铜
train/白扁豆/BaibiandouBaibiandouBaibiandou30.jpg,44,白扁豆
train/莲房/Lianfang31.jpg,71,莲房
train/川牛膝/ChuanniuxiChuanniuxi90.jpg,22,川牛膝
train/木丁香/Mudingxiang119.jpg,24,木丁香
train/莲房/Lianfang52.jpg,71,莲房
train/荆芥穗/Jingjiesui3.jpg,63,荆芥穗
train/郁金/Yujin89.jpg,78,郁金
train/桂枝/GuizhiGuizhiGuizhiGuizhi_42.jpg,27,桂枝
train/僵蚕/Jiangcan16.jpg,4,僵蚕
train/土荆皮/Tujingpi28.jpg,10,土荆皮
train/荜拨/BiboBiboBibo28.jpg,66,荜拨
train/地龙/DilongDilong81.jpg,11,地龙
train/合欢皮/HehuanpiHehuanpi86.jpg,9,合欢皮
train/荔枝核/Lizhihe99.jpg,65,荔枝核
train/黄芪/HuangqiHuangqi50.jpg,91,黄芪
train/全蝎/Quanxie15.jpg,5,全蝎
train/山慈菇/Shancigu4.jpg,18,山慈菇
train/羌活/QianghuoQianghuoQianghuoQianghuo_21.jpg,55,羌活
train/芥子/Jiezi115.jpg,58,芥子
train/甘松/GansongGansong101.jpg,40,甘松
train/白茅根/BaimaogenBaimaogenBaimaogen80.jpg,48,白茅根
train/荜澄茄/BichengqieBichengqieBichengqie23.jpg,67,荜澄茄
train/沉香/ChenxiangChenxiang117.jpg,33,沉香
train/瓦楞子/Walengzi86.jpg,39,瓦楞子
train/川楝子/ChuanlianziChuanlianzi63.jpg,21,川楝子
train/荆芥穗/Jingjiesui37.jpg,63,荆芥穗
train/甘草/GancaoGancaoGancaoGancao_15.jpg,41,甘草
train/淡豆豉/DandouchiDandouchi57.jpg,36,淡豆豉
train/路路通/Lulutong91.jpg,77,路路通
train/瓦楞子/Walengzi66.jpg,39,瓦楞子
train/瓦楞子/Walengzi56.jpg,39,瓦楞子
train/芥子/Jiezi9.jpg,58,芥子
train/银柴胡/Yinchaihu84.jpg,83,银柴胡
train/白扁豆/BaibiandouBaibiandouBaibiandou70.jpg,44,白扁豆
train/白蔹/BailianBailianBailian119.jpg,49,白蔹
train/草豆蔻/CaodoukouCaodoukouCaodoukou42.jpg,64,草豆蔻
train/山茱萸/Shanzhuyu100.jpg,19,山茱萸
train/川楝子/ChuanlianziChuanlianzi38.jpg,21,川楝子
train/金果榄/Jinguolan93.jpg,80,金果榄
train/谷芽/GuyaGuya103.jpg,76,谷芽
train/全蝎/Quanxie118.jpg,5,全蝎
train/白蔹/BailianBailianBailian55.jpg,49,白蔹
train/苦地丁/Kudiding22.jpg,62,苦地丁
train/干姜/GanjiangGanjiang53.jpg,23,干姜
train/瓦楞子/Walengzi9.jpg,39,瓦楞子
train/芦根/Lugen22.jpg,59,芦根
train/淡豆豉/DandouchiDandouchi54.jpg,36,淡豆豉
train/灵芝/Lingzhi13.jpg,38,灵芝
train/北沙参/BeishashenBeishashenBeishashen99.jpg,7,北沙参
train/槟榔/BinglangBinglangBinglangBinglang_67.jpg,31,槟榔
train/桑椹/Sangshen62.jpg,29,桑椹
train/薏苡仁/Yiyiren76.jpg,72,薏苡仁
train/麦冬/Maidong76.jpg,88,麦冬
train/地龙/DilongDilong46.jpg,11,地龙
train/羌活/QianghuoQianghuoQianghuoQianghuo_64.jpg,55,羌活
train/荔枝核/Lizhihe8.jpg,65,荔枝核
train/丝瓜络/Sigualuo62.jpg,0,丝瓜络
train/黄柏/HuangboHuangboHuangboHuangbo_52.jpg,89,黄柏
train/薏苡仁/Yiyiren16.jpg,72,薏苡仁
train/莲子/Lianzi63.jpg,69,莲子
train/甘松/GansongGansong44.jpg,40,甘松
train/龙眼肉/Longyanrou60.jpg,92,龙眼肉
train/大腹皮/DafupiDafupi65.jpg,12,大腹皮
train/山慈菇/Shancigu72.jpg,18,山慈菇
train/冬虫夏草/DongchongxiacaoDongchongxiacao49.jpg,6,冬虫夏草
train/木丁香/Mudingxiang54.jpg,24,木丁香
train/沉香/ChenxiangChenxiang118.jpg,33,沉香
train/金果榄/Jinguolan96.jpg,80,金果榄
train/枸杞子/GouqiziGouqizi51.jpg,25,枸杞子
train/淡豆豉/DandouchiDandouchi53.jpg,36,淡豆豉
train/草豆蔻/CaodoukouCaodoukouCaodoukou33.jpg,64,草豆蔻
train/灵芝/Lingzhi78.jpg,38,灵芝
train/大腹皮/DafupiDafupi26.jpg,12,大腹皮
train/人参/Renshen10.jpg,3,人参
train/桑螵蛸/Sangpiaoxiao12.jpg,30,桑螵蛸
train/大腹皮/DafupiDafupi66.jpg,12,大腹皮
train/荆芥穗/Jingjiesui40.jpg,63,荆芥穗
train/细辛/XixinXixinXixinXixin_31.jpg,54,细辛
train/莲子心/Lianzixin95.jpg,70,莲子心
train/金果榄/Jinguolan26.jpg,80,金果榄
train/五加皮/WujiapiWujiapiWujiapiWujiapi_23.jpg,2,五加皮
train/安息香/AnxixiangAnxixiangAnxixiang118.jpg,16,安息香
train/白茅根/BaimaogenBaimaogenBaimaogen54.jpg,48,白茅根
train/谷芽/GuyaGuya82.jpg,76,谷芽
train/莱菔子/Laifuzi69.jpg,68,莱菔子
train/苍术/CangzhuCangzhuCangzhuCangzhu_13.jpg,60,苍术
train/酸枣仁/SuanzaorenSuanzaorenSuanzaorenSuanzaoren_36.jpg,79,酸枣仁
train/合欢皮/HehuanpiHehuanpi83.jpg,9,合欢皮
train/山奈/Shannai66.jpg,17,山奈
train/防风/FangfengFangfengFangfengFangfeng_56.jpg,84,防风
train/桑椹/Sangshen109.jpg,29,桑椹
train/土荆皮/Tujingpi84.jpg,10,土荆皮
train/海螵蛸/HaipiaoxiaoHaipiaoxiao107.jpg,35,海螵蛸
train/太子参/Taizishen37.jpg,15,太子参
train/丝瓜络/Sigualuo107.jpg,0,丝瓜络
train/苏木/Sumu22.jpg,61,苏木
train/芦根/Lugen3.jpg,59,芦根
train/白蔹/BailianBailianBailian116.jpg,49,白蔹
train/冬虫夏草/DongchongxiacaoDongchongxiacao108.jpg,6,冬虫夏草
train/柏子仁/BaizirenBaizirenBaiziren92.jpg,26,柏子仁
train/湖北贝母/Hubeibeimu70.jpg,37,湖北贝母
train/甘草/GancaoGancaoGancaoGancao_39.jpg,41,甘草
train/土荆皮/Tujingpi6.jpg,10,土荆皮
train/浙贝母/ZhebeimuZhebeimuZhebeimuZhebeimu_49.jpg,34,浙贝母
train/白矾/BaifanBaifanBaifan106.jpg,45,白矾
train/芦根/Lugen2.jpg,59,芦根
train/千年健/Qiannianjian60.jpg,8,千年健
train/酸枣仁/SuanzaorenSuanzaorenSuanzaorenSuanzaoren_29.jpg,79,酸枣仁
train/天花粉/Tianhuafen80.jpg,13,天花粉
train/人参/Renshen55.jpg,3,人参
train/海螵蛸/HaipiaoxiaoHaipiaoxiao102.jpg,35,海螵蛸
train/土荆皮/Tujingpi53.jpg,10,土荆皮
train/湖北贝母/Hubeibeimu106.jpg,37,湖北贝母
train/白茅根/BaimaogenBaimaogenBaimaogen29.jpg,48,白茅根
train/干姜/GanjiangGanjiang86.jpg,23,干姜
train/荆芥穗/Jingjiesui61.jpg,63,荆芥穗
train/山茱萸/Shanzhuyu69.jpg,19,山茱萸
train/银柴胡/Yinchaihu104.jpg,83,银柴胡
train/番泻叶/FanxieyeFanxieye91.jpg,42,番泻叶
train/鳖甲/BiejiaBiejiaBiejia90.jpg,85,鳖甲
train/苦地丁/Kudiding45.jpg,62,苦地丁
train/莲子/Lianzi14.jpg,69,莲子
train/鸡内金/Jineijin81.jpg,86,鸡内金
train/稻芽/DaoyaDaoya71.jpg,52,稻芽
train/枸杞子/GouqiziGouqizi30.jpg,25,枸杞子
train/浙贝母/ZhebeimuZhebeimuZhebeimuZhebeimu_27.jpg,34,浙贝母
train/酸枣仁/SuanzaorenSuanzaorenSuanzaorenIMG_20200722_165613.jpg,79,酸枣仁
train/人参/Renshen43.jpg,3,人参
train/海螵蛸/HaipiaoxiaoHaipiaoxiao43.jpg,35,海螵蛸
train/海螵蛸/HaipiaoxiaoHaipiaoxiao84.jpg,35,海螵蛸
train/丝瓜络/Sigualuo84.jpg,0,丝瓜络
train/麦冬/Maidong73.jpg,88,麦冬
train/鸡冠花/Jiguanhua78.jpg,87,鸡冠花
train/桑螵蛸/Sangpiaoxiao6.jpg,30,桑螵蛸
train/山茱萸/Shanzhuyu92.jpg,19,山茱萸
train/僵蚕/Jiangcan17.jpg,4,僵蚕
train/沉香/ChenxiangChenxiang29.jpg,33,沉香
train/沉香/ChenxiangChenxiang111.jpg,33,沉香
train/鳖甲/BiejiaBiejiaBiejia104.jpg,85,鳖甲
train/白茅根/BaimaogenBaimaogenBaimaogen35.jpg,48,白茅根
train/枸杞子/GouqiziGouqizi97.jpg,25,枸杞子
train/薏苡仁/Yiyiren8.jpg,72,薏苡仁
train/白矾/BaifanBaifanBaifan39.jpg,45,白矾
train/麦冬/Maidong112.jpg,88,麦冬
train/谷芽/GuyaGuya52.jpg,76,谷芽
train/藁本/GaobenGaobenGaobenIMG_20200720_174348_1.jpg,73,藁本
train/天麻/Tianma107.jpg,14,天麻
train/橘核/Juhe79.jpg,32,橘核
train/自然铜/Zirantong59.jpg,57,自然铜
train/桑寄生/SangjishengSangjishengSangjishengSangjisheng_10.jpg,28,桑寄生
train/海螵蛸/HaipiaoxiaoHaipiaoxiao90.jpg,35,海螵蛸
train/湖北贝母/Hubeibeimu94.jpg,37,湖北贝母
train/石榴皮/Shiliupi33.jpg,50,石榴皮
train/合欢皮/HehuanpiHehuanpi24.jpg,9,合欢皮
train/湖北贝母/Hubeibeimu38.jpg,37,湖北贝母
train/甘松/GansongGansong98.jpg,40,甘松
train/鸡内金/Jineijin29.jpg,86,鸡内金
train/橘核/Juhe82.jpg,32,橘核
train/苏木/Sumu51.jpg,61,苏木
train/稻芽/DaoyaDaoya31.jpg,52,稻芽
train/草豆蔻/CaodoukouCaodoukouCaodoukou119.jpg,64,草豆蔻
train/白芍/BaishaoBaishaoBaishaoBaishao_34.jpg,46,白芍
train/五加皮/WujiapiWujiapiWujiapiWujiapi_67.jpg,2,五加皮
train/草豆蔻/CaodoukouCaodoukouCaodoukou35.jpg,64,草豆蔻
train/金果榄/Jinguolan28.jpg,80,金果榄
train/谷精草/GujingcaoGujingcao60.jpg,75,谷精草
train/芦根/Lugen90.jpg,59,芦根
train/荜澄茄/BichengqieBichengqieBichengqie21.jpg,67,荜澄茄
train/秦皮/Qinpi71.jpg,51,秦皮
train/北沙参/BeishashenBeishashenBeishashen72.jpg,7,北沙参
train/甘草/GancaoGancaoGancaoGancao_81.jpg,41,甘草
train/荜澄茄/BichengqieBichengqieBichengqie34.jpg,67,荜澄茄
train/黄芪/HuangqiHuangqi54.jpg,91,黄芪
train/稻芽/DaoyaDaoya77.jpg,52,稻芽
train/番泻叶/FanxieyeFanxieye102.jpg,42,番泻叶
train/谷芽/GuyaGuya57.jpg,76,谷芽
train/冬虫夏草/DongchongxiacaoDongchongxiacao63.jpg,6,冬虫夏草
train/合欢皮/HehuanpiHehuanpi55.jpg,9,合欢皮
train/丝瓜络/Sigualuo24.jpg,0,丝瓜络
train/金钱白花蛇/Jinqianbaihuashe23.jpg,82,金钱白花蛇
train/荆芥穗/Jingjiesui69.jpg,63,荆芥穗
train/木丁香/Mudingxiang98.jpg,24,木丁香
train/肉豆蔻/Roudoukou35.jpg,56,肉豆蔻
train/莱菔子/Laifuzi77.jpg,68,莱菔子
train/鸡内金/Jineijin119.jpg,86,鸡内金
train/路路通/Lulutong37.jpg,77,路路通
train/川楝子/ChuanlianziChuanlianzi113.jpg,21,川楝子
train/五加皮/WujiapiWujiapiWujiapiIMG_20200722_170018.jpg,2,五加皮
train/川楝子/ChuanlianziChuanlianzi29.jpg,21,川楝子
train/桑寄生/SangjishengSangjishengSangjishengIMG_20200724_180442.jpg,28,桑寄生
train/白扁豆/BaibiandouBaibiandouBaibiandou56.jpg,44,白扁豆
train/鸡内金/Jineijin82.jpg,86,鸡内金
train/枸杞子/GouqiziGouqizi58.jpg,25,枸杞子
train/自然铜/Zirantong4.jpg,57,自然铜
train/冬虫夏草/DongchongxiacaoDongchongxiacao77.jpg,6,冬虫夏草
train/黄芪/HuangqiHuangqi31.jpg,91,黄芪
train/防风/FangfengFangfengFangfengIMG_20200720_174556.jpg,84,防风
train/白茅根/BaimaogenBaimaogenBaimaogen68.jpg,48,白茅根
train/白蔹/BailianBailianBailian68.jpg,49,白蔹
train/稻芽/DaoyaDaoya58.jpg,52,稻芽
train/金钱白花蛇/Jinqianbaihuashe40.jpg,82,金钱白花蛇
train/甘松/GansongGansong88.jpg,40,甘松
train/龙眼肉/Longyanrou43.jpg,92,龙眼肉
train/湖北贝母/Hubeibeimu89.jpg,37,湖北贝母
train/莲房/Lianfang11.jpg,71,莲房
train/橘核/Juhe31.jpg,32,橘核
train/山奈/Shannai70.jpg,17,山奈
train/白前/BaiqianBaiqianBaiqian30.jpg,43,白前
train/莲子/Lianzi62.jpg,69,莲子
train/羌活/QianghuoQianghuoQianghuoQianghuo_32.jpg,55,羌活
train/鸡冠花/Jiguanhua113.jpg,87,鸡冠花
train/薏苡仁/Yiyiren12.jpg,72,薏苡仁
train/草豆蔻/CaodoukouCaodoukouCaodoukou44.jpg,64,草豆蔻
train/石榴皮/Shiliupi37.jpg,50,石榴皮
train/鸡冠花/Jiguanhua7.jpg,87,鸡冠花
train/草豆蔻/CaodoukouCaodoukouCaodoukou71.jpg,64,草豆蔻
train/白茅根/BaimaogenBaimaogenBaimaogen53.jpg,48,白茅根
train/淡豆豉/DandouchiDandouchi64.jpg,36,淡豆豉
train/莱菔子/Laifuzi57.jpg,68,莱菔子
train/川木香/ChuanmuxiangChuanmuxiang89.jpg,20,川木香
train/苏木/Sumu38.jpg,61,苏木
train/枸杞子/GouqiziGouqizi67.jpg,25,枸杞子
train/细辛/XixinXixinXixinXixin_63.jpg,54,细辛
train/黄柏/HuangboHuangboHuangboHuangbo_76.jpg,89,黄柏
train/淡豆豉/DandouchiDandouchi84.jpg,36,淡豆豉
train/甘草/GancaoGancaoGancaoIMG_20200719_172721.jpg,41,甘草
train/甘松/GansongGansong77.jpg,40,甘松
train/人参/Renshen78.jpg,3,人参
train/太子参/Taizishen72.jpg,15,太子参
train/肉豆蔻/Roudoukou60.jpg,56,肉豆蔻
train/鳖甲/BiejiaBiejiaBiejia58.jpg,85,鳖甲
train/路路通/Lulutong1.jpg,77,路路通
train/沉香/ChenxiangChenxiang79.jpg,33,沉香
train/黄柏/HuangboHuangboHuangboIMG_20200724_175607.jpg,89,黄柏
train/芦根/Lugen63.jpg,59,芦根
train/甘松/GansongGansong81.jpg,40,甘松
train/秦皮/Qinpi38.jpg,51,秦皮
train/苍术/CangzhuCangzhuCangzhuCangzhu_25.jpg,60,苍术
train/麦冬/Maidong77.jpg,88,麦冬
train/黄芩/HuangqinHuangqinHuangqinHuangqin_23.jpg,90,黄芩
train/黄芩/HuangqinHuangqinHuangqinHuangqin_65.jpg,90,黄芩
train/土荆皮/Tujingpi50.jpg,10,土荆皮
train/安息香/AnxixiangAnxixiangAnxixiang56.jpg,16,安息香
train/川楝子/ChuanlianziChuanlianzi27.jpg,21,川楝子
train/藁本/GaobenGaobenGaobenGaoben_53.jpg,73,藁本
train/甘草/GancaoGancaoGancaoGancao_20.jpg,41,甘草
train/湖北贝母/Hubeibeimu91.jpg,37,湖北贝母
train/细辛/XixinXixinXixinXixin_39.jpg,54,细辛
train/竹茹/Zhuru12.jpg,53,竹茹
train/天麻/Tianma89.jpg,14,天麻
train/酸枣仁/SuanzaorenSuanzaorenSuanzaorenSuanzaoren_66.jpg,79,酸枣仁
train/天花粉/Tianhuafen18.jpg,13,天花粉
train/川楝子/ChuanlianziChuanlianzi26.jpg,21,川楝子
train/安息香/AnxixiangAnxixiangAnxixiang43.jpg,16,安息香
train/细辛/XixinXixinXixinIMG_20200720_170914.jpg,54,细辛
train/桂枝/GuizhiGuizhiGuizhiGuizhi_96.jpg,27,桂枝
train/甘草/GancaoGancaoGancaoGancao_65.jpg,41,甘草
train/酸枣仁/SuanzaorenSuanzaorenSuanzaorenSuanzaoren_43.jpg,79,酸枣仁
train/桑寄生/SangjishengSangjishengSangjishengSangjisheng_53.jpg,28,桑寄生
train/莲子/Lianzi4.jpg,69,莲子
train/川牛膝/ChuanniuxiChuanniuxi91.jpg,22,川牛膝
train/郁金/Yujin93.jpg,78,郁金
train/草豆蔻/CaodoukouCaodoukouCaodoukou103.jpg,64,草豆蔻
train/人参/Renshen26.jpg,3,人参
train/天麻/Tianma52.jpg,14,天麻
train/沉香/ChenxiangChenxiang36.jpg,33,沉香
train/白蔹/BailianBailianBailian22.jpg,49,白蔹
train/路路通/Lulutong41.jpg,77,路路通
train/白芍/BaishaoBaishaoBaishaoBaishao_10.jpg,46,白芍
train/白芍/BaishaoBaishaoBaishaoBaishao_44.jpg,46,白芍
train/金果榄/Jinguolan35.jpg,80,金果榄
train/苍术/CangzhuCangzhuCangzhuCangzhu_20.jpg,60,苍术
train/黄芩/HuangqinHuangqinHuangqinHuangqin_48.jpg,90,黄芩
train/桑寄生/SangjishengSangjishengSangjishengIMG_20200724_180440.jpg,28,桑寄生
train/黄柏/HuangboHuangboHuangboHuangbo_50.jpg,89,黄柏
train/白前/BaiqianBaiqianBaiqian59.jpg,43,白前
train/防风/FangfengFangfengFangfengFangfeng_28.jpg,84,防风
train/合欢皮/HehuanpiHehuanpi27.jpg,9,合欢皮
train/黄芩/HuangqinHuangqinHuangqinHuangqin_64.jpg,90,黄芩
train/土荆皮/Tujingpi2.jpg,10,土荆皮
train/人参/Renshen18.jpg,3,人参
train/木丁香/Mudingxiang48.jpg,24,木丁香
train/藁本/GaobenGaobenGaobenGaoben_69.jpg,73,藁本
train/白茅根/BaimaogenBaimaogenBaimaogen23.jpg,48,白茅根
train/蜂房/FengfangFengfang85.jpg,74,蜂房
train/白扁豆/BaibiandouBaibiandouBaibiandou64.jpg,44,白扁豆
train/全蝎/Quanxie112.jpg,5,全蝎
train/秦皮/Qinpi57.jpg,51,秦皮
train/莲子心/Lianzixin6.jpg,70,莲子心
train/羌活/QianghuoQianghuoQianghuoIMG_20200719_173014_2.jpg,55,羌活
train/山茱萸/Shanzhuyu70.jpg,19,山茱萸
train/龙眼肉/Longyanrou42.jpg,92,龙眼肉
train/金果榄/Jinguolan94.jpg,80,金果榄
train/芥子/Jiezi65.jpg,58,芥子
train/酸枣仁/SuanzaorenSuanzaorenSuanzaorenSuanzaoren_34.jpg,79,酸枣仁
train/川牛膝/ChuanniuxiChuanniuxi80.jpg,22,川牛膝
train/桑螵蛸/Sangpiaoxiao98.jpg,30,桑螵蛸
train/肉豆蔻/Roudoukou10.jpg,56,肉豆蔻
train/荔枝核/Lizhihe51.jpg,65,荔枝核
train/川木香/ChuanmuxiangChuanmuxiang109.jpg,20,川木香
train/金果榄/Jinguolan81.jpg,80,金果榄
train/白前/BaiqianBaiqianBaiqian82.jpg,43,白前
train/淡豆豉/DandouchiDandouchi35.jpg,36,淡豆豉
train/苍术/CangzhuCangzhuCangzhuIMG_20200720_165906.jpg,60,苍术
train/安息香/AnxixiangAnxixiangAnxixiang48.jpg,16,安息香
train/黄芩/HuangqinHuangqinHuangqinHuangqin_37.jpg,90,黄芩
train/白前/BaiqianBaiqianBaiqian60.jpg,43,白前
train/芥子/Jiezi103.jpg,58,芥子
train/秦皮/Qinpi110.jpg,51,秦皮
train/瓦楞子/Walengzi14.jpg,39,瓦楞子
train/荆芥穗/Jingjiesui25.jpg,63,荆芥穗
train/全蝎/Quanxie19.jpg,5,全蝎
train/藁本/GaobenGaobenGaobenGaoben_56.jpg,73,藁本
train/鸡内金/Jineijin51.jpg,86,鸡内金
train/番泻叶/FanxieyeFanxieye85.jpg,42,番泻叶
train/灵芝/Lingzhi95.jpg,38,灵芝
train/山奈/Shannai73.jpg,17,山奈
train/桑螵蛸/Sangpiaoxiao85.jpg,30,桑螵蛸
train/天花粉/Tianhuafen44.jpg,13,天花粉
train/白扁豆/BaibiandouBaibiandouBaibiandou29.jpg,44,白扁豆
train/全蝎/Quanxie20.jpg,5,全蝎
train/僵蚕/Jiangcan85.jpg,4,僵蚕
train/郁金/Yujin42.jpg,78,郁金
train/五加皮/WujiapiWujiapiWujiapiWujiapi_70.jpg,2,五加皮
train/鳖甲/BiejiaBiejiaBiejia99.jpg,85,鳖甲
train/莲子心/Lianzixin17.jpg,70,莲子心
train/九香虫/Jiuxiangchong24.jpg,1,九香虫
train/防风/FangfengFangfengFangfengFangfeng_8.jpg,84,防风
train/莱菔子/Laifuzi60.jpg,68,莱菔子
train/荔枝核/Lizhihe27.jpg,65,荔枝核
train/太子参/Taizishen92.jpg,15,太子参
train/安息香/AnxixiangAnxixiangAnxixiang38.jpg,16,安息香
train/桂枝/GuizhiGuizhiGuizhiIMG_20200719_174735.jpg,27,桂枝
train/浙贝母/ZhebeimuZhebeimuZhebeimuIMG_20200722_171147.jpg,34,浙贝母
train/郁金/Yujin90.jpg,78,郁金
train/黄芪/HuangqiHuangqi107.jpg,91,黄芪
train/蜂房/FengfangFengfang34.jpg,74,蜂房
train/谷精草/GujingcaoGujingcao85.jpg,75,谷精草
train/人参/Renshen116.jpg,3,人参
train/荜拨/BiboBiboBibo62.jpg,66,荜拨
train/谷芽/GuyaGuya107.jpg,76,谷芽
train/柏子仁/BaizirenBaizirenBaiziren39.jpg,26,柏子仁
train/槟榔/BinglangBinglangBinglangBinglang_68.jpg,31,槟榔
train/土荆皮/Tujingpi3.jpg,10,土荆皮
train/芦根/Lugen103.jpg,59,芦根
train/太子参/Taizishen86.jpg,15,太子参
train/干姜/GanjiangGanjiang54.jpg,23,干姜
train/郁金/Yujin80.jpg,78,郁金
train/山奈/Shannai47.jpg,17,山奈
train/苏木/Sumu8.jpg,61,苏木
train/苍术/CangzhuCangzhuCangzhuCangzhu_53.jpg,60,苍术
train/干姜/GanjiangGanjiang104.jpg,23,干姜
train/金灯笼/Jindenglong54.jpg,81,金灯笼
train/荔枝核/Lizhihe23.jpg,65,荔枝核
train/橘核/Juhe44.jpg,32,橘核
train/海螵蛸/HaipiaoxiaoHaipiaoxiao21.jpg,35,海螵蛸
train/木丁香/Mudingxiang113.jpg,24,木丁香
train/川楝子/ChuanlianziChuanlianzi87.jpg,21,川楝子
train/黄芪/HuangqiHuangqi36.jpg,91,黄芪
train/枸杞子/GouqiziGouqizi60.jpg,25,枸杞子
train/芦根/Lugen48.jpg,59,芦根
train/槟榔/BinglangBinglangBinglangIMG_20200719_180520.jpg,31,槟榔
train/鸡冠花/Jiguanhua105.jpg,87,鸡冠花
train/橘核/Juhe37.jpg,32,橘核
train/天花粉/Tianhuafen30.jpg,13,天花粉
train/郁金/Yujin78.jpg,78,郁金
train/白芷/BaizhiBaizhiBaizhiBaizhi_20.jpg,47,白芷
train/槟榔/BinglangBinglangBinglangBinglang_21.jpg,31,槟榔
train/川木香/ChuanmuxiangChuanmuxiang56.jpg,20,川木香
train/干姜/GanjiangGanjiang23.jpg,23,干姜
train/桑椹/Sangshen41.jpg,29,桑椹
train/千年健/Qiannianjian58.jpg,8,千年健
train/苦地丁/Kudiding75.jpg,62,苦地丁
train/酸枣仁/SuanzaorenSuanzaorenSuanzaorenSuanzaoren_10.jpg,79,酸枣仁
train/肉豆蔻/Roudoukou2.jpg,56,肉豆蔻
train/桑椹/Sangshen53.jpg,29,桑椹
train/白茅根/BaimaogenBaimaogenBaimaogen56.jpg,48,白茅根
train/鸡冠花/Jiguanhua52.jpg,87,鸡冠花
train/银柴胡/Yinchaihu34.jpg,83,银柴胡
train/木丁香/Mudingxiang58.jpg,24,木丁香
train/苏木/Sumu45.jpg,61,苏木
train/桂枝/GuizhiGuizhiGuizhiGuizhi_45.jpg,27,桂枝
train/丝瓜络/Sigualuo68.jpg,0,丝瓜络
train/竹茹/Zhuru10.jpg,53,竹茹
train/藁本/GaobenGaobenGaobenIMG_20200720_174337.jpg,73,藁本
train/桂枝/GuizhiGuizhiGuizhiGuizhi_74.jpg,27,桂枝
train/浙贝母/ZhebeimuZhebeimuZhebeimuZhebeimu_19.jpg,34,浙贝母
train/灵芝/Lingzhi5.jpg,38,灵芝
train/川楝子/ChuanlianziChuanlianzi21.jpg,21,川楝子
train/湖北贝母/Hubeibeimu52.jpg,37,湖北贝母
train/龙眼肉/Longyanrou88.jpg,92,龙眼肉
train/桑寄生/SangjishengSangjishengSangjishengSangjisheng_27.jpg,28,桑寄生
train/莱菔子/Laifuzi36.jpg,68,莱菔子
train/草豆蔻/CaodoukouCaodoukouCaodoukou112.jpg,64,草豆蔻
train/防风/FangfengFangfengFangfengFangfeng_41.jpg,84,防风
train/黄芪/HuangqiHuangqi55.jpg,91,黄芪
train/桑椹/Sangshen30.jpg,29,桑椹
train/山茱萸/Shanzhuyu50.jpg,19,山茱萸
train/桑椹/Sangshen61.jpg,29,桑椹
train/合欢皮/HehuanpiHehuanpi35.jpg,9,合欢皮
train/蜂房/FengfangFengfang109.jpg,74,蜂房
train/山慈菇/Shancigu83.jpg,18,山慈菇
train/羌活/QianghuoQianghuoQianghuoIMG_20200719_173026.jpg,55,羌活
train/桂枝/GuizhiGuizhiGuizhiGuizhi_47.jpg,27,桂枝
train/山茱萸/Shanzhuyu46.jpg,19,山茱萸
train/竹茹/Zhuru80.jpg,53,竹茹
train/天花粉/Tianhuafen88.jpg,13,天花粉
train/北沙参/BeishashenBeishashenBeishashen50.jpg,7,北沙参
train/竹茹/Zhuru20.jpg,53,竹茹
train/苍术/CangzhuCangzhuCangzhuCangzhu_22.jpg,60,苍术
train/川牛膝/ChuanniuxiChuanniuxi52.jpg,22,川牛膝
train/细辛/XixinXixinXixinXixin_37.jpg,54,细辛
train/山慈菇/Shancigu57.jpg,18,山慈菇
train/苏木/Sumu69.jpg,61,苏木
train/淡豆豉/DandouchiDandouchi72.jpg,36,淡豆豉
train/柏子仁/BaizirenBaizirenBaiziren38.jpg,26,柏子仁
train/荜拨/BiboBiboBibo69.jpg,66,荜拨
train/荆芥穗/Jingjiesui87.jpg,63,荆芥穗
train/谷精草/GujingcaoGujingcao72.jpg,75,谷精草
train/薏苡仁/Yiyiren95.jpg,72,薏苡仁
train/山奈/Shannai94.jpg,17,山奈
train/路路通/Lulutong108.jpg,77,路路通
train/荔枝核/Lizhihe113.jpg,65,荔枝核
train/安息香/AnxixiangAnxixiangAnxixiang25.jpg,16,安息香
train/沉香/ChenxiangChenxiang98.jpg,33,沉香
train/川牛膝/ChuanniuxiChuanniuxi68.jpg,22,川牛膝
train/谷精草/GujingcaoGujingcao114.jpg,75,谷精草
train/银柴胡/Yinchaihu46.jpg,83,银柴胡
train/千年健/Qiannianjian89.jpg,8,千年健
train/白前/BaiqianBaiqianBaiqian91.jpg,43,白前
train/薏苡仁/Yiyiren45.jpg,72,薏苡仁
train/苦地丁/Kudiding119.jpg,62,苦地丁
train/莲房/Lianfang38.jpg,71,莲房
train/苍术/CangzhuCangzhuCangzhuIMG_20200720_165921.jpg,60,苍术
train/稻芽/DaoyaDaoya42.jpg,52,稻芽
train/甘松/GansongGansong43.jpg,40,甘松
train/酸枣仁/SuanzaorenSuanzaorenSuanzaorenSuanzaoren_55.jpg,79,酸枣仁
train/黄柏/HuangboHuangboHuangboHuangbo_57.jpg,89,黄柏
train/草豆蔻/CaodoukouCaodoukouCaodoukou88.jpg,64,草豆蔻
train/路路通/Lulutong92.jpg,77,路路通
train/桑椹/Sangshen40.jpg,29,桑椹
train/银柴胡/Yinchaihu81.jpg,83,银柴胡
train/郁金/Yujin59.jpg,78,郁金
train/防风/FangfengFangfengFangfengIMG_20200720_174546.jpg,84,防风
train/白矾/BaifanBaifanBaifan40.jpg,45,白矾
train/合欢皮/HehuanpiHehuanpi70.jpg,9,合欢皮
train/苍术/CangzhuCangzhuCangzhuIMG_20200720_165843.jpg,60,苍术
train/白芍/BaishaoBaishaoBaishaoIMG_20200724_180246.jpg,46,白芍
train/莱菔子/Laifuzi99.jpg,68,莱菔子
train/莲子/Lianzi6.jpg,69,莲子
train/天花粉/Tianhuafen94.jpg,13,天花粉
train/鳖甲/BiejiaBiejiaBiejia42.jpg,85,鳖甲
train/白蔹/BailianBailianBailian30.jpg,49,白蔹
train/番泻叶/FanxieyeFanxieye112.jpg,42,番泻叶
train/莲子/Lianzi64.jpg,69,莲子
train/沉香/ChenxiangChenxiang95.jpg,33,沉香
train/浙贝母/ZhebeimuZhebeimuZhebeimuZhebeimu_47.jpg,34,浙贝母
train/山慈菇/Shancigu12.jpg,18,山慈菇
train/白芍/BaishaoBaishaoBaishaoBaishao_72.jpg,46,白芍
train/山奈/Shannai58.jpg,17,山奈
train/湖北贝母/Hubeibeimu10.jpg,37,湖北贝母
train/丝瓜络/Sigualuo56.jpg,0,丝瓜络
train/莲房/Lianfang68.jpg,71,莲房
train/苦地丁/Kudiding34.jpg,62,苦地丁
train/荜澄茄/BichengqieBichengqieBichengqie86.jpg,67,荜澄茄
train/白蔹/BailianBailianBailian96.jpg,49,白蔹
train/全蝎/Quanxie68.jpg,5,全蝎
train/橘核/Juhe74.jpg,32,橘核
train/瓦楞子/Walengzi47.jpg,39,瓦楞子
train/莲房/Lianfang0.jpg,71,莲房
train/太子参/Taizishen116.jpg,15,太子参
train/人参/Renshen72.jpg,3,人参
train/人参/Renshen38.jpg,3,人参
train/鸡冠花/Jiguanhua88.jpg,87,鸡冠花
train/地龙/DilongDilong88.jpg,11,地龙
train/合欢皮/HehuanpiHehuanpi71.jpg,9,合欢皮
train/谷芽/GuyaGuya95.jpg,76,谷芽
train/桑螵蛸/Sangpiaoxiao65.jpg,30,桑螵蛸
train/甘草/GancaoGancaoGancaoIMG_20200719_172801.jpg,41,甘草
train/淡豆豉/DandouchiDandouchi59.jpg,36,淡豆豉
train/天麻/Tianma39.jpg,14,天麻
train/甘草/GancaoGancaoGancaoGancao_63.jpg,41,甘草
train/鸡冠花/Jiguanhua13.jpg,87,鸡冠花
train/川楝子/ChuanlianziChuanlianzi46.jpg,21,川楝子
train/甘松/GansongGansong118.jpg,40,甘松
train/灵芝/Lingzhi35.jpg,38,灵芝
train/自然铜/Zirantong20.jpg,57,自然铜
train/太子参/Taizishen67.jpg,15,太子参
train/海螵蛸/HaipiaoxiaoHaipiaoxiao53.jpg,35,海螵蛸
train/荆芥穗/Jingjiesui11.jpg,63,荆芥穗
train/天麻/Tianma13.jpg,14,天麻
train/天麻/Tianma35.jpg,14,天麻
train/合欢皮/HehuanpiHehuanpi88.jpg,9,合欢皮
train/九香虫/Jiuxiangchong100.jpg,1,九香虫
train/瓦楞子/Walengzi81.jpg,39,瓦楞子
train/莲子心/Lianzixin40.jpg,70,莲子心
train/藁本/GaobenGaobenGaobenIMG_20200720_174338.jpg,73,藁本
train/荆芥穗/Jingjiesui92.jpg,63,荆芥穗
train/天麻/Tianma4.jpg,14,天麻
train/山奈/Shannai54.jpg,17,山奈
train/蜂房/FengfangFengfang67.jpg,74,蜂房
train/秦皮/Qinpi95.jpg,51,秦皮
train/川楝子/ChuanlianziChuanlianzi90.jpg,21,川楝子
train/瓦楞子/Walengzi59.jpg,39,瓦楞子
train/地龙/DilongDilong90.jpg,11,地龙
train/合欢皮/HehuanpiHehuanpi73.jpg,9,合欢皮
train/白矾/BaifanBaifanBaifan24.jpg,45,白矾
train/酸枣仁/SuanzaorenSuanzaorenSuanzaorenIMG_20200722_165619_1.jpg,79,酸枣仁
train/鸡冠花/Jiguanhua112.jpg,87,鸡冠花
train/竹茹/Zhuru68.jpg,53,竹茹
train/自然铜/Zirantong16.jpg,57,自然铜
train/合欢皮/HehuanpiHehuanpi51.jpg,9,合欢皮
train/枸杞子/GouqiziGouqizi37.jpg,25,枸杞子
train/麦冬/Maidong113.jpg,88,麦冬
train/木丁香/Mudingxiang33.jpg,24,木丁香
train/山茱萸/Shanzhuyu56.jpg,19,山茱萸
train/太子参/Taizishen20.jpg,15,太子参
train/芥子/Jiezi74.jpg,58,芥子
train/石榴皮/Shiliupi63.jpg,50,石榴皮
train/五加皮/WujiapiWujiapiWujiapiWujiapi_16.jpg,2,五加皮
train/莲房/Lianfang91.jpg,71,莲房
train/人参/Renshen3.jpg,3,人参
train/地龙/DilongDilong72.jpg,11,地龙
train/桂枝/GuizhiGuizhiGuizhiIMG_20200719_174712.jpg,27,桂枝
train/浙贝母/ZhebeimuZhebeimuZhebeimuIMG_20200722_171203.jpg,34,浙贝母
train/稻芽/DaoyaDaoya53.jpg,52,稻芽
train/谷精草/GujingcaoGujingcao24.jpg,75,谷精草
train/金钱白花蛇/Jinqianbaihuashe55.jpg,82,金钱白花蛇
train/川木香/ChuanmuxiangChuanmuxiang62.jpg,20,川木香
train/大腹皮/DafupiDafupi117.jpg,12,大腹皮
train/土荆皮/Tujingpi70.jpg,10,土荆皮
train/麦冬/Maidong45.jpg,88,麦冬
train/白茅根/BaimaogenBaimaogenBaimaogen89.jpg,48,白茅根
train/湖北贝母/Hubeibeimu53.jpg,37,湖北贝母
train/芥子/Jiezi49.jpg,58,芥子
train/天麻/Tianma55.jpg,14,天麻
train/荜澄茄/BichengqieBichengqieBichengqie70.jpg,67,荜澄茄
train/莲子心/Lianzixin24.jpg,70,莲子心
train/甘草/GancaoGancaoGancaoGancao_48.jpg,41,甘草
train/荜澄茄/BichengqieBichengqieBichengqie119.jpg,67,荜澄茄
train/黄芪/HuangqiHuangqi47.jpg,91,黄芪
train/千年健/Qiannianjian5.jpg,8,千年健
train/麦冬/Maidong44.jpg,88,麦冬
train/秦皮/Qinpi43.jpg,51,秦皮
train/枸杞子/GouqiziGouqizi43.jpg,25,枸杞子
train/苏木/Sumu87.jpg,61,苏木
train/稻芽/DaoyaDaoya90.jpg,52,稻芽
train/荔枝核/Lizhihe47.jpg,65,荔枝核
train/莲子心/Lianzixin74.jpg,70,莲子心
train/金果榄/Jinguolan46.jpg,80,金果榄
train/苍术/CangzhuCangzhuCangzhuCangzhu_34.jpg,60,苍术
train/人参/Renshen19.jpg,3,人参
train/川木香/ChuanmuxiangChuanmuxiang90.jpg,20,川木香
train/鸡冠花/Jiguanhua83.jpg,87,鸡冠花
train/龙眼肉/Longyanrou59.jpg,92,龙眼肉
train/地龙/DilongDilong59.jpg,11,地龙
train/海螵蛸/HaipiaoxiaoHaipiaoxiao37.jpg,35,海螵蛸
train/天麻/Tianma82.jpg,14,天麻
train/淡豆豉/DandouchiDandouchi31.jpg,36,淡豆豉
train/白扁豆/BaibiandouBaibiandouBaibiandou55.jpg,44,白扁豆
train/薏苡仁/Yiyiren26.jpg,72,薏苡仁
train/冬虫夏草/DongchongxiacaoDongchongxiacao48.jpg,6,冬虫夏草
train/芦根/Lugen50.jpg,59,芦根
train/荜澄茄/BichengqieBichengqieBichengqie45.jpg,67,荜澄茄
train/桂枝/GuizhiGuizhiGuizhiIMG_20200719_174807.jpg,27,桂枝
train/石榴皮/Shiliupi86.jpg,50,石榴皮
train/川楝子/ChuanlianziChuanlianzi59.jpg,21,川楝子
train/浙贝母/ZhebeimuZhebeimuZhebeimuZhebeimu_110.jpg,34,浙贝母
train/湖北贝母/Hubeibeimu80.jpg,37,湖北贝母
train/山茱萸/Shanzhuyu37.jpg,19,山茱萸
train/龙眼肉/Longyanrou27.jpg,92,龙眼肉
train/莲子心/Lianzixin9.jpg,70,莲子心
train/荆芥穗/Jingjiesui56.jpg,63,荆芥穗
train/白蔹/BailianBailianBailian32.jpg,49,白蔹
train/白前/BaiqianBaiqianBaiqian22.jpg,43,白前
train/山茱萸/Shanzhuyu21.jpg,19,山茱萸
train/川木香/ChuanmuxiangChuanmuxiang78.jpg,20,川木香
train/白矾/BaifanBaifanBaifan74.jpg,45,白矾
train/柏子仁/BaizirenBaizirenBaiziren47.jpg,26,柏子仁
train/川楝子/ChuanlianziChuanlianzi88.jpg,21,川楝子
train/稻芽/DaoyaDaoya85.jpg,52,稻芽
train/天麻/Tianma12.jpg,14,天麻
train/番泻叶/FanxieyeFanxieye49.jpg,42,番泻叶
train/川牛膝/ChuanniuxiChuanniuxi87.jpg,22,川牛膝
train/自然铜/Zirantong18.jpg,57,自然铜
train/自然铜/Zirantong65.jpg,57,自然铜
train/白蔹/BailianBailianBailian48.jpg,49,白蔹
train/自然铜/Zirantong108.jpg,57,自然铜
train/芥子/Jiezi60.jpg,58,芥子
train/金果榄/Jinguolan10.jpg,80,金果榄
train/藁本/GaobenGaobenGaobenGaoben_72.jpg,73,藁本
train/橘核/Juhe67.jpg,32,橘核
train/稻芽/DaoyaDaoya30.jpg,52,稻芽
train/白蔹/BailianBailianBailian104.jpg,49,白蔹
train/淡豆豉/DandouchiDandouchi83.jpg,36,淡豆豉
train/木丁香/Mudingxiang24.jpg,24,木丁香
train/地龙/DilongDilong85.jpg,11,地龙
train/黄芩/HuangqinHuangqinHuangqinIMG_20200724_175133.jpg,90,黄芩
train/人参/Renshen2.jpg,3,人参
train/枸杞子/GouqiziGouqizi99.jpg,25,枸杞子
train/北沙参/BeishashenBeishashenBeishashen46.jpg,7,北沙参
train/桑螵蛸/Sangpiaoxiao38.jpg,30,桑螵蛸
train/淡豆豉/DandouchiDandouchi33.jpg,36,淡豆豉
train/白茅根/BaimaogenBaimaogenBaimaogen116.jpg,48,白茅根
train/黄芩/HuangqinHuangqinHuangqinIMG_20200724_175134.jpg,90,黄芩
train/枸杞子/GouqiziGouqizi22.jpg,25,枸杞子
train/桑螵蛸/Sangpiaoxiao25.jpg,30,桑螵蛸
train/稻芽/DaoyaDaoya105.jpg,52,稻芽
train/蜂房/FengfangFengfang103.jpg,74,蜂房
train/鸡内金/Jineijin5.jpg,86,鸡内金
train/川木香/ChuanmuxiangChuanmuxiang32.jpg,20,川木香
train/莲子心/Lianzixin101.jpg,70,莲子心
train/莱菔子/Laifuzi78.jpg,68,莱菔子
train/荜澄茄/BichengqieBichengqieBichengqie82.jpg,67,荜澄茄
train/甘草/GancaoGancaoGancaoIMG_20200719_172715.jpg,41,甘草
train/沉香/ChenxiangChenxiang103.jpg,33,沉香
train/黄柏/HuangboHuangboHuangboHuangbo_22.jpg,89,黄柏
train/橘核/Juhe38.jpg,32,橘核
train/山奈/Shannai36.jpg,17,山奈
train/蜂房/FengfangFengfang48.jpg,74,蜂房
train/鳖甲/BiejiaBiejiaBiejia86.jpg,85,鳖甲
train/苍术/CangzhuCangzhuCangzhuCangzhu_45.jpg,60,苍术
train/湖北贝母/Hubeibeimu18.jpg,37,湖北贝母
train/地龙/DilongDilong74.jpg,11,地龙
train/安息香/AnxixiangAnxixiangAnxixiang37.jpg,16,安息香
train/金钱白花蛇/Jinqianbaihuashe85.jpg,82,金钱白花蛇
train/羌活/QianghuoQianghuoQianghuoQianghuo_50.jpg,55,羌活
train/龙眼肉/Longyanrou14.jpg,92,龙眼肉
train/木丁香/Mudingxiang103.jpg,24,木丁香
train/橘核/Juhe77.jpg,32,橘核
train/荔枝核/Lizhihe32.jpg,65,荔枝核
train/大腹皮/DafupiDafupi28.jpg,12,大腹皮
train/白芷/BaizhiBaizhiBaizhiBaizhi_21.jpg,47,白芷
train/山慈菇/Shancigu60.jpg,18,山慈菇
train/山慈菇/Shancigu71.jpg,18,山慈菇
train/竹茹/Zhuru27.jpg,53,竹茹
train/金灯笼/Jindenglong92.jpg,81,金灯笼
train/白扁豆/BaibiandouBaibiandouBaibiandou39.jpg,44,白扁豆
train/金钱白花蛇/Jinqianbaihuashe56.jpg,82,金钱白花蛇
train/白茅根/BaimaogenBaimaogenBaimaogen46.jpg,48,白茅根
train/金钱白花蛇/Jinqianbaihuashe72.jpg,82,金钱白花蛇
train/山茱萸/Shanzhuyu20.jpg,19,山茱萸
train/桑寄生/SangjishengSangjishengSangjishengSangjisheng_52.jpg,28,桑寄生
train/路路通/Lulutong94.jpg,77,路路通
train/冬虫夏草/DongchongxiacaoDongchongxiacao29.jpg,6,冬虫夏草
train/木丁香/Mudingxiang78.jpg,24,木丁香
train/九香虫/Jiuxiangchong104.jpg,1,九香虫
train/黄柏/HuangboHuangboHuangboHuangbo_11.jpg,89,黄柏
train/白蔹/BailianBailianBailian102.jpg,49,白蔹
train/灵芝/Lingzhi44.jpg,38,灵芝
train/土荆皮/Tujingpi38.jpg,10,土荆皮
train/僵蚕/Jiangcan78.jpg,4,僵蚕
train/石榴皮/Shiliupi34.jpg,50,石榴皮
train/荜拨/BiboBiboBibo103.jpg,66,荜拨
train/谷精草/GujingcaoGujingcao105.jpg,75,谷精草
train/酸枣仁/SuanzaorenSuanzaorenSuanzaorenSuanzaoren_18.jpg,79,酸枣仁
train/莲房/Lianfang6.jpg,71,莲房
train/丝瓜络/Sigualuo114.jpg,0,丝瓜络
train/白前/BaiqianBaiqianBaiqian29.jpg,43,白前
train/柏子仁/BaizirenBaizirenBaiziren48.jpg,26,柏子仁
train/莲子/Lianzi30.jpg,69,莲子
train/山慈菇/Shancigu28.jpg,18,山慈菇
train/橘核/Juhe87.jpg,32,橘核
train/瓦楞子/Walengzi94.jpg,39,瓦楞子
train/防风/FangfengFangfengFangfengIMG_20200720_174549.jpg,84,防风
train/白扁豆/BaibiandouBaibiandouBaibiandou91.jpg,44,白扁豆
train/湖北贝母/Hubeibeimu50.jpg,37,湖北贝母
train/藁本/GaobenGaobenGaobenIMG_20200720_174344.jpg,73,藁本
train/竹茹/Zhuru11.jpg,53,竹茹
train/番泻叶/FanxieyeFanxieye95.jpg,42,番泻叶
train/鳖甲/BiejiaBiejiaBiejia61.jpg,85,鳖甲
train/自然铜/Zirantong56.jpg,57,自然铜
train/荔枝核/Lizhihe5.jpg,65,荔枝核
train/竹茹/Zhuru1.jpg,53,竹茹
train/荔枝核/Lizhihe22.jpg,65,荔枝核
train/浙贝母/ZhebeimuZhebeimuZhebeimuZhebeimu_10.jpg,34,浙贝母
train/僵蚕/Jiangcan94.jpg,4,僵蚕
train/银柴胡/Yinchaihu4.jpg,83,银柴胡
train/丝瓜络/Sigualuo39.jpg,0,丝瓜络
train/路路通/Lulutong96.jpg,77,路路通
train/人参/Renshen36.jpg,3,人参
train/山茱萸/Shanzhuyu15.jpg,19,山茱萸
train/桑螵蛸/Sangpiaoxiao99.jpg,30,桑螵蛸
train/白蔹/BailianBailianBailian110.jpg,49,白蔹
train/僵蚕/Jiangcan36.jpg,4,僵蚕
train/僵蚕/Jiangcan101.jpg,4,僵蚕
train/麦冬/Maidong20.jpg,88,麦冬
train/白芍/BaishaoBaishaoBaishaoBaishao_55.jpg,46,白芍
train/人参/Renshen17.jpg,3,人参
train/桑寄生/SangjishengSangjishengSangjishengSangjisheng_31.jpg,28,桑寄生
train/白扁豆/BaibiandouBaibiandouBaibiandou35.jpg,44,白扁豆
train/冬虫夏草/DongchongxiacaoDongchongxiacao30.jpg,6,冬虫夏草
train/自然铜/Zirantong100.jpg,57,自然铜
train/黄芪/HuangqiHuangqi74.jpg,91,黄芪
train/芦根/Lugen10.jpg,59,芦根
train/沉香/ChenxiangChenxiang54.jpg,33,沉香
train/千年健/Qiannianjian32.jpg,8,千年健
train/草豆蔻/CaodoukouCaodoukouCaodoukou30.jpg,64,草豆蔻
train/白蔹/BailianBailianBailian112.jpg,49,白蔹
train/人参/Renshen76.jpg,3,人参
train/莲房/Lianfang46.jpg,71,莲房
train/大腹皮/DafupiDafupi95.jpg,12,大腹皮
train/番泻叶/FanxieyeFanxieye24.jpg,42,番泻叶
train/细辛/XixinXixinXixinIMG_20200720_170959.jpg,54,细辛
train/藁本/GaobenGaobenGaobenIMG_20200720_174339.jpg,73,藁本
train/酸枣仁/SuanzaorenSuanzaorenSuanzaorenIMG_20200722_165614.jpg,79,酸枣仁
train/瓦楞子/Walengzi13.jpg,39,瓦楞子
train/龙眼肉/Longyanrou4.jpg,92,龙眼肉
train/金果榄/Jinguolan31.jpg,80,金果榄
train/鳖甲/BiejiaBiejiaBiejia48.jpg,85,鳖甲
train/谷芽/GuyaGuya88.jpg,76,谷芽
train/薏苡仁/Yiyiren97.jpg,72,薏苡仁
train/白蔹/BailianBailianBailian84.jpg,49,白蔹
train/淡豆豉/DandouchiDandouchi61.jpg,36,淡豆豉
train/荔枝核/Lizhihe41.jpg,65,荔枝核
train/稻芽/DaoyaDaoya69.jpg,52,稻芽
train/莲子/Lianzi35.jpg,69,莲子
train/荜拨/BiboBiboBibo84.jpg,66,荜拨
train/黄芩/HuangqinHuangqinHuangqinHuangqin_33.jpg,90,黄芩
train/大腹皮/DafupiDafupi41.jpg,12,大腹皮
train/竹茹/Zhuru48.jpg,53,竹茹
train/地龙/DilongDilong38.jpg,11,地龙
train/番泻叶/FanxieyeFanxieye105.jpg,42,番泻叶
train/白芷/BaizhiBaizhiBaizhiIMG_20200720_173727.jpg,47,白芷
train/天花粉/Tianhuafen63.jpg,13,天花粉
train/山奈/Shannai43.jpg,17,山奈
train/肉豆蔻/Roudoukou44.jpg,56,肉豆蔻
train/山慈菇/Shancigu15.jpg,18,山慈菇
train/地龙/DilongDilong69.jpg,11,地龙
train/瓦楞子/Walengzi28.jpg,39,瓦楞子
train/谷芽/GuyaGuya66.jpg,76,谷芽
train/太子参/Taizishen45.jpg,15,太子参
train/石榴皮/Shiliupi118.jpg,50,石榴皮
train/白前/BaiqianBaiqianBaiqian66.jpg,43,白前
train/自然铜/Zirantong78.jpg,57,自然铜
train/荆芥穗/Jingjiesui10.jpg,63,荆芥穗
train/桂枝/GuizhiGuizhiGuizhiIMG_20200719_174738.jpg,27,桂枝
train/湖北贝母/Hubeibeimu30.jpg,37,湖北贝母
train/僵蚕/Jiangcan74.jpg,4,僵蚕
train/稻芽/DaoyaDaoya54.jpg,52,稻芽
train/白前/BaiqianBaiqianBaiqian23.jpg,43,白前
train/灵芝/Lingzhi63.jpg,38,灵芝
train/防风/FangfengFangfengFangfengFangfeng_49.jpg,84,防风
train/浙贝母/ZhebeimuZhebeimuZhebeimuZhebeimu_13.jpg,34,浙贝母
train/白芍/BaishaoBaishaoBaishaoBaishao_29.jpg,46,白芍
train/稻芽/DaoyaDaoya118.jpg,52,稻芽
train/海螵蛸/HaipiaoxiaoHaipiaoxiao51.jpg,35,海螵蛸
train/荜拨/BiboBiboBibo45.jpg,66,荜拨
train/土荆皮/Tujingpi95.jpg,10,土荆皮
train/丝瓜络/Sigualuo101.jpg,0,丝瓜络
train/浙贝母/ZhebeimuZhebeimuZhebeimuIMG_20200722_171208.jpg,34,浙贝母
train/白矾/BaifanBaifanBaifan45.jpg,45,白矾
train/九香虫/Jiuxiangchong117.jpg,1,九香虫
train/浙贝母/ZhebeimuZhebeimuZhebeimuZhebeimu_92.jpg,34,浙贝母
train/五加皮/WujiapiWujiapiWujiapiWujiapi_80.jpg,2,五加皮
train/九香虫/Jiuxiangchong102.jpg,1,九香虫
train/白矾/BaifanBaifanBaifan25.jpg,45,白矾
train/荆芥穗/Jingjiesui44.jpg,63,荆芥穗
train/石榴皮/Shiliupi89.jpg,50,石榴皮
train/金钱白花蛇/Jinqianbaihuashe97.jpg,82,金钱白花蛇
train/山慈菇/Shancigu68.jpg,18,山慈菇
train/羌活/QianghuoQianghuoQianghuoQianghuo_34.jpg,55,羌活
train/白芍/BaishaoBaishaoBaishaoBaishao_26.jpg,46,白芍
train/干姜/GanjiangGanjiang94.jpg,23,干姜
train/白矾/BaifanBaifanBaifan21.jpg,45,白矾
train/薏苡仁/Yiyiren51.jpg,72,薏苡仁
train/全蝎/Quanxie46.jpg,5,全蝎
train/浙贝母/ZhebeimuZhebeimuZhebeimuZhebeimu_12.jpg,34,浙贝母
train/桑椹/Sangshen52.jpg,29,桑椹
train/鸡内金/Jineijin55.jpg,86,鸡内金
train/白扁豆/BaibiandouBaibiandouBaibiandou38.jpg,44,白扁豆
train/湖北贝母/Hubeibeimu25.jpg,37,湖北贝母
train/秦皮/Qinpi46.jpg,51,秦皮
train/鸡内金/Jineijin33.jpg,86,鸡内金
train/海螵蛸/HaipiaoxiaoHaipiaoxiao50.jpg,35,海螵蛸
train/五加皮/WujiapiWujiapiWujiapiWujiapi_49.jpg,2,五加皮
train/鸡内金/Jineijin13.jpg,86,鸡内金
train/冬虫夏草/DongchongxiacaoDongchongxiacao57.jpg,6,冬虫夏草
train/苦地丁/Kudiding78.jpg,62,苦地丁
train/淡豆豉/DandouchiDandouchi79.jpg,36,淡豆豉
train/灵芝/Lingzhi7.jpg,38,灵芝
train/薏苡仁/Yiyiren102.jpg,72,薏苡仁
train/芦根/Lugen98.jpg,59,芦根
train/苏木/Sumu17.jpg,61,苏木
train/莱菔子/Laifuzi32.jpg,68,莱菔子
train/川牛膝/ChuanniuxiChuanniuxi23.jpg,22,川牛膝
train/川楝子/ChuanlianziChuanlianzi36.jpg,21,川楝子
train/川牛膝/ChuanniuxiChuanniuxi101.jpg,22,川牛膝
train/白矾/BaifanBaifanBaifan85.jpg,45,白矾
train/羌活/QianghuoQianghuoQianghuoQianghuo_54.jpg,55,羌活
train/柏子仁/BaizirenBaizirenBaiziren83.jpg,26,柏子仁
train/人参/Renshen49.jpg,3,人参
train/麦冬/Maidong27.jpg,88,麦冬
train/天花粉/Tianhuafen100.jpg,13,天花粉
train/黄芪/HuangqiHuangqi40.jpg,91,黄芪
train/太子参/Taizishen60.jpg,15,太子参
train/荜拨/BiboBiboBibo56.jpg,66,荜拨
train/海螵蛸/HaipiaoxiaoHaipiaoxiao82.jpg,35,海螵蛸
train/郁金/Yujin102.jpg,78,郁金
train/白蔹/BailianBailianBailian50.jpg,49,白蔹
train/大腹皮/DafupiDafupi94.jpg,12,大腹皮
train/大腹皮/DafupiDafupi93.jpg,12,大腹皮
train/土荆皮/Tujingpi5.jpg,10,土荆皮
train/僵蚕/Jiangcan92.jpg,4,僵蚕
train/干姜/GanjiangGanjiang35.jpg,23,干姜
train/羌活/QianghuoQianghuoQianghuoQianghuo_126.jpg,55,羌活
train/白芍/BaishaoBaishaoBaishaoBaishao_75.jpg,46,白芍
train/枸杞子/GouqiziGouqizi32.jpg,25,枸杞子
train/羌活/QianghuoQianghuoQianghuoQianghuo_75.jpg,55,羌活
train/槟榔/BinglangBinglangBinglangIMG_20200719_180536.jpg,31,槟榔
train/山慈菇/Shancigu54.jpg,18,山慈菇
train/莱菔子/Laifuzi109.jpg,68,莱菔子
train/白扁豆/BaibiandouBaibiandouBaibiandou26.jpg,44,白扁豆
train/白茅根/BaimaogenBaimaogenBaimaogen95.jpg,48,白茅根
train/地龙/DilongDilong82.jpg,11,地龙
train/冬虫夏草/DongchongxiacaoDongchongxiacao101.jpg,6,冬虫夏草
train/北沙参/BeishashenBeishashenBeishashen91.jpg,7,北沙参
train/人参/Renshen11.jpg,3,人参
train/白芷/BaizhiBaizhiBaizhiIMG_20200720_173709.jpg,47,白芷
train/五加皮/WujiapiWujiapiWujiapiIMG_20200722_165953.jpg,2,五加皮
train/干姜/GanjiangGanjiang103.jpg,23,干姜
train/海螵蛸/HaipiaoxiaoHaipiaoxiao45.jpg,35,海螵蛸
train/银柴胡/Yinchaihu22.jpg,83,银柴胡
train/合欢皮/HehuanpiHehuanpi54.jpg,9,合欢皮
train/桑椹/Sangshen73.jpg,29,桑椹
train/太子参/Taizishen25.jpg,15,太子参
train/桑螵蛸/Sangpiaoxiao3.jpg,30,桑螵蛸
train/莱菔子/Laifuzi9.jpg,68,莱菔子
train/太子参/Taizishen29.jpg,15,太子参
train/山茱萸/Shanzhuyu84.jpg,19,山茱萸
train/芥子/Jiezi23.jpg,58,芥子
train/荜拨/BiboBiboBibo26.jpg,66,荜拨
train/黄芩/HuangqinHuangqinHuangqinHuangqin_47.jpg,90,黄芩
train/白芍/BaishaoBaishaoBaishaoBaishao_91.jpg,46,白芍
train/莱菔子/Laifuzi53.jpg,68,莱菔子
train/莲子/Lianzi105.jpg,69,莲子
train/白矾/BaifanBaifanBaifan20.jpg,45,白矾
train/丝瓜络/Sigualuo38.jpg,0,丝瓜络
train/白扁豆/BaibiandouBaibiandouBaibiandou23.jpg,44,白扁豆
train/荆芥穗/Jingjiesui1.jpg,63,荆芥穗
train/安息香/AnxixiangAnxixiangAnxixiang90.jpg,16,安息香
train/莲子/Lianzi71.jpg,69,莲子
train/莱菔子/Laifuzi101.jpg,68,莱菔子
train/白蔹/BailianBailianBailian44.jpg,49,白蔹
train/稻芽/DaoyaDaoya40.jpg,52,稻芽
train/僵蚕/Jiangcan5.jpg,4,僵蚕
train/白扁豆/BaibiandouBaibiandouBaibiandou98.jpg,44,白扁豆
train/莲房/Lianfang36.jpg,71,莲房
train/白蔹/BailianBailianBailian42.jpg,49,白蔹
train/地龙/DilongDilong83.jpg,11,地龙
train/白芷/BaizhiBaizhiBaizhiBaizhi_26.jpg,47,白芷
train/防风/FangfengFangfengFangfengIMG_20200720_174540.jpg,84,防风
train/甘松/GansongGansong94.jpg,40,甘松
train/藁本/GaobenGaobenGaobenGaoben_12.jpg,73,藁本
train/僵蚕/Jiangcan106.jpg,4,僵蚕
train/苏木/Sumu65.jpg,61,苏木
train/蜂房/FengfangFengfang65.jpg,74,蜂房
train/枸杞子/GouqiziGouqizi117.jpg,25,枸杞子
train/秦皮/Qinpi68.jpg,51,秦皮
train/白蔹/BailianBailianBailian39.jpg,49,白蔹
train/路路通/Lulutong88.jpg,77,路路通
train/郁金/Yujin98.jpg,78,郁金
train/大腹皮/DafupiDafupi100.jpg,12,大腹皮
train/酸枣仁/SuanzaorenSuanzaorenSuanzaorenSuanzaoren_14.jpg,79,酸枣仁
train/荔枝核/Lizhihe2.jpg,65,荔枝核
train/秦皮/Qinpi100.jpg,51,秦皮
train/北沙参/BeishashenBeishashenBeishashen51.jpg,7,北沙参
train/合欢皮/HehuanpiHehuanpi50.jpg,9,合欢皮
train/白芷/BaizhiBaizhiBaizhiBaizhi_4.jpg,47,白芷
train/郁金/Yujin14.jpg,78,郁金
train/冬虫夏草/DongchongxiacaoDongchongxiacao74.jpg,6,冬虫夏草
train/荆芥穗/Jingjiesui38.jpg,63,荆芥穗
train/荜拨/BiboBiboBibo110.jpg,66,荜拨
train/芥子/Jiezi37.jpg,58,芥子
train/黄芪/HuangqiHuangqi45.jpg,91,黄芪
train/莲子心/Lianzixin57.jpg,70,莲子心
train/金果榄/Jinguolan23.jpg,80,金果榄
train/银柴胡/Yinchaihu33.jpg,83,银柴胡
train/麦冬/Maidong103.jpg,88,麦冬
train/天花粉/Tianhuafen9.jpg,13,天花粉
train/麦冬/Maidong78.jpg,88,麦冬
train/橘核/Juhe89.jpg,32,橘核
train/麦冬/Maidong14.jpg,88,麦冬
train/瓦楞子/Walengzi104.jpg,39,瓦楞子
train/麦冬/Maidong21.jpg,88,麦冬
train/灵芝/Lingzhi6.jpg,38,灵芝
train/金果榄/Jinguolan78.jpg,80,金果榄
train/谷芽/GuyaGuya86.jpg,76,谷芽
train/防风/FangfengFangfengFangfengFangfeng_61.jpg,84,防风
train/山慈菇/Shancigu10.jpg,18,山慈菇
train/莱菔子/Laifuzi26.jpg,68,莱菔子
train/甘草/GancaoGancaoGancaoGancao_42.jpg,41,甘草
train/北沙参/BeishashenBeishashenBeishashen80.jpg,7,北沙参
train/淡豆豉/DandouchiDandouchi101.jpg,36,淡豆豉
train/湖北贝母/Hubeibeimu57.jpg,37,湖北贝母
train/槟榔/BinglangBinglangBinglangBinglang_14.jpg,31,槟榔
train/木丁香/Mudingxiang13.jpg,24,木丁香
train/山慈菇/Shancigu113.jpg,18,山慈菇
train/川木香/ChuanmuxiangChuanmuxiang49.jpg,20,川木香
train/莲房/Lianfang103.jpg,71,莲房
train/肉豆蔻/Roudoukou34.jpg,56,肉豆蔻
train/山茱萸/Shanzhuyu30.jpg,19,山茱萸
train/莲房/Lianfang111.jpg,71,莲房
train/湖北贝母/Hubeibeimu85.jpg,37,湖北贝母
train/石榴皮/Shiliupi31.jpg,50,石榴皮
train/海螵蛸/HaipiaoxiaoHaipiaoxiao116.jpg,35,海螵蛸
train/酸枣仁/SuanzaorenSuanzaorenSuanzaorenIMG_20200722_165617.jpg,79,酸枣仁
train/山奈/Shannai42.jpg,17,山奈
train/蜂房/FengfangFengfang31.jpg,74,蜂房
train/石榴皮/Shiliupi55.jpg,50,石榴皮
train/荜拨/BiboBiboBibo30.jpg,66,荜拨
train/淡豆豉/DandouchiDandouchi81.jpg,36,淡豆豉
train/全蝎/Quanxie109.jpg,5,全蝎
train/郁金/Yujin15.jpg,78,郁金
train/芥子/Jiezi38.jpg,58,芥子
train/龙眼肉/Longyanrou8.jpg,92,龙眼肉
train/湖北贝母/Hubeibeimu32.jpg,37,湖北贝母
train/芦根/Lugen27.jpg,59,芦根
train/白前/BaiqianBaiqianBaiqian38.jpg,43,白前
train/白矾/BaifanBaifanBaifan32.jpg,45,白矾
train/郁金/Yujin35.jpg,78,郁金
train/九香虫/Jiuxiangchong33.jpg,1,九香虫
train/海螵蛸/HaipiaoxiaoHaipiaoxiao94.jpg,35,海螵蛸
train/细辛/XixinXixinXixinXixin_18.jpg,54,细辛
train/丝瓜络/Sigualuo1.jpg,0,丝瓜络
train/山茱萸/Shanzhuyu93.jpg,19,山茱萸
train/僵蚕/Jiangcan28.jpg,4,僵蚕
train/瓦楞子/Walengzi74.jpg,39,瓦楞子
train/莲子心/Lianzixin108.jpg,70,莲子心
train/谷精草/GujingcaoGujingcao52.jpg,75,谷精草
train/金果榄/Jinguolan44.jpg,80,金果榄
train/肉豆蔻/Roudoukou86.jpg,56,肉豆蔻
train/合欢皮/HehuanpiHehuanpi80.jpg,9,合欢皮
train/海螵蛸/HaipiaoxiaoHaipiaoxiao54.jpg,35,海螵蛸
train/黄芪/HuangqiHuangqi27.jpg,91,黄芪
train/蜂房/FengfangFengfang97.jpg,74,蜂房
train/鳖甲/BiejiaBiejiaBiejia39.jpg,85,鳖甲
train/安息香/AnxixiangAnxixiangAnxixiang80.jpg,16,安息香
train/莲房/Lianfang40.jpg,71,莲房
train/郁金/Yujin82.jpg,78,郁金
train/石榴皮/Shiliupi35.jpg,50,石榴皮
train/羌活/QianghuoQianghuoQianghuoQianghuo_63.jpg,55,羌活
train/肉豆蔻/Roudoukou77.jpg,56,肉豆蔻
train/白矾/BaifanBaifanBaifan34.jpg,45,白矾
train/桑寄生/SangjishengSangjishengSangjishengIMG_20200724_180453.jpg,28,桑寄生
train/地龙/DilongDilong52.jpg,11,地龙
train/天麻/Tianma102.jpg,14,天麻
train/天麻/Tianma29.jpg,14,天麻
train/桑寄生/SangjishengSangjishengSangjishengSangjisheng_70.jpg,28,桑寄生
train/金钱白花蛇/Jinqianbaihuashe68.jpg,82,金钱白花蛇
train/鸡内金/Jineijin37.jpg,86,鸡内金
train/桑椹/Sangshen5.jpg,29,桑椹
train/芥子/Jiezi85.jpg,58,芥子
train/槟榔/BinglangBinglangBinglangBinglang_29.jpg,31,槟榔
train/白茅根/BaimaogenBaimaogenBaimaogen26.jpg,48,白茅根
train/桑椹/Sangshen51.jpg,29,桑椹
train/槟榔/BinglangBinglangBinglangBinglang_5.jpg,31,槟榔
train/荜澄茄/BichengqieBichengqieBichengqie114.jpg,67,荜澄茄
train/沉香/ChenxiangChenxiang77.jpg,33,沉香
train/番泻叶/FanxieyeFanxieye57.jpg,42,番泻叶
train/丝瓜络/Sigualuo43.jpg,0,丝瓜络
train/秦皮/Qinpi37.jpg,51,秦皮
train/肉豆蔻/Roudoukou88.jpg,56,肉豆蔻
train/湖北贝母/Hubeibeimu58.jpg,37,湖北贝母
train/蜂房/FengfangFengfang107.jpg,74,蜂房
train/黄柏/HuangboHuangboHuangboHuangbo_56.jpg,89,黄柏
train/肉豆蔻/Roudoukou28.jpg,56,肉豆蔻
train/冬虫夏草/DongchongxiacaoDongchongxiacao76.jpg,6,冬虫夏草
train/白前/BaiqianBaiqianBaiqian81.jpg,43,白前
train/金果榄/Jinguolan36.jpg,80,金果榄
train/山茱萸/Shanzhuyu59.jpg,19,山茱萸
train/白茅根/BaimaogenBaimaogenBaimaogen60.jpg,48,白茅根
train/金灯笼/Jindenglong57.jpg,81,金灯笼
train/莲子心/Lianzixin90.jpg,70,莲子心
train/五加皮/WujiapiWujiapiWujiapiWujiapi_30.jpg,2,五加皮
train/竹茹/Zhuru61.jpg,53,竹茹
train/薏苡仁/Yiyiren25.jpg,72,薏苡仁
train/地龙/DilongDilong62.jpg,11,地龙
train/黄芩/HuangqinHuangqinHuangqinHuangqin_39.jpg,90,黄芩
train/干姜/GanjiangGanjiang93.jpg,23,干姜
train/羌活/QianghuoQianghuoQianghuoIMG_20200719_173015_2.jpg,55,羌活
train/白矾/BaifanBaifanBaifan31.jpg,45,白矾
train/桂枝/GuizhiGuizhiGuizhiGuizhi_32.jpg,27,桂枝
train/桂枝/GuizhiGuizhiGuizhiGuizhi_148.jpg,27,桂枝
train/莲房/Lianfang101.jpg,71,莲房
train/芥子/Jiezi36.jpg,58,芥子
train/苏木/Sumu25.jpg,61,苏木
train/黄芩/HuangqinHuangqinHuangqinHuangqin_31.jpg,90,黄芩
train/蜂房/FengfangFengfang70.jpg,74,蜂房
train/莲子心/Lianzixin14.jpg,70,莲子心
train/沉香/ChenxiangChenxiang78.jpg,33,沉香
train/黄芩/HuangqinHuangqinHuangqinHuangqin_68.jpg,90,黄芩
train/大腹皮/DafupiDafupi34.jpg,12,大腹皮
train/丝瓜络/Sigualuo66.jpg,0,丝瓜络
train/莲子心/Lianzixin98.jpg,70,莲子心
train/薏苡仁/Yiyiren10.jpg,72,薏苡仁
train/川木香/ChuanmuxiangChuanmuxiang73.jpg,20,川木香
train/羌活/QianghuoQianghuoQianghuoIMG_20200719_173014_3.jpg,55,羌活
train/谷精草/GujingcaoGujingcao64.jpg,75,谷精草
train/荜澄茄/BichengqieBichengqieBichengqie27.jpg,67,荜澄茄
train/安息香/AnxixiangAnxixiangAnxixiang92.jpg,16,安息香
train/干姜/GanjiangGanjiang32.jpg,23,干姜
train/土荆皮/Tujingpi31.jpg,10,土荆皮
train/荆芥穗/Jingjiesui16.jpg,63,荆芥穗
train/秦皮/Qinpi31.jpg,51,秦皮
train/莲房/Lianfang2.jpg,71,莲房
train/薏苡仁/Yiyiren87.jpg,72,薏苡仁
train/苍术/CangzhuCangzhuCangzhuCangzhu_29.jpg,60,苍术
train/山奈/Shannai75.jpg,17,山奈
train/荜澄茄/BichengqieBichengqieBichengqie89.jpg,67,荜澄茄
train/白蔹/BailianBailianBailian37.jpg,49,白蔹
train/莲子心/Lianzixin72.jpg,70,莲子心
train/麦冬/Maidong46.jpg,88,麦冬
train/苍术/CangzhuCangzhuCangzhuIMG_20200720_165845.jpg,60,苍术
train/金钱白花蛇/Jinqianbaihuashe76.jpg,82,金钱白花蛇
train/北沙参/BeishashenBeishashenBeishashen60.jpg,7,北沙参
train/白扁豆/BaibiandouBaibiandouBaibiandou25.jpg,44,白扁豆
train/金钱白花蛇/Jinqianbaihuashe115.jpg,82,金钱白花蛇
train/白芍/BaishaoBaishaoBaishaoBaishao_43.jpg,46,白芍
train/白扁豆/BaibiandouBaibiandouBaibiandou92.jpg,44,白扁豆
train/秦皮/Qinpi16.jpg,51,秦皮
train/羌活/QianghuoQianghuoQianghuoIMG_20200719_173057.jpg,55,羌活
train/谷芽/GuyaGuya73.jpg,76,谷芽
train/苦地丁/Kudiding87.jpg,62,苦地丁
train/柏子仁/BaizirenBaizirenBaiziren36.jpg,26,柏子仁
train/干姜/GanjiangGanjiang62.jpg,23,干姜
train/黄芩/HuangqinHuangqinHuangqinIMG_20200724_175138.jpg,90,黄芩
train/白前/BaiqianBaiqianBaiqian54.jpg,43,白前
train/地龙/DilongDilong25.jpg,11,地龙
train/黄柏/HuangboHuangboHuangboHuangbo_51.jpg,89,黄柏
train/石榴皮/Shiliupi88.jpg,50,石榴皮
train/藁本/GaobenGaobenGaobenGaoben_54.jpg,73,藁本
train/冬虫夏草/DongchongxiacaoDongchongxiacao98.jpg,6,冬虫夏草
train/木丁香/Mudingxiang96.jpg,24,木丁香
train/千年健/Qiannianjian68.jpg,8,千年健
train/鸡内金/Jineijin15.jpg,86,鸡内金
train/荜拨/BiboBiboBibo104.jpg,66,荜拨
train/自然铜/Zirantong66.jpg,57,自然铜
train/莲子心/Lianzixin43.jpg,70,莲子心
train/莱菔子/Laifuzi21.jpg,68,莱菔子
train/莱菔子/Laifuzi48.jpg,68,莱菔子
train/桑寄生/SangjishengSangjishengSangjishengSangjisheng_79.jpg,28,桑寄生
train/合欢皮/HehuanpiHehuanpi33.jpg,9,合欢皮
train/莱菔子/Laifuzi70.jpg,68,莱菔子
train/桑螵蛸/Sangpiaoxiao103.jpg,30,桑螵蛸
train/湖北贝母/Hubeibeimu22.jpg,37,湖北贝母
train/槟榔/BinglangBinglangBinglangBinglang_34.jpg,31,槟榔
train/橘核/Juhe58.jpg,32,橘核
train/黄芪/HuangqiHuangqi109.jpg,91,黄芪
train/黄芪/HuangqiHuangqi34.jpg,91,黄芪
train/细辛/XixinXixinXixinXixin_43.jpg,54,细辛
train/白茅根/BaimaogenBaimaogenBaimaogen90.jpg,48,白茅根
train/薏苡仁/Yiyiren15.jpg,72,薏苡仁
train/白前/BaiqianBaiqianBaiqian78.jpg,43,白前
train/苏木/Sumu44.jpg,61,苏木
train/枸杞子/GouqiziGouqizi61.jpg,25,枸杞子
train/沉香/ChenxiangChenxiang96.jpg,33,沉香
train/干姜/GanjiangGanjiang119.jpg,23,干姜
train/黄芪/HuangqiHuangqi75.jpg,91,黄芪
train/湖北贝母/Hubeibeimu59.jpg,37,湖北贝母
train/鸡内金/Jineijin87.jpg,86,鸡内金
train/天花粉/Tianhuafen28.jpg,13,天花粉
train/湖北贝母/Hubeibeimu63.jpg,37,湖北贝母
train/全蝎/Quanxie16.jpg,5,全蝎
train/桑寄生/SangjishengSangjishengSangjishengSangjisheng_20.jpg,28,桑寄生
train/安息香/AnxixiangAnxixiangAnxixiang89.jpg,16,安息香
train/天花粉/Tianhuafen36.jpg,13,天花粉
train/甘草/GancaoGancaoGancaoGancao_44.jpg,41,甘草
train/路路通/Lulutong105.jpg,77,路路通
train/千年健/Qiannianjian53.jpg,8,千年健
train/太子参/Taizishen95.jpg,15,太子参
train/灵芝/Lingzhi76.jpg,38,灵芝
train/芦根/Lugen114.jpg,59,芦根
train/秦皮/Qinpi90.jpg,51,秦皮
train/秦皮/Qinpi94.jpg,51,秦皮
train/竹茹/Zhuru51.jpg,53,竹茹
train/黄芩/HuangqinHuangqinHuangqinHuangqin_34.jpg,90,黄芩
train/山茱萸/Shanzhuyu39.jpg,19,山茱萸
train/沉香/ChenxiangChenxiang38.jpg,33,沉香
train/莱菔子/Laifuzi31.jpg,68,莱菔子
train/金果榄/Jinguolan8.jpg,80,金果榄
train/路路通/Lulutong82.jpg,77,路路通
train/桑椹/Sangshen33.jpg,29,桑椹
train/柏子仁/BaizirenBaizirenBaiziren103.jpg,26,柏子仁
train/草豆蔻/CaodoukouCaodoukouCaodoukou118.jpg,64,草豆蔻
train/莲子心/Lianzixin16.jpg,70,莲子心
train/九香虫/Jiuxiangchong10.jpg,1,九香虫
train/太子参/Taizishen44.jpg,15,太子参
train/丝瓜络/Sigualuo46.jpg,0,丝瓜络
train/川牛膝/ChuanniuxiChuanniuxi72.jpg,22,川牛膝
train/僵蚕/Jiangcan53.jpg,4,僵蚕
train/桑螵蛸/Sangpiaoxiao117.jpg,30,桑螵蛸
train/九香虫/Jiuxiangchong56.jpg,1,九香虫
train/海螵蛸/HaipiaoxiaoHaipiaoxiao104.jpg,35,海螵蛸
train/千年健/Qiannianjian11.jpg,8,千年健
train/莲房/Lianfang18.jpg,71,莲房
train/桑寄生/SangjishengSangjishengSangjishengSangjisheng_46.jpg,28,桑寄生
train/肉豆蔻/Roudoukou33.jpg,56,肉豆蔻
train/黄芩/HuangqinHuangqinHuangqinIMG_20200724_175124.jpg,90,黄芩
train/海螵蛸/HaipiaoxiaoHaipiaoxiao32.jpg,35,海螵蛸
train/鳖甲/BiejiaBiejiaBiejia77.jpg,85,鳖甲
train/桑椹/Sangshen87.jpg,29,桑椹
train/莲子/Lianzi76.jpg,69,莲子
train/白芍/BaishaoBaishaoBaishaoBaishao_92.jpg,46,白芍
train/五加皮/WujiapiWujiapiWujiapiIMG_20200722_165954.jpg,2,五加皮
train/黄芪/HuangqiHuangqi77.jpg,91,黄芪
train/稻芽/DaoyaDaoya96.jpg,52,稻芽
train/橘核/Juhe50.jpg,32,橘核
train/芦根/Lugen34.jpg,59,芦根
train/山茱萸/Shanzhuyu52.jpg,19,山茱萸
train/藁本/GaobenGaobenGaobenIMG_20200720_174343.jpg,73,藁本
train/酸枣仁/SuanzaorenSuanzaorenSuanzaorenSuanzaoren_70.jpg,79,酸枣仁
train/淡豆豉/DandouchiDandouchi103.jpg,36,淡豆豉
train/竹茹/Zhuru39.jpg,53,竹茹
train/防风/FangfengFangfengFangfengIMG_20200720_174550.jpg,84,防风
train/鳖甲/BiejiaBiejiaBiejia35.jpg,85,鳖甲
train/荜拨/BiboBiboBibo107.jpg,66,荜拨
train/沉香/ChenxiangChenxiang48.jpg,33,沉香
train/冬虫夏草/DongchongxiacaoDongchongxiacao96.jpg,6,冬虫夏草
train/山慈菇/Shancigu7.jpg,18,山慈菇
train/草豆蔻/CaodoukouCaodoukouCaodoukou109.jpg,64,草豆蔻
train/莱菔子/Laifuzi13.jpg,68,莱菔子
train/郁金/Yujin110.jpg,78,郁金
train/郁金/Yujin100.jpg,78,郁金
train/淡豆豉/DandouchiDandouchi86.jpg,36,淡豆豉
train/灵芝/Lingzhi2.jpg,38,灵芝
train/莲子心/Lianzixin1.jpg,70,莲子心
train/鳖甲/BiejiaBiejiaBiejia50.jpg,85,鳖甲
train/桑寄生/SangjishengSangjishengSangjishengIMG_20200724_180456.jpg,28,桑寄生
train/苦地丁/Kudiding73.jpg,62,苦地丁
train/山茱萸/Shanzhuyu40.jpg,19,山茱萸
train/苍术/CangzhuCangzhuCangzhuCangzhu_48.jpg,60,苍术
train/瓦楞子/Walengzi108.jpg,39,瓦楞子
train/芦根/Lugen42.jpg,59,芦根
train/淡豆豉/DandouchiDandouchi80.jpg,36,淡豆豉
train/黄芪/HuangqiHuangqi65.jpg,91,黄芪
train/山茱萸/Shanzhuyu9.jpg,19,山茱萸
train/海螵蛸/HaipiaoxiaoHaipiaoxiao48.jpg,35,海螵蛸
train/桑螵蛸/Sangpiaoxiao11.jpg,30,桑螵蛸
train/苏木/Sumu94.jpg,61,苏木
train/番泻叶/FanxieyeFanxieye26.jpg,42,番泻叶
train/鸡内金/Jineijin21.jpg,86,鸡内金
train/五加皮/WujiapiWujiapiWujiapiWujiapi_41.jpg,2,五加皮
train/沉香/ChenxiangChenxiang39.jpg,33,沉香
train/黄芩/HuangqinHuangqinHuangqinHuangqin_26.jpg,90,黄芩
train/太子参/Taizishen106.jpg,15,太子参
train/白芍/BaishaoBaishaoBaishaoBaishao_93.jpg,46,白芍
train/细辛/XixinXixinXixinIMG_20200720_170932.jpg,54,细辛
train/甘草/GancaoGancaoGancaoGancao_46.jpg,41,甘草
train/细辛/XixinXixinXixinIMG_20200720_170954.jpg,54,细辛
train/地龙/DilongDilong94.jpg,11,地龙
train/淡豆豉/DandouchiDandouchi68.jpg,36,淡豆豉
train/白芷/BaizhiBaizhiBaizhiBaizhi_14.jpg,47,白芷
train/干姜/GanjiangGanjiang114.jpg,23,干姜
train/川楝子/ChuanlianziChuanlianzi43.jpg,21,川楝子
train/番泻叶/FanxieyeFanxieye82.jpg,42,番泻叶
train/白芍/BaishaoBaishaoBaishaoBaishao_9.jpg,46,白芍
train/黄芪/HuangqiHuangqi95.jpg,91,黄芪
train/土荆皮/Tujingpi12.jpg,10,土荆皮
train/龙眼肉/Longyanrou111.jpg,92,龙眼肉
train/谷精草/GujingcaoGujingcao30.jpg,75,谷精草
train/莲子/Lianzi22.jpg,69,莲子
train/甘草/GancaoGancaoGancaoGancao_55.jpg,41,甘草
train/白前/BaiqianBaiqianBaiqian110.jpg,43,白前
train/蜂房/FengfangFengfang64.jpg,74,蜂房
train/桑螵蛸/Sangpiaoxiao1.jpg,30,桑螵蛸
train/荆芥穗/Jingjiesui12.jpg,63,荆芥穗
train/白蔹/BailianBailianBailian60.jpg,49,白蔹
train/藁本/GaobenGaobenGaobenGaoben_42.jpg,73,藁本
train/天花粉/Tianhuafen69.jpg,13,天花粉
train/橘核/Juhe54.jpg,32,橘核
train/土荆皮/Tujingpi54.jpg,10,土荆皮
train/竹茹/Zhuru66.jpg,53,竹茹
train/莲子心/Lianzixin60.jpg,70,莲子心
train/郁金/Yujin46.jpg,78,郁金
train/地龙/DilongDilong24.jpg,11,地龙
train/川牛膝/ChuanniuxiChuanniuxi74.jpg,22,川牛膝
train/薏苡仁/Yiyiren54.jpg,72,薏苡仁
train/桑螵蛸/Sangpiaoxiao62.jpg,30,桑螵蛸
train/桂枝/GuizhiGuizhiGuizhiIMG_20200719_174724.jpg,27,桂枝
train/沉香/ChenxiangChenxiang66.jpg,33,沉香
train/莲房/Lianfang1.jpg,71,莲房
train/白茅根/BaimaogenBaimaogenBaimaogen97.jpg,48,白茅根
train/浙贝母/ZhebeimuZhebeimuZhebeimuZhebeimu_117.jpg,34,浙贝母
train/白蔹/BailianBailianBailian87.jpg,49,白蔹
train/番泻叶/FanxieyeFanxieye32.jpg,42,番泻叶
train/桑寄生/SangjishengSangjishengSangjishengIMG_20200724_180445.jpg,28,桑寄生
train/槟榔/BinglangBinglangBinglangBinglang_33.jpg,31,槟榔
train/天麻/Tianma6.jpg,14,天麻
train/黄柏/HuangboHuangboHuangboHuangbo_83.jpg,89,黄柏
train/山慈菇/Shancigu78.jpg,18,山慈菇
train/天麻/Tianma92.jpg,14,天麻
train/金灯笼/Jindenglong96.jpg,81,金灯笼
train/苦地丁/Kudiding54.jpg,62,苦地丁
train/桑螵蛸/Sangpiaoxiao44.jpg,30,桑螵蛸
train/白茅根/BaimaogenBaimaogenBaimaogen58.jpg,48,白茅根
train/苍术/CangzhuCangzhuCangzhuCangzhu_10.jpg,60,苍术
train/番泻叶/FanxieyeFanxieye56.jpg,42,番泻叶
train/荜澄茄/BichengqieBichengqieBichengqie44.jpg,67,荜澄茄
train/蜂房/FengfangFengfang38.jpg,74,蜂房
train/天麻/Tianma9.jpg,14,天麻
train/白矾/BaifanBaifanBaifan44.jpg,45,白矾
train/番泻叶/FanxieyeFanxieye89.jpg,42,番泻叶
train/荔枝核/Lizhihe84.jpg,65,荔枝核
train/安息香/AnxixiangAnxixiangAnxixiang49.jpg,16,安息香
train/千年健/Qiannianjian84.jpg,8,千年健
train/鳖甲/BiejiaBiejiaBiejia51.jpg,85,鳖甲
train/千年健/Qiannianjian18.jpg,8,千年健
train/细辛/XixinXixinXixinIMG_20200720_170917.jpg,54,细辛
train/五加皮/WujiapiWujiapiWujiapiIMG_20200722_170011.jpg,2,五加皮
train/木丁香/Mudingxiang52.jpg,24,木丁香
train/地龙/DilongDilong21.jpg,11,地龙
train/白芷/BaizhiBaizhiBaizhiIMG_20200720_173743.jpg,47,白芷
train/黄芩/HuangqinHuangqinHuangqinHuangqin_61.jpg,90,黄芩
train/大腹皮/DafupiDafupi29.jpg,12,大腹皮
train/薏苡仁/Yiyiren40.jpg,72,薏苡仁
train/山慈菇/Shancigu79.jpg,18,山慈菇
train/苍术/CangzhuCangzhuCangzhuCangzhu_6.jpg,60,苍术
train/金果榄/Jinguolan89.jpg,80,金果榄
train/枸杞子/GouqiziGouqizi62.jpg,25,枸杞子
train/鸡冠花/Jiguanhua5.jpg,87,鸡冠花
train/木丁香/Mudingxiang21.jpg,24,木丁香
train/芦根/Lugen12.jpg,59,芦根
train/谷芽/GuyaGuya101.jpg,76,谷芽
train/荜澄茄/BichengqieBichengqieBichengqie61.jpg,67,荜澄茄
train/山奈/Shannai84.jpg,17,山奈
train/秦皮/Qinpi27.jpg,51,秦皮
train/川牛膝/ChuanniuxiChuanniuxi116.jpg,22,川牛膝
train/莲子心/Lianzixin50.jpg,70,莲子心
train/龙眼肉/Longyanrou39.jpg,92,龙眼肉
train/金钱白花蛇/Jinqianbaihuashe82.jpg,82,金钱白花蛇
train/甘草/GancaoGancaoGancaoIMG_20200719_172812.jpg,41,甘草
train/荜拨/BiboBiboBibo88.jpg,66,荜拨
train/谷精草/GujingcaoGujingcao37.jpg,75,谷精草
train/土荆皮/Tujingpi4.jpg,10,土荆皮
train/白茅根/BaimaogenBaimaogenBaimaogen75.jpg,48,白茅根
train/海螵蛸/HaipiaoxiaoHaipiaoxiao105.jpg,35,海螵蛸
train/甘松/GansongGansong71.jpg,40,甘松
train/淡豆豉/DandouchiDandouchi119.jpg,36,淡豆豉
train/鳖甲/BiejiaBiejiaBiejia74.jpg,85,鳖甲
train/川木香/ChuanmuxiangChuanmuxiang36.jpg,20,川木香
train/丝瓜络/Sigualuo34.jpg,0,丝瓜络
train/金钱白花蛇/Jinqianbaihuashe109.jpg,82,金钱白花蛇
train/自然铜/Zirantong21.jpg,57,自然铜
train/人参/Renshen105.jpg,3,人参
train/槟榔/BinglangBinglangBinglangBinglang_89.jpg,31,槟榔
train/鸡内金/Jineijin9.jpg,86,鸡内金
train/荔枝核/Lizhihe53.jpg,65,荔枝核
train/山奈/Shannai38.jpg,17,山奈
train/天花粉/Tianhuafen91.jpg,13,天花粉
train/白前/BaiqianBaiqianBaiqian73.jpg,43,白前
train/九香虫/Jiuxiangchong62.jpg,1,九香虫
train/稻芽/DaoyaDaoya74.jpg,52,稻芽
train/金钱白花蛇/Jinqianbaihuashe42.jpg,82,金钱白花蛇
train/自然铜/Zirantong97.jpg,57,自然铜
train/湖北贝母/Hubeibeimu29.jpg,37,湖北贝母
train/金钱白花蛇/Jinqianbaihuashe9.jpg,82,金钱白花蛇
train/山奈/Shannai0.jpg,17,山奈
train/柏子仁/BaizirenBaizirenBaiziren112.jpg,26,柏子仁
train/柏子仁/BaizirenBaizirenBaiziren45.jpg,26,柏子仁
train/山奈/Shannai91.jpg,17,山奈
train/白蔹/BailianBailianBailian61.jpg,49,白蔹
train/麦冬/Maidong104.jpg,88,麦冬
train/蜂房/FengfangFengfang82.jpg,74,蜂房
train/白前/BaiqianBaiqianBaiqian95.jpg,43,白前
train/桑椹/Sangshen25.jpg,29,桑椹
train/鸡冠花/Jiguanhua116.jpg,87,鸡冠花
train/浙贝母/ZhebeimuZhebeimuZhebeimuZhebeimu_57.jpg,34,浙贝母
train/荔枝核/Lizhihe49.jpg,65,荔枝核
train/草豆蔻/CaodoukouCaodoukouCaodoukou25.jpg,64,草豆蔻
train/海螵蛸/HaipiaoxiaoHaipiaoxiao114.jpg,35,海螵蛸
train/麦冬/Maidong101.jpg,88,麦冬
train/甘松/GansongGansong29.jpg,40,甘松
train/桑椹/Sangshen82.jpg,29,桑椹
train/白茅根/BaimaogenBaimaogenBaimaogen92.jpg,48,白茅根
train/龙眼肉/Longyanrou71.jpg,92,龙眼肉
train/郁金/Yujin68.jpg,78,郁金
train/薏苡仁/Yiyiren55.jpg,72,薏苡仁
train/天花粉/Tianhuafen95.jpg,13,天花粉
train/秦皮/Qinpi73.jpg,51,秦皮
train/酸枣仁/SuanzaorenSuanzaorenSuanzaorenIMG_20200722_165609.jpg,79,酸枣仁
train/麦冬/Maidong96.jpg,88,麦冬
train/人参/Renshen8.jpg,3,人参
train/桑椹/Sangshen14.jpg,29,桑椹
train/莲子心/Lianzixin41.jpg,70,莲子心
train/桑椹/Sangshen104.jpg,29,桑椹
train/黄芩/HuangqinHuangqinHuangqinHuangqin_41.jpg,90,黄芩
train/金果榄/Jinguolan114.jpg,80,金果榄
train/荜澄茄/BichengqieBichengqieBichengqie29.jpg,67,荜澄茄
train/薏苡仁/Yiyiren53.jpg,72,薏苡仁
train/土荆皮/Tujingpi59.jpg,10,土荆皮
train/荔枝核/Lizhihe46.jpg,65,荔枝核
train/大腹皮/DafupiDafupi38.jpg,12,大腹皮
train/土荆皮/Tujingpi44.jpg,10,土荆皮
train/槟榔/BinglangBinglangBinglangIMG_20200719_180531.jpg,31,槟榔
train/黄柏/HuangboHuangboHuangboHuangbo_23.jpg,89,黄柏
train/僵蚕/Jiangcan26.jpg,4,僵蚕
train/千年健/Qiannianjian17.jpg,8,千年健
train/莲子心/Lianzixin61.jpg,70,莲子心
train/荔枝核/Lizhihe29.jpg,65,荔枝核
train/浙贝母/ZhebeimuZhebeimuZhebeimuZhebeimu_45.jpg,34,浙贝母
train/山茱萸/Shanzhuyu109.jpg,19,山茱萸
train/白扁豆/BaibiandouBaibiandouBaibiandou71.jpg,44,白扁豆
train/天花粉/Tianhuafen74.jpg,13,天花粉
train/白矾/BaifanBaifanBaifan37.jpg,45,白矾
train/川木香/ChuanmuxiangChuanmuxiang37.jpg,20,川木香
train/金钱白花蛇/Jinqianbaihuashe22.jpg,82,金钱白花蛇
train/槟榔/BinglangBinglangBinglangBinglang_63.jpg,31,槟榔
train/瓦楞子/Walengzi88.jpg,39,瓦楞子
train/白矾/BaifanBaifanBaifan57.jpg,45,白矾
train/千年健/Qiannianjian116.jpg,8,千年健
train/草豆蔻/CaodoukouCaodoukouCaodoukou48.jpg,64,草豆蔻
train/金灯笼/Jindenglong47.jpg,81,金灯笼
train/黄柏/HuangboHuangboHuangboHuangbo_16.jpg,89,黄柏
train/安息香/AnxixiangAnxixiangAnxixiang103.jpg,16,安息香
train/芥子/Jiezi12.jpg,58,芥子
train/鸡冠花/Jiguanhua2.jpg,87,鸡冠花
train/大腹皮/DafupiDafupi86.jpg,12,大腹皮
train/柏子仁/BaizirenBaizirenBaiziren93.jpg,26,柏子仁
train/白芍/BaishaoBaishaoBaishaoBaishao_82.jpg,46,白芍
train/瓦楞子/Walengzi19.jpg,39,瓦楞子
train/鸡内金/Jineijin36.jpg,86,鸡内金
train/沉香/ChenxiangChenxiang102.jpg,33,沉香
train/北沙参/BeishashenBeishashenBeishashen54.jpg,7,北沙参
train/柏子仁/BaizirenBaizirenBaiziren91.jpg,26,柏子仁
train/防风/FangfengFangfengFangfengFangfeng_47.jpg,84,防风
train/山茱萸/Shanzhuyu110.jpg,19,山茱萸
train/莲子心/Lianzixin97.jpg,70,莲子心
train/荆芥穗/Jingjiesui93.jpg,63,荆芥穗
train/甘草/GancaoGancaoGancaoGancao_49.jpg,41,甘草
train/金灯笼/Jindenglong101.jpg,81,金灯笼
train/薏苡仁/Yiyiren113.jpg,72,薏苡仁
train/桂枝/GuizhiGuizhiGuizhiGuizhi_80.jpg,27,桂枝
train/橘核/Juhe18.jpg,32,橘核
train/川楝子/ChuanlianziChuanlianzi56.jpg,21,川楝子
train/湖北贝母/Hubeibeimu74.jpg,37,湖北贝母
train/淡豆豉/DandouchiDandouchi49.jpg,36,淡豆豉
train/鸡内金/Jineijin35.jpg,86,鸡内金
train/五加皮/WujiapiWujiapiWujiapiWujiapi_62.jpg,2,五加皮
train/自然铜/Zirantong40.jpg,57,自然铜
train/瓦楞子/Walengzi6.jpg,39,瓦楞子
train/山茱萸/Shanzhuyu94.jpg,19,山茱萸
train/土荆皮/Tujingpi90.jpg,10,土荆皮
train/甘松/GansongGansong63.jpg,40,甘松
train/淡豆豉/DandouchiDandouchi58.jpg,36,淡豆豉
train/安息香/AnxixiangAnxixiangAnxixiang104.jpg,16,安息香
train/白茅根/BaimaogenBaimaogenBaimaogen101.jpg,48,白茅根
train/白矾/BaifanBaifanBaifan23.jpg,45,白矾
train/木丁香/Mudingxiang64.jpg,24,木丁香
train/黄芪/HuangqiHuangqi96.jpg,91,黄芪
train/川楝子/ChuanlianziChuanlianzi32.jpg,21,川楝子
train/鸡内金/Jineijin46.jpg,86,鸡内金
train/龙眼肉/Longyanrou18.jpg,92,龙眼肉
train/羌活/QianghuoQianghuoQianghuoQianghuo_79.jpg,55,羌活
train/荔枝核/Lizhihe54.jpg,65,荔枝核
train/槟榔/BinglangBinglangBinglangBinglang_62.jpg,31,槟榔
train/苏木/Sumu99.jpg,61,苏木
train/莲房/Lianfang62.jpg,71,莲房
train/郁金/Yujin8.jpg,78,郁金
train/芦根/Lugen46.jpg,59,芦根
train/白蔹/BailianBailianBailian99.jpg,49,白蔹
train/僵蚕/Jiangcan0.jpg,4,僵蚕
train/白前/BaiqianBaiqianBaiqian76.jpg,43,白前
train/荔枝核/Lizhihe118.jpg,65,荔枝核
train/天花粉/Tianhuafen108.jpg,13,天花粉
train/山慈菇/Shancigu2.jpg,18,山慈菇
train/黄芩/HuangqinHuangqinHuangqinHuangqin_38.jpg,90,黄芩
train/北沙参/BeishashenBeishashenBeishashen39.jpg,7,北沙参
train/桂枝/GuizhiGuizhiGuizhiGuizhi_91.jpg,27,桂枝
train/川木香/ChuanmuxiangChuanmuxiang66.jpg,20,川木香
train/苏木/Sumu97.jpg,61,苏木
train/冬虫夏草/DongchongxiacaoDongchongxiacao51.jpg,6,冬虫夏草
train/自然铜/Zirantong32.jpg,57,自然铜
train/防风/FangfengFangfengFangfengFangfeng_13.jpg,84,防风
train/僵蚕/Jiangcan82.jpg,4,僵蚕
train/稻芽/DaoyaDaoya50.jpg,52,稻芽
train/白前/BaiqianBaiqianBaiqian24.jpg,43,白前
train/鳖甲/BiejiaBiejiaBiejia55.jpg,85,鳖甲
train/瓦楞子/Walengzi87.jpg,39,瓦楞子
train/金果榄/Jinguolan70.jpg,80,金果榄
train/苦地丁/Kudiding11.jpg,62,苦地丁
train/秦皮/Qinpi28.jpg,51,秦皮
train/湖北贝母/Hubeibeimu21.jpg,37,湖北贝母
train/橘核/Juhe112.jpg,32,橘核
train/白芷/BaizhiBaizhiBaizhiIMG_20200720_173729.jpg,47,白芷
train/太子参/Taizishen31.jpg,15,太子参
train/秦皮/Qinpi20.jpg,51,秦皮
train/路路通/Lulutong18.jpg,77,路路通
train/莱菔子/Laifuzi97.jpg,68,莱菔子
train/九香虫/Jiuxiangchong57.jpg,1,九香虫
train/川楝子/ChuanlianziChuanlianzi51.jpg,21,川楝子
train/地龙/DilongDilong33.jpg,11,地龙
train/干姜/GanjiangGanjiang63.jpg,23,干姜
train/桑寄生/SangjishengSangjishengSangjishengSangjisheng_12.jpg,28,桑寄生
train/路路通/Lulutong39.jpg,77,路路通
train/桑螵蛸/Sangpiaoxiao37.jpg,30,桑螵蛸
train/全蝎/Quanxie24.jpg,5,全蝎
train/白矾/BaifanBaifanBaifan42.jpg,45,白矾
train/防风/FangfengFangfengFangfengFangfeng_72.jpg,84,防风
train/草豆蔻/CaodoukouCaodoukouCaodoukou32.jpg,64,草豆蔻
train/白芷/BaizhiBaizhiBaizhiIMG_20200720_173711.jpg,47,白芷
train/川木香/ChuanmuxiangChuanmuxiang54.jpg,20,川木香
train/莲子心/Lianzixin21.jpg,70,莲子心
train/浙贝母/ZhebeimuZhebeimuZhebeimuZhebeimu_44.jpg,34,浙贝母
train/龙眼肉/Longyanrou56.jpg,92,龙眼肉
train/稻芽/DaoyaDaoya46.jpg,52,稻芽
train/安息香/AnxixiangAnxixiangAnxixiang46.jpg,16,安息香
train/谷精草/GujingcaoGujingcao111.jpg,75,谷精草
train/橘核/Juhe53.jpg,32,橘核
train/黄柏/HuangboHuangboHuangboHuangbo_29.jpg,89,黄柏
train/北沙参/BeishashenBeishashenBeishashen33.jpg,7,北沙参
train/人参/Renshen100.jpg,3,人参
train/稻芽/DaoyaDaoya73.jpg,52,稻芽
train/白茅根/BaimaogenBaimaogenBaimaogen66.jpg,48,白茅根
train/白芍/BaishaoBaishaoBaishaoBaishao_49.jpg,46,白芍
train/荜澄茄/BichengqieBichengqieBichengqie91.jpg,67,荜澄茄
train/五加皮/WujiapiWujiapiWujiapiWujiapi_72.jpg,2,五加皮
train/莲房/Lianfang35.jpg,71,莲房
train/细辛/XixinXixinXixinXixin_13.jpg,54,细辛
train/黄芩/HuangqinHuangqinHuangqinHuangqin_10.jpg,90,黄芩
train/白蔹/BailianBailianBailian75.jpg,49,白蔹
train/川木香/ChuanmuxiangChuanmuxiang76.jpg,20,川木香
train/苦地丁/Kudiding30.jpg,62,苦地丁
train/桂枝/GuizhiGuizhiGuizhiIMG_20200719_174733.jpg,27,桂枝
train/路路通/Lulutong116.jpg,77,路路通
train/莲子心/Lianzixin82.jpg,70,莲子心
train/鸡冠花/Jiguanhua40.jpg,87,鸡冠花
train/金果榄/Jinguolan98.jpg,80,金果榄
train/湖北贝母/Hubeibeimu88.jpg,37,湖北贝母
train/莱菔子/Laifuzi34.jpg,68,莱菔子
train/黄柏/HuangboHuangboHuangboHuangbo_73.jpg,89,黄柏
train/丝瓜络/Sigualuo51.jpg,0,丝瓜络
train/自然铜/Zirantong84.jpg,57,自然铜
train/甘松/GansongGansong89.jpg,40,甘松
train/黄柏/HuangboHuangboHuangboHuangbo_13.jpg,89,黄柏
train/蜂房/FengfangFengfang81.jpg,74,蜂房
train/鸡内金/Jineijin70.jpg,86,鸡内金
train/桑椹/Sangshen45.jpg,29,桑椹
train/山茱萸/Shanzhuyu42.jpg,19,山茱萸
train/龙眼肉/Longyanrou19.jpg,92,龙眼肉
train/银柴胡/Yinchaihu110.jpg,83,银柴胡
train/淡豆豉/DandouchiDandouchi87.jpg,36,淡豆豉
train/山奈/Shannai2.jpg,17,山奈
train/苍术/CangzhuCangzhuCangzhuCangzhu_50.jpg,60,苍术
train/沉香/ChenxiangChenxiang67.jpg,33,沉香
train/白蔹/BailianBailianBailian25.jpg,49,白蔹
train/肉豆蔻/Roudoukou12.jpg,56,肉豆蔻
train/竹茹/Zhuru72.jpg,53,竹茹
train/羌活/QianghuoQianghuoQianghuoQianghuo_62.jpg,55,羌活
train/鸡内金/Jineijin80.jpg,86,鸡内金
train/自然铜/Zirantong83.jpg,57,自然铜
train/荜拨/BiboBiboBibo68.jpg,66,荜拨
train/秦皮/Qinpi84.jpg,51,秦皮
train/银柴胡/Yinchaihu103.jpg,83,银柴胡
train/莱菔子/Laifuzi49.jpg,68,莱菔子
train/山慈菇/Shancigu47.jpg,18,山慈菇
train/白茅根/BaimaogenBaimaogenBaimaogen45.jpg,48,白茅根
train/银柴胡/Yinchaihu114.jpg,83,银柴胡
train/细辛/XixinXixinXixinIMG_20200720_170941.jpg,54,细辛
train/九香虫/Jiuxiangchong18.jpg,1,九香虫
train/川木香/ChuanmuxiangChuanmuxiang70.jpg,20,川木香
train/全蝎/Quanxie55.jpg,5,全蝎
train/薏苡仁/Yiyiren77.jpg,72,薏苡仁
train/自然铜/Zirantong74.jpg,57,自然铜
train/芥子/Jiezi70.jpg,58,芥子
train/灵芝/Lingzhi100.jpg,38,灵芝
train/桂枝/GuizhiGuizhiGuizhiIMG_20200719_174700.jpg,27,桂枝
train/槟榔/BinglangBinglangBinglangBinglang_0.jpg,31,槟榔
train/天麻/Tianma15.jpg,14,天麻
train/瓦楞子/Walengzi36.jpg,39,瓦楞子
train/海螵蛸/HaipiaoxiaoHaipiaoxiao67.jpg,35,海螵蛸
train/甘草/GancaoGancaoGancaoIMG_20200719_172758.jpg,41,甘草
train/羌活/QianghuoQianghuoQianghuoIMG_20200719_173015_1.jpg,55,羌活
train/荜澄茄/BichengqieBichengqieBichengqie33.jpg,67,荜澄茄
train/谷精草/GujingcaoGujingcao66.jpg,75,谷精草
train/沉香/ChenxiangChenxiang34.jpg,33,沉香
train/甘草/GancaoGancaoGancaoGancao_24.jpg,41,甘草
train/木丁香/Mudingxiang85.jpg,24,木丁香
train/天麻/Tianma94.jpg,14,天麻
train/稻芽/DaoyaDaoya41.jpg,52,稻芽
train/苍术/CangzhuCangzhuCangzhuIMG_20200720_165840.jpg,60,苍术
train/山奈/Shannai87.jpg,17,山奈
train/白芷/BaizhiBaizhiBaizhiIMG_20200720_173749.jpg,47,白芷
train/莲子心/Lianzixin39.jpg,70,莲子心
train/番泻叶/FanxieyeFanxieye117.jpg,42,番泻叶
train/黄芩/HuangqinHuangqinHuangqinHuangqin_49.jpg,90,黄芩
train/白扁豆/BaibiandouBaibiandouBaibiandou109.jpg,44,白扁豆
train/白茅根/BaimaogenBaimaogenBaimaogen107.jpg,48,白茅根
train/竹茹/Zhuru22.jpg,53,竹茹
train/金钱白花蛇/Jinqianbaihuashe63.jpg,82,金钱白花蛇
train/枸杞子/GouqiziGouqizi102.jpg,25,枸杞子
train/川楝子/ChuanlianziChuanlianzi60.jpg,21,川楝子
train/白茅根/BaimaogenBaimaogenBaimaogen42.jpg,48,白茅根
train/芦根/Lugen18.jpg,59,芦根
train/薏苡仁/Yiyiren20.jpg,72,薏苡仁
train/路路通/Lulutong81.jpg,77,路路通
train/天麻/Tianma110.jpg,14,天麻
train/莲子/Lianzi84.jpg,69,莲子
train/谷精草/GujingcaoGujingcao93.jpg,75,谷精草
train/鳖甲/BiejiaBiejiaBiejia87.jpg,85,鳖甲
train/淡豆豉/DandouchiDandouchi88.jpg,36,淡豆豉
train/金钱白花蛇/Jinqianbaihuashe98.jpg,82,金钱白花蛇
train/冬虫夏草/DongchongxiacaoDongchongxiacao72.jpg,6,冬虫夏草
train/谷精草/GujingcaoGujingcao69.jpg,75,谷精草
train/木丁香/Mudingxiang91.jpg,24,木丁香
train/防风/FangfengFangfengFangfengFangfeng_38.jpg,84,防风
train/黄柏/HuangboHuangboHuangboHuangbo_49.jpg,89,黄柏
train/千年健/Qiannianjian62.jpg,8,千年健
train/全蝎/Quanxie65.jpg,5,全蝎
train/柏子仁/BaizirenBaizirenBaiziren65.jpg,26,柏子仁
train/郁金/Yujin32.jpg,78,郁金
train/荆芥穗/Jingjiesui53.jpg,63,荆芥穗
train/枸杞子/GouqiziGouqizi92.jpg,25,枸杞子
train/湖北贝母/Hubeibeimu101.jpg,37,湖北贝母
train/僵蚕/Jiangcan77.jpg,4,僵蚕
train/金果榄/Jinguolan67.jpg,80,金果榄
train/天花粉/Tianhuafen79.jpg,13,天花粉
train/土荆皮/Tujingpi58.jpg,10,土荆皮
train/白扁豆/BaibiandouBaibiandouBaibiandou106.jpg,44,白扁豆
train/苍术/CangzhuCangzhuCangzhuIMG_20200720_165913.jpg,60,苍术
train/秦皮/Qinpi92.jpg,51,秦皮
train/太子参/Taizishen50.jpg,15,太子参
train/鳖甲/BiejiaBiejiaBiejia83.jpg,85,鳖甲
train/番泻叶/FanxieyeFanxieye74.jpg,42,番泻叶
train/枸杞子/GouqiziGouqizi83.jpg,25,枸杞子
train/五加皮/WujiapiWujiapiWujiapiWujiapi_56.jpg,2,五加皮
train/柏子仁/BaizirenBaizirenBaiziren57.jpg,26,柏子仁
train/安息香/AnxixiangAnxixiangAnxixiang22.jpg,16,安息香
train/桑螵蛸/Sangpiaoxiao55.jpg,30,桑螵蛸
train/路路通/Lulutong86.jpg,77,路路通
train/黄芪/HuangqiHuangqi70.jpg,91,黄芪
train/山慈菇/Shancigu40.jpg,18,山慈菇
train/秦皮/Qinpi1.jpg,51,秦皮
train/蜂房/FengfangFengfang43.jpg,74,蜂房
train/白前/BaiqianBaiqianBaiqian31.jpg,43,白前
train/金钱白花蛇/Jinqianbaihuashe6.jpg,82,金钱白花蛇
train/防风/FangfengFangfengFangfengFangfeng_33.jpg,84,防风
train/莲房/Lianfang98.jpg,71,莲房
train/木丁香/Mudingxiang70.jpg,24,木丁香
train/天麻/Tianma66.jpg,14,天麻
train/金果榄/Jinguolan56.jpg,80,金果榄
train/白茅根/BaimaogenBaimaogenBaimaogen73.jpg,48,白茅根
train/荜澄茄/BichengqieBichengqieBichengqie99.jpg,67,荜澄茄
train/莲房/Lianfang102.jpg,71,莲房
train/川楝子/ChuanlianziChuanlianzi67.jpg,21,川楝子
train/甘草/GancaoGancaoGancaoGancao_30.jpg,41,甘草
train/鳖甲/BiejiaBiejiaBiejia44.jpg,85,鳖甲
train/稻芽/DaoyaDaoya49.jpg,52,稻芽
train/藁本/GaobenGaobenGaobenIMG_20200720_174335.jpg,73,藁本
train/防风/FangfengFangfengFangfengFangfeng_16.jpg,84,防风
train/白芷/BaizhiBaizhiBaizhiBaizhi_18.jpg,47,白芷
train/荔枝核/Lizhihe57.jpg,65,荔枝核
train/白蔹/BailianBailianBailian118.jpg,49,白蔹
train/苦地丁/Kudiding6.jpg,62,苦地丁
train/天花粉/Tianhuafen47.jpg,13,天花粉
train/木丁香/Mudingxiang88.jpg,24,木丁香
train/木丁香/Mudingxiang118.jpg,24,木丁香
train/土荆皮/Tujingpi27.jpg,10,土荆皮
train/番泻叶/FanxieyeFanxieye103.jpg,42,番泻叶
train/谷精草/GujingcaoGujingcao43.jpg,75,谷精草
train/九香虫/Jiuxiangchong32.jpg,1,九香虫
train/山茱萸/Shanzhuyu103.jpg,19,山茱萸
train/柏子仁/BaizirenBaizirenBaiziren50.jpg,26,柏子仁
train/白前/BaiqianBaiqianBaiqian41.jpg,43,白前
train/莲房/Lianfang20.jpg,71,莲房
train/草豆蔻/CaodoukouCaodoukouCaodoukou92.jpg,64,草豆蔻
train/金果榄/Jinguolan63.jpg,80,金果榄
train/合欢皮/HehuanpiHehuanpi85.jpg,9,合欢皮
train/淡豆豉/DandouchiDandouchi97.jpg,36,淡豆豉
train/竹茹/Zhuru44.jpg,53,竹茹
train/桑椹/Sangshen98.jpg,29,桑椹
train/山茱萸/Shanzhuyu79.jpg,19,山茱萸
train/湖北贝母/Hubeibeimu60.jpg,37,湖北贝母
train/蜂房/FengfangFengfang56.jpg,74,蜂房
train/苏木/Sumu75.jpg,61,苏木
train/白蔹/BailianBailianBailian71.jpg,49,白蔹
train/郁金/Yujin5.jpg,78,郁金
train/白前/BaiqianBaiqianBaiqian102.jpg,43,白前
train/干姜/GanjiangGanjiang80.jpg,23,干姜
train/谷芽/GuyaGuya65.jpg,76,谷芽
train/鳖甲/BiejiaBiejiaBiejia85.jpg,85,鳖甲
train/山慈菇/Shancigu34.jpg,18,山慈菇
train/薏苡仁/Yiyiren63.jpg,72,薏苡仁
train/荔枝核/Lizhihe81.jpg,65,荔枝核
train/全蝎/Quanxie27.jpg,5,全蝎
train/白芷/BaizhiBaizhiBaizhiBaizhi_11.jpg,47,白芷
train/柏子仁/BaizirenBaizirenBaiziren85.jpg,26,柏子仁
train/柏子仁/BaizirenBaizirenBaiziren73.jpg,26,柏子仁
train/黄芩/HuangqinHuangqinHuangqinIMG_20200724_175135.jpg,90,黄芩
train/谷精草/GujingcaoGujingcao51.jpg,75,谷精草
train/银柴胡/Yinchaihu48.jpg,83,银柴胡
train/冬虫夏草/DongchongxiacaoDongchongxiacao93.jpg,6,冬虫夏草
train/鳖甲/BiejiaBiejiaBiejia64.jpg,85,鳖甲
train/灵芝/Lingzhi109.jpg,38,灵芝
train/白芷/BaizhiBaizhiBaizhiBaizhi_9.jpg,47,白芷
train/安息香/AnxixiangAnxixiangAnxixiang36.jpg,16,安息香
train/白蔹/BailianBailianBailian63.jpg,49,白蔹
train/蜂房/FengfangFengfang25.jpg,74,蜂房
train/肉豆蔻/Roudoukou15.jpg,56,肉豆蔻
train/荜澄茄/BichengqieBichengqieBichengqie35.jpg,67,荜澄茄
train/海螵蛸/HaipiaoxiaoHaipiaoxiao110.jpg,35,海螵蛸
train/北沙参/BeishashenBeishashenBeishashen113.jpg,7,北沙参
train/羌活/QianghuoQianghuoQianghuoQianghuo_38.jpg,55,羌活
train/瓦楞子/Walengzi44.jpg,39,瓦楞子
train/桑螵蛸/Sangpiaoxiao19.jpg,30,桑螵蛸
train/路路通/Lulutong90.jpg,77,路路通
train/白芍/BaishaoBaishaoBaishaoBaishao_42.jpg,46,白芍
train/莲房/Lianfang87.jpg,71,莲房
train/藁本/GaobenGaobenGaobenIMG_20200720_174334.jpg,73,藁本
train/北沙参/BeishashenBeishashenBeishashen53.jpg,7,北沙参
train/龙眼肉/Longyanrou30.jpg,92,龙眼肉
train/鸡内金/Jineijin104.jpg,86,鸡内金
train/土荆皮/Tujingpi24.jpg,10,土荆皮
train/太子参/Taizishen69.jpg,15,太子参
train/白芷/BaizhiBaizhiBaizhiBaizhi_1.jpg,47,白芷
train/郁金/Yujin17.jpg,78,郁金
train/麦冬/Maidong107.jpg,88,麦冬
train/白芍/BaishaoBaishaoBaishaoBaishao_5.jpg,46,白芍
train/黄芪/HuangqiHuangqi49.jpg,91,黄芪
train/防风/FangfengFangfengFangfengFangfeng_29.jpg,84,防风
train/秦皮/Qinpi6.jpg,51,秦皮
train/肉豆蔻/Roudoukou85.jpg,56,肉豆蔻
train/湖北贝母/Hubeibeimu76.jpg,37,湖北贝母
train/川木香/ChuanmuxiangChuanmuxiang108.jpg,20,川木香
train/荜拨/BiboBiboBibo43.jpg,66,荜拨
train/鳖甲/BiejiaBiejiaBiejia56.jpg,85,鳖甲
train/湖北贝母/Hubeibeimu87.jpg,37,湖北贝母
train/千年健/Qiannianjian71.jpg,8,千年健
train/苏木/Sumu14.jpg,61,苏木
train/白芷/BaizhiBaizhiBaizhiIMG_20200720_173736.jpg,47,白芷
train/僵蚕/Jiangcan25.jpg,4,僵蚕
train/鸡内金/Jineijin38.jpg,86,鸡内金
train/黄芩/HuangqinHuangqinHuangqinIMG_20200724_175142.jpg,90,黄芩
train/桂枝/GuizhiGuizhiGuizhiGuizhi_63.jpg,27,桂枝
train/羌活/QianghuoQianghuoQianghuoQianghuo_53.jpg,55,羌活
train/芥子/Jiezi75.jpg,58,芥子
train/桑螵蛸/Sangpiaoxiao45.jpg,30,桑螵蛸
train/莲子心/Lianzixin7.jpg,70,莲子心
train/湖北贝母/Hubeibeimu43.jpg,37,湖北贝母
train/湖北贝母/Hubeibeimu103.jpg,37,湖北贝母
train/川楝子/ChuanlianziChuanlianzi82.jpg,21,川楝子
train/土荆皮/Tujingpi78.jpg,10,土荆皮
train/番泻叶/FanxieyeFanxieye27.jpg,42,番泻叶
train/全蝎/Quanxie103.jpg,5,全蝎
train/合欢皮/HehuanpiHehuanpi58.jpg,9,合欢皮
train/冬虫夏草/DongchongxiacaoDongchongxiacao42.jpg,6,冬虫夏草
train/地龙/DilongDilong102.jpg,11,地龙
train/川牛膝/ChuanniuxiChuanniuxi65.jpg,22,川牛膝
train/蜂房/FengfangFengfang60.jpg,74,蜂房
train/银柴胡/Yinchaihu66.jpg,83,银柴胡
train/合欢皮/HehuanpiHehuanpi62.jpg,9,合欢皮
train/竹茹/Zhuru81.jpg,53,竹茹
train/合欢皮/HehuanpiHehuanpi43.jpg,9,合欢皮
train/白茅根/BaimaogenBaimaogenBaimaogen113.jpg,48,白茅根
train/山茱萸/Shanzhuyu33.jpg,19,山茱萸
train/薏苡仁/Yiyiren28.jpg,72,薏苡仁
train/太子参/Taizishen16.jpg,15,太子参
train/白蔹/BailianBailianBailian47.jpg,49,白蔹
train/鸡冠花/Jiguanhua58.jpg,87,鸡冠花
train/防风/FangfengFangfengFangfengFangfeng_0.jpg,84,防风
train/藁本/GaobenGaobenGaobenGaoben_52.jpg,73,藁本
train/羌活/QianghuoQianghuoQianghuoQianghuo_35.jpg,55,羌活
train/稻芽/DaoyaDaoya87.jpg,52,稻芽
train/山奈/Shannai49.jpg,17,山奈
train/荜拨/BiboBiboBibo22.jpg,66,荜拨
train/自然铜/Zirantong27.jpg,57,自然铜
train/芦根/Lugen71.jpg,59,芦根
train/浙贝母/ZhebeimuZhebeimuZhebeimuIMG_20200722_171158.jpg,34,浙贝母
train/莱菔子/Laifuzi63.jpg,68,莱菔子
train/淡豆豉/DandouchiDandouchi96.jpg,36,淡豆豉
train/荜拨/BiboBiboBibo41.jpg,66,荜拨
train/千年健/Qiannianjian25.jpg,8,千年健
train/北沙参/BeishashenBeishashenBeishashen66.jpg,7,北沙参
train/防风/FangfengFangfengFangfengIMG_20200720_174555_1.jpg,84,防风
train/枸杞子/GouqiziGouqizi110.jpg,25,枸杞子
train/天花粉/Tianhuafen84.jpg,13,天花粉
train/白矾/BaifanBaifanBaifan81.jpg,45,白矾
train/鸡冠花/Jiguanhua72.jpg,87,鸡冠花
train/湖北贝母/Hubeibeimu23.jpg,37,湖北贝母
train/路路通/Lulutong103.jpg,77,路路通
train/竹茹/Zhuru114.jpg,53,竹茹
train/鸡内金/Jineijin3.jpg,86,鸡内金
train/薏苡仁/Yiyiren0.jpg,72,薏苡仁
train/藁本/GaobenGaobenGaobenGaoben_59.jpg,73,藁本
train/莲房/Lianfang60.jpg,71,莲房
train/肉豆蔻/Roudoukou104.jpg,56,肉豆蔻
train/苦地丁/Kudiding104.jpg,62,苦地丁
train/苏木/Sumu107.jpg,61,苏木
train/黄柏/HuangboHuangboHuangboIMG_20200724_175557.jpg,89,黄柏
train/防风/FangfengFangfengFangfengFangfeng_12.jpg,84,防风
train/地龙/DilongDilong100.jpg,11,地龙
train/番泻叶/FanxieyeFanxieye70.jpg,42,番泻叶
train/肉豆蔻/Roudoukou113.jpg,56,肉豆蔻
train/太子参/Taizishen3.jpg,15,太子参
train/莱菔子/Laifuzi72.jpg,68,莱菔子
train/苦地丁/Kudiding37.jpg,62,苦地丁
train/地龙/DilongDilong23.jpg,11,地龙
train/淡豆豉/DandouchiDandouchi106.jpg,36,淡豆豉
train/山茱萸/Shanzhuyu44.jpg,19,山茱萸
train/丝瓜络/Sigualuo78.jpg,0,丝瓜络
train/桑椹/Sangshen71.jpg,29,桑椹
train/白矾/BaifanBaifanBaifan94.jpg,45,白矾
train/地龙/DilongDilong79.jpg,11,地龙
train/谷芽/GuyaGuya34.jpg,76,谷芽
train/淡豆豉/DandouchiDandouchi90.jpg,36,淡豆豉
train/莲房/Lianfang82.jpg,71,莲房
train/金果榄/Jinguolan113.jpg,80,金果榄
train/鸡内金/Jineijin42.jpg,86,鸡内金
train/淡豆豉/DandouchiDandouchi63.jpg,36,淡豆豉
train/白矾/BaifanBaifanBaifan87.jpg,45,白矾
train/苏木/Sumu113.jpg,61,苏木
train/肉豆蔻/Roudoukou53.jpg,56,肉豆蔻
train/甘松/GansongGansong76.jpg,40,甘松
train/浙贝母/ZhebeimuZhebeimuZhebeimuIMG_20200722_171154.jpg,34,浙贝母
train/藁本/GaobenGaobenGaobenGaoben_45.jpg,73,藁本
train/山慈菇/Shancigu22.jpg,18,山慈菇
train/鸡冠花/Jiguanhua92.jpg,87,鸡冠花
train/木丁香/Mudingxiang45.jpg,24,木丁香
train/白扁豆/BaibiandouBaibiandouBaibiandou59.jpg,44,白扁豆
train/白蔹/BailianBailianBailian114.jpg,49,白蔹
train/莱菔子/Laifuzi118.jpg,68,莱菔子
train/橘核/Juhe21.jpg,32,橘核
train/金果榄/Jinguolan101.jpg,80,金果榄
train/谷芽/GuyaGuya96.jpg,76,谷芽
train/槟榔/BinglangBinglangBinglangIMG_20200719_180522.jpg,31,槟榔
train/千年健/Qiannianjian85.jpg,8,千年健
train/海螵蛸/HaipiaoxiaoHaipiaoxiao52.jpg,35,海螵蛸
train/芥子/Jiezi44.jpg,58,芥子
train/荜拨/BiboBiboBibo89.jpg,66,荜拨
train/甘草/GancaoGancaoGancaoGancao_27.jpg,41,甘草
train/苏木/Sumu53.jpg,61,苏木
train/白芷/BaizhiBaizhiBaizhiBaizhi_19.jpg,47,白芷
train/桑螵蛸/Sangpiaoxiao4.jpg,30,桑螵蛸
train/太子参/Taizishen55.jpg,15,太子参
train/芥子/Jiezi87.jpg,58,芥子
train/鸡冠花/Jiguanhua77.jpg,87,鸡冠花
train/郁金/Yujin40.jpg,78,郁金
train/酸枣仁/SuanzaorenSuanzaorenSuanzaorenSuanzaoren_60.jpg,79,酸枣仁
train/路路通/Lulutong15.jpg,77,路路通
train/金果榄/Jinguolan57.jpg,80,金果榄
train/合欢皮/HehuanpiHehuanpi39.jpg,9,合欢皮
train/湖北贝母/Hubeibeimu6.jpg,37,湖北贝母
train/五加皮/WujiapiWujiapiWujiapiWujiapi_47.jpg,2,五加皮
train/苦地丁/Kudiding31.jpg,62,苦地丁
train/荔枝核/Lizhihe15.jpg,65,荔枝核
train/五加皮/WujiapiWujiapiWujiapiWujiapi_123.jpg,2,五加皮
train/合欢皮/HehuanpiHehuanpi101.jpg,9,合欢皮
train/橘核/Juhe51.jpg,32,橘核
train/自然铜/Zirantong6.jpg,57,自然铜
train/路路通/Lulutong62.jpg,77,路路通
train/番泻叶/FanxieyeFanxieye29.jpg,42,番泻叶
train/地龙/DilongDilong111.jpg,11,地龙
train/黄柏/HuangboHuangboHuangboIMG_20200724_175603.jpg,89,黄柏
train/芥子/Jiezi20.jpg,58,芥子
train/沉香/ChenxiangChenxiang47.jpg,33,沉香
train/甘松/GansongGansong59.jpg,40,甘松
train/沉香/ChenxiangChenxiang71.jpg,33,沉香
train/黄芩/HuangqinHuangqinHuangqinHuangqin_42.jpg,90,黄芩
train/木丁香/Mudingxiang18.jpg,24,木丁香
train/川楝子/ChuanlianziChuanlianzi41.jpg,21,川楝子
train/细辛/XixinXixinXixinIMG_20200720_170952.jpg,54,细辛
train/鸡冠花/Jiguanhua73.jpg,87,鸡冠花
train/谷芽/GuyaGuya58.jpg,76,谷芽
train/荆芥穗/Jingjiesui79.jpg,63,荆芥穗
train/九香虫/Jiuxiangchong31.jpg,1,九香虫
train/桑寄生/SangjishengSangjishengSangjishengSangjisheng_24.jpg,28,桑寄生
train/芥子/Jiezi34.jpg,58,芥子
train/荆芥穗/Jingjiesui82.jpg,63,荆芥穗
train/荆芥穗/Jingjiesui35.jpg,63,荆芥穗
train/黄芪/HuangqiHuangqi72.jpg,91,黄芪
train/土荆皮/Tujingpi47.jpg,10,土荆皮
train/细辛/XixinXixinXixinXixin_47.jpg,54,细辛
train/川楝子/ChuanlianziChuanlianzi107.jpg,21,川楝子
train/黄柏/HuangboHuangboHuangboIMG_20200724_175616.jpg,89,黄柏
train/枸杞子/GouqiziGouqizi48.jpg,25,枸杞子
train/海螵蛸/HaipiaoxiaoHaipiaoxiao39.jpg,35,海螵蛸
train/木丁香/Mudingxiang3.jpg,24,木丁香
train/黄芩/HuangqinHuangqinHuangqinHuangqin_85.jpg,90,黄芩
train/白前/BaiqianBaiqianBaiqian92.jpg,43,白前
train/冬虫夏草/DongchongxiacaoDongchongxiacao36.jpg,6,冬虫夏草
train/僵蚕/Jiangcan102.jpg,4,僵蚕
train/白扁豆/BaibiandouBaibiandouBaibiandou24.jpg,44,白扁豆
train/天花粉/Tianhuafen22.jpg,13,天花粉
train/金灯笼/Jindenglong5.jpg,81,金灯笼
train/天麻/Tianma101.jpg,14,天麻
train/丝瓜络/Sigualuo105.jpg,0,丝瓜络
train/路路通/Lulutong83.jpg,77,路路通
train/土荆皮/Tujingpi41.jpg,10,土荆皮
train/槟榔/BinglangBinglangBinglangIMG_20200719_180601.jpg,31,槟榔
train/龙眼肉/Longyanrou115.jpg,92,龙眼肉
train/天麻/Tianma60.jpg,14,天麻
train/僵蚕/Jiangcan33.jpg,4,僵蚕
train/自然铜/Zirantong102.jpg,57,自然铜
train/草豆蔻/CaodoukouCaodoukouCaodoukou49.jpg,64,草豆蔻
train/黄芩/HuangqinHuangqinHuangqinHuangqin_52.jpg,90,黄芩
train/稻芽/DaoyaDaoya79.jpg,52,稻芽
train/肉豆蔻/Roudoukou95.jpg,56,肉豆蔻
train/木丁香/Mudingxiang115.jpg,24,木丁香
train/天花粉/Tianhuafen6.jpg,13,天花粉
train/稻芽/DaoyaDaoya47.jpg,52,稻芽
train/甘草/GancaoGancaoGancaoGancao_32.jpg,41,甘草
train/金钱白花蛇/Jinqianbaihuashe36.jpg,82,金钱白花蛇
train/白前/BaiqianBaiqianBaiqian77.jpg,43,白前
train/苦地丁/Kudiding48.jpg,62,苦地丁
train/荔枝核/Lizhihe37.jpg,65,荔枝核
train/黄柏/HuangboHuangboHuangboHuangbo_94.jpg,89,黄柏
train/白矾/BaifanBaifanBaifan105.jpg,45,白矾
train/川木香/ChuanmuxiangChuanmuxiang42.jpg,20,川木香
train/薏苡仁/Yiyiren19.jpg,72,薏苡仁
train/人参/Renshen65.jpg,3,人参
train/麦冬/Maidong40.jpg,88,麦冬
train/白芍/BaishaoBaishaoBaishaoBaishao_7.jpg,46,白芍
train/石榴皮/Shiliupi21.jpg,50,石榴皮
train/槟榔/BinglangBinglangBinglangIMG_20200719_180508.jpg,31,槟榔
train/秦皮/Qinpi85.jpg,51,秦皮
train/莲房/Lianfang90.jpg,71,莲房
train/淡豆豉/DandouchiDandouchi91.jpg,36,淡豆豉
train/天麻/Tianma58.jpg,14,天麻
train/草豆蔻/CaodoukouCaodoukouCaodoukou99.jpg,64,草豆蔻
train/地龙/DilongDilong37.jpg,11,地龙
train/细辛/XixinXixinXixinXixin_33.jpg,54,细辛
train/丝瓜络/Sigualuo50.jpg,0,丝瓜络
train/酸枣仁/SuanzaorenSuanzaorenSuanzaorenSuanzaoren_52.jpg,79,酸枣仁
train/白芷/BaizhiBaizhiBaizhiBaizhi_32.jpg,47,白芷
train/地龙/DilongDilong58.jpg,11,地龙
train/酸枣仁/SuanzaorenSuanzaorenSuanzaorenSuanzaoren_22.jpg,79,酸枣仁
train/桂枝/GuizhiGuizhiGuizhiIMG_20200719_174652.jpg,27,桂枝
train/荔枝核/Lizhihe63.jpg,65,荔枝核
train/白茅根/BaimaogenBaimaogenBaimaogen110.jpg,48,白茅根
train/桂枝/GuizhiGuizhiGuizhiGuizhi_64.jpg,27,桂枝
train/大腹皮/DafupiDafupi55.jpg,12,大腹皮
train/浙贝母/ZhebeimuZhebeimuZhebeimuZhebeimu_71.jpg,34,浙贝母
train/沉香/ChenxiangChenxiang30.jpg,33,沉香
train/金钱白花蛇/Jinqianbaihuashe18.jpg,82,金钱白花蛇
train/白茅根/BaimaogenBaimaogenBaimaogen37.jpg,48,白茅根
train/白蔹/BailianBailianBailian59.jpg,49,白蔹
train/瓦楞子/Walengzi91.jpg,39,瓦楞子
train/白矾/BaifanBaifanBaifan86.jpg,45,白矾
train/僵蚕/Jiangcan103.jpg,4,僵蚕
train/麦冬/Maidong95.jpg,88,麦冬
train/槟榔/BinglangBinglangBinglangBinglang_59.jpg,31,槟榔
train/桑椹/Sangshen67.jpg,29,桑椹
train/金灯笼/Jindenglong1.jpg,81,金灯笼
train/金灯笼/Jindenglong17.jpg,81,金灯笼
train/冬虫夏草/DongchongxiacaoDongchongxiacao73.jpg,6,冬虫夏草
train/荔枝核/Lizhihe106.jpg,65,荔枝核
train/秦皮/Qinpi66.jpg,51,秦皮
train/丝瓜络/Sigualuo58.jpg,0,丝瓜络
train/薏苡仁/Yiyiren21.jpg,72,薏苡仁
train/五加皮/WujiapiWujiapiWujiapiIMG_20200722_170016.jpg,2,五加皮
train/淡豆豉/DandouchiDandouchi92.jpg,36,淡豆豉
train/僵蚕/Jiangcan54.jpg,4,僵蚕
train/土荆皮/Tujingpi119.jpg,10,土荆皮
train/谷精草/GujingcaoGujingcao78.jpg,75,谷精草
train/北沙参/BeishashenBeishashenBeishashen87.jpg,7,北沙参
train/龙眼肉/Longyanrou12.jpg,92,龙眼肉
train/黄芩/HuangqinHuangqinHuangqinHuangqin_15.jpg,90,黄芩
train/芦根/Lugen95.jpg,59,芦根
train/荜澄茄/BichengqieBichengqieBichengqie51.jpg,67,荜澄茄
train/苏木/Sumu3.jpg,61,苏木
train/芦根/Lugen23.jpg,59,芦根
train/莲子心/Lianzixin86.jpg,70,莲子心
train/谷芽/GuyaGuya61.jpg,76,谷芽
train/酸枣仁/SuanzaorenSuanzaorenSuanzaorenSuanzaoren_45.jpg,79,酸枣仁
train/桑寄生/SangjishengSangjishengSangjishengIMG_20200724_180449.jpg,28,桑寄生
train/天花粉/Tianhuafen68.jpg,13,天花粉
train/橘核/Juhe29.jpg,32,橘核
train/羌活/QianghuoQianghuoQianghuoIMG_20200719_173052.jpg,55,羌活
train/蜂房/FengfangFengfang36.jpg,74,蜂房
train/丝瓜络/Sigualuo95.jpg,0,丝瓜络
train/九香虫/Jiuxiangchong116.jpg,1,九香虫
train/蜂房/FengfangFengfang24.jpg,74,蜂房
train/荜澄茄/BichengqieBichengqieBichengqie67.jpg,67,荜澄茄
train/自然铜/Zirantong41.jpg,57,自然铜
train/黄芩/HuangqinHuangqinHuangqinHuangqin_91.jpg,90,黄芩
train/芦根/Lugen47.jpg,59,芦根
train/莱菔子/Laifuzi82.jpg,68,莱菔子
train/太子参/Taizishen34.jpg,15,太子参
train/湖北贝母/Hubeibeimu93.jpg,37,湖北贝母
train/苦地丁/Kudiding57.jpg,62,苦地丁
train/银柴胡/Yinchaihu111.jpg,83,银柴胡
train/柏子仁/BaizirenBaizirenBaiziren100.jpg,26,柏子仁
train/安息香/AnxixiangAnxixiangAnxixiang108.jpg,16,安息香
train/羌活/QianghuoQianghuoQianghuoQianghuo_73.jpg,55,羌活
train/木丁香/Mudingxiang81.jpg,24,木丁香
train/僵蚕/Jiangcan4.jpg,4,僵蚕
train/苦地丁/Kudiding80.jpg,62,苦地丁
train/苦地丁/Kudiding74.jpg,62,苦地丁
train/路路通/Lulutong53.jpg,77,路路通
train/莲子/Lianzi66.jpg,69,莲子
train/山茱萸/Shanzhuyu112.jpg,19,山茱萸
train/北沙参/BeishashenBeishashenBeishashen84.jpg,7,北沙参
train/天麻/Tianma17.jpg,14,天麻
train/白茅根/BaimaogenBaimaogenBaimaogen108.jpg,48,白茅根
train/合欢皮/HehuanpiHehuanpi61.jpg,9,合欢皮
train/鸡内金/Jineijin90.jpg,86,鸡内金
train/九香虫/Jiuxiangchong74.jpg,1,九香虫
train/桂枝/GuizhiGuizhiGuizhiGuizhi_35.jpg,27,桂枝
train/鸡内金/Jineijin111.jpg,86,鸡内金
train/山奈/Shannai14.jpg,17,山奈
train/山奈/Shannai37.jpg,17,山奈
train/荜拨/BiboBiboBibo82.jpg,66,荜拨
train/银柴胡/Yinchaihu119.jpg,83,银柴胡
train/荜澄茄/BichengqieBichengqieBichengqie31.jpg,67,荜澄茄
train/鸡内金/Jineijin1.jpg,86,鸡内金
train/柏子仁/BaizirenBaizirenBaiziren69.jpg,26,柏子仁
train/白芍/BaishaoBaishaoBaishaoBaishao_1.jpg,46,白芍
train/甘草/GancaoGancaoGancaoGancao_61.jpg,41,甘草
train/金果榄/Jinguolan50.jpg,80,金果榄
train/木丁香/Mudingxiang99.jpg,24,木丁香
train/细辛/XixinXixinXixinIMG_20200720_170937.jpg,54,细辛
train/鳖甲/BiejiaBiejiaBiejia34.jpg,85,鳖甲
train/自然铜/Zirantong61.jpg,57,自然铜
train/莱菔子/Laifuzi119.jpg,68,莱菔子
train/冬虫夏草/DongchongxiacaoDongchongxiacao21.jpg,6,冬虫夏草
train/秦皮/Qinpi45.jpg,51,秦皮
train/鸡内金/Jineijin50.jpg,86,鸡内金
train/山茱萸/Shanzhuyu32.jpg,19,山茱萸
train/龙眼肉/Longyanrou105.jpg,92,龙眼肉
train/芥子/Jiezi29.jpg,58,芥子
train/五加皮/WujiapiWujiapiWujiapiWujiapi_69.jpg,2,五加皮
train/防风/FangfengFangfengFangfengFangfeng_70.jpg,84,防风
train/土荆皮/Tujingpi40.jpg,10,土荆皮
train/蜂房/FengfangFengfang83.jpg,74,蜂房
train/干姜/GanjiangGanjiang74.jpg,23,干姜
train/自然铜/Zirantong53.jpg,57,自然铜
train/人参/Renshen35.jpg,3,人参
train/芥子/Jiezi77.jpg,58,芥子
train/防风/FangfengFangfengFangfengFangfeng_36.jpg,84,防风
train/莲子/Lianzi70.jpg,69,莲子
train/大腹皮/DafupiDafupi97.jpg,12,大腹皮
train/沉香/ChenxiangChenxiang82.jpg,33,沉香
train/酸枣仁/SuanzaorenSuanzaorenSuanzaorenSuanzaoren_35.jpg,79,酸枣仁
train/酸枣仁/SuanzaorenSuanzaorenSuanzaorenSuanzaoren_63.jpg,79,酸枣仁
train/金钱白花蛇/Jinqianbaihuashe19.jpg,82,金钱白花蛇
train/淡豆豉/DandouchiDandouchi66.jpg,36,淡豆豉
train/荜拨/BiboBiboBibo70.jpg,66,荜拨
train/僵蚕/Jiangcan12.jpg,4,僵蚕
train/木丁香/Mudingxiang49.jpg,24,木丁香
train/五加皮/WujiapiWujiapiWujiapiWujiapi_85.jpg,2,五加皮
train/芥子/Jiezi30.jpg,58,芥子
train/芥子/Jiezi8.jpg,58,芥子
train/川楝子/ChuanlianziChuanlianzi64.jpg,21,川楝子
train/橘核/Juhe83.jpg,32,橘核
train/木丁香/Mudingxiang34.jpg,24,木丁香
train/黄芪/HuangqiHuangqi94.jpg,91,黄芪
train/柏子仁/BaizirenBaizirenBaiziren30.jpg,26,柏子仁
train/九香虫/Jiuxiangchong36.jpg,1,九香虫
train/石榴皮/Shiliupi16.jpg,50,石榴皮
train/肉豆蔻/Roudoukou14.jpg,56,肉豆蔻
train/自然铜/Zirantong91.jpg,57,自然铜
train/荜拨/BiboBiboBibo34.jpg,66,荜拨
train/湖北贝母/Hubeibeimu82.jpg,37,湖北贝母
train/甘草/GancaoGancaoGancaoGancao_29.jpg,41,甘草
train/藁本/GaobenGaobenGaobenGaoben_33.jpg,73,藁本
train/桑椹/Sangshen44.jpg,29,桑椹
train/灵芝/Lingzhi0.jpg,38,灵芝
train/丝瓜络/Sigualuo112.jpg,0,丝瓜络
train/桑椹/Sangshen90.jpg,29,桑椹
train/甘草/GancaoGancaoGancaoGancao_70.jpg,41,甘草
train/千年健/Qiannianjian99.jpg,8,千年健
train/人参/Renshen40.jpg,3,人参
train/川牛膝/ChuanniuxiChuanniuxi64.jpg,22,川牛膝
train/麦冬/Maidong50.jpg,88,麦冬
train/羌活/QianghuoQianghuoQianghuoQianghuo_83.jpg,55,羌活
train/黄柏/HuangboHuangboHuangboHuangbo_44.jpg,89,黄柏
train/苦地丁/Kudiding46.jpg,62,苦地丁
train/灵芝/Lingzhi90.jpg,38,灵芝
train/莱菔子/Laifuzi45.jpg,68,莱菔子
train/荔枝核/Lizhihe30.jpg,65,荔枝核
train/酸枣仁/SuanzaorenSuanzaorenSuanzaorenSuanzaoren_49.jpg,79,酸枣仁
train/羌活/QianghuoQianghuoQianghuoQianghuo_26.jpg,55,羌活
train/苏木/Sumu80.jpg,61,苏木
train/山茱萸/Shanzhuyu5.jpg,19,山茱萸
train/浙贝母/ZhebeimuZhebeimuZhebeimuIMG_20200722_171205.jpg,34,浙贝母
train/自然铜/Zirantong93.jpg,57,自然铜
train/苍术/CangzhuCangzhuCangzhuCangzhu_5.jpg,60,苍术
train/白蔹/BailianBailianBailian31.jpg,49,白蔹
train/灵芝/Lingzhi118.jpg,38,灵芝
train/白茅根/BaimaogenBaimaogenBaimaogen70.jpg,48,白茅根
train/金钱白花蛇/Jinqianbaihuashe28.jpg,82,金钱白花蛇
train/路路通/Lulutong52.jpg,77,路路通
train/谷芽/GuyaGuya79.jpg,76,谷芽
train/细辛/XixinXixinXixinXixin_36.jpg,54,细辛
train/槟榔/BinglangBinglangBinglangIMG_20200719_180553.jpg,31,槟榔
train/草豆蔻/CaodoukouCaodoukouCaodoukou46.jpg,64,草豆蔻
train/太子参/Taizishen75.jpg,15,太子参
train/白芷/BaizhiBaizhiBaizhiIMG_20200720_173712.jpg,47,白芷
train/丝瓜络/Sigualuo55.jpg,0,丝瓜络
train/全蝎/Quanxie56.jpg,5,全蝎
train/白矾/BaifanBaifanBaifan88.jpg,45,白矾
train/僵蚕/Jiangcan39.jpg,4,僵蚕
train/鸡冠花/Jiguanhua45.jpg,87,鸡冠花
train/金果榄/Jinguolan4.jpg,80,金果榄
train/人参/Renshen46.jpg,3,人参
train/甘松/GansongGansong52.jpg,40,甘松
train/荆芥穗/Jingjiesui20.jpg,63,荆芥穗
train/谷精草/GujingcaoGujingcao61.jpg,75,谷精草
train/鸡冠花/Jiguanhua24.jpg,87,鸡冠花
train/金钱白花蛇/Jinqianbaihuashe113.jpg,82,金钱白花蛇
train/郁金/Yujin0.jpg,78,郁金
train/细辛/XixinXixinXixinXixin_27.jpg,54,细辛
train/山奈/Shannai52.jpg,17,山奈
train/千年健/Qiannianjian20.jpg,8,千年健
train/枸杞子/GouqiziGouqizi53.jpg,25,枸杞子
train/黄芩/HuangqinHuangqinHuangqinHuangqin_18.jpg,90,黄芩
train/干姜/GanjiangGanjiang51.jpg,23,干姜
train/苏木/Sumu56.jpg,61,苏木
train/桑寄生/SangjishengSangjishengSangjishengSangjisheng_57.jpg,28,桑寄生
train/荜澄茄/BichengqieBichengqieBichengqie65.jpg,67,荜澄茄
train/银柴胡/Yinchaihu0.jpg,83,银柴胡
train/莲房/Lianfang75.jpg,71,莲房
train/金果榄/Jinguolan22.jpg,80,金果榄
train/白蔹/BailianBailianBailian93.jpg,49,白蔹
train/冬虫夏草/DongchongxiacaoDongchongxiacao25.jpg,6,冬虫夏草
train/山茱萸/Shanzhuyu25.jpg,19,山茱萸
train/莱菔子/Laifuzi51.jpg,68,莱菔子
train/冬虫夏草/DongchongxiacaoDongchongxiacao27.jpg,6,冬虫夏草
train/川木香/ChuanmuxiangChuanmuxiang106.jpg,20,川木香
train/酸枣仁/SuanzaorenSuanzaorenSuanzaorenSuanzaoren_13.jpg,79,酸枣仁
train/苍术/CangzhuCangzhuCangzhuCangzhu_1.jpg,60,苍术
train/番泻叶/FanxieyeFanxieye83.jpg,42,番泻叶
train/湖北贝母/Hubeibeimu90.jpg,37,湖北贝母
train/草豆蔻/CaodoukouCaodoukouCaodoukou61.jpg,64,草豆蔻
train/鳖甲/BiejiaBiejiaBiejia71.jpg,85,鳖甲
train/甘松/GansongGansong21.jpg,40,甘松
train/五加皮/WujiapiWujiapiWujiapiWujiapi_84.jpg,2,五加皮
train/川牛膝/ChuanniuxiChuanniuxi96.jpg,22,川牛膝
train/黄芪/HuangqiHuangqi63.jpg,91,黄芪
train/北沙参/BeishashenBeishashenBeishashen57.jpg,7,北沙参
train/天麻/Tianma28.jpg,14,天麻
train/金灯笼/Jindenglong102.jpg,81,金灯笼
train/桂枝/GuizhiGuizhiGuizhiIMG_20200719_174649.jpg,27,桂枝
train/荔枝核/Lizhihe66.jpg,65,荔枝核
train/黄柏/HuangboHuangboHuangboHuangbo_80.jpg,89,黄柏
train/浙贝母/ZhebeimuZhebeimuZhebeimuIMG_20200722_171159.jpg,34,浙贝母
train/天麻/Tianma53.jpg,14,天麻
train/干姜/GanjiangGanjiang116.jpg,23,干姜
train/莱菔子/Laifuzi42.jpg,68,莱菔子
train/白矾/BaifanBaifanBaifan43.jpg,45,白矾
train/肉豆蔻/Roudoukou30.jpg,56,肉豆蔻
train/沉香/ChenxiangChenxiang43.jpg,33,沉香
train/桑螵蛸/Sangpiaoxiao22.jpg,30,桑螵蛸
train/甘草/GancaoGancaoGancaoGancao_75.jpg,41,甘草
train/槟榔/BinglangBinglangBinglangIMG_20200719_180504.jpg,31,槟榔
train/淡豆豉/DandouchiDandouchi89.jpg,36,淡豆豉
train/黄芩/HuangqinHuangqinHuangqinHuangqin_81.jpg,90,黄芩
train/桑椹/Sangshen31.jpg,29,桑椹
train/郁金/Yujin47.jpg,78,郁金
train/木丁香/Mudingxiang77.jpg,24,木丁香
train/槟榔/BinglangBinglangBinglangIMG_20200719_180546.jpg,31,槟榔
train/细辛/XixinXixinXixinXixin_15.jpg,54,细辛
train/瓦楞子/Walengzi42.jpg,39,瓦楞子
train/秦皮/Qinpi2.jpg,51,秦皮
train/自然铜/Zirantong98.jpg,57,自然铜
train/人参/Renshen4.jpg,3,人参
train/白矾/BaifanBaifanBaifan28.jpg,45,白矾
train/九香虫/Jiuxiangchong89.jpg,1,九香虫
train/大腹皮/DafupiDafupi52.jpg,12,大腹皮
train/安息香/AnxixiangAnxixiangAnxixiang66.jpg,16,安息香
train/麦冬/Maidong66.jpg,88,麦冬
train/灵芝/Lingzhi98.jpg,38,灵芝
train/干姜/GanjiangGanjiang83.jpg,23,干姜
train/龙眼肉/Longyanrou6.jpg,92,龙眼肉
train/谷芽/GuyaGuya26.jpg,76,谷芽
train/太子参/Taizishen94.jpg,15,太子参
train/稻芽/DaoyaDaoya98.jpg,52,稻芽
train/秦皮/Qinpi59.jpg,51,秦皮
train/秦皮/Qinpi77.jpg,51,秦皮
train/九香虫/Jiuxiangchong64.jpg,1,九香虫
train/黄芩/HuangqinHuangqinHuangqinHuangqin_74.jpg,90,黄芩
train/荔枝核/Lizhihe3.jpg,65,荔枝核
train/藁本/GaobenGaobenGaobenIMG_20200720_174349.jpg,73,藁本
train/黄芩/HuangqinHuangqinHuangqinIMG_20200724_175129.jpg,90,黄芩
train/太子参/Taizishen43.jpg,15,太子参
train/蜂房/FengfangFengfang116.jpg,74,蜂房
train/川木香/ChuanmuxiangChuanmuxiang98.jpg,20,川木香
train/桂枝/GuizhiGuizhiGuizhiIMG_20200719_174654.jpg,27,桂枝
train/草豆蔻/CaodoukouCaodoukouCaodoukou64.jpg,64,草豆蔻
train/金果榄/Jinguolan77.jpg,80,金果榄
train/路路通/Lulutong8.jpg,77,路路通
train/桑螵蛸/Sangpiaoxiao100.jpg,30,桑螵蛸
train/石榴皮/Shiliupi36.jpg,50,石榴皮
train/黄芪/HuangqiHuangqi66.jpg,91,黄芪
train/苏木/Sumu54.jpg,61,苏木
train/路路通/Lulutong87.jpg,77,路路通
train/稻芽/DaoyaDaoya80.jpg,52,稻芽
train/五加皮/WujiapiWujiapiWujiapiIMG_20200722_165948.jpg,2,五加皮
train/石榴皮/Shiliupi107.jpg,50,石榴皮
train/灵芝/Lingzhi83.jpg,38,灵芝
train/千年健/Qiannianjian35.jpg,8,千年健
train/谷精草/GujingcaoGujingcao53.jpg,75,谷精草
train/北沙参/BeishashenBeishashenBeishashen64.jpg,7,北沙参
train/苍术/CangzhuCangzhuCangzhuCangzhu_47.jpg,60,苍术
train/安息香/AnxixiangAnxixiangAnxixiang59.jpg,16,安息香
train/枸杞子/GouqiziGouqizi94.jpg,25,枸杞子
train/桂枝/GuizhiGuizhiGuizhiGuizhi_36.jpg,27,桂枝
train/藁本/GaobenGaobenGaobenGaoben_77.jpg,73,藁本
train/地龙/DilongDilong93.jpg,11,地龙
train/金钱白花蛇/Jinqianbaihuashe79.jpg,82,金钱白花蛇
train/郁金/Yujin39.jpg,78,郁金
train/防风/FangfengFangfengFangfengFangfeng_7.jpg,84,防风
train/瓦楞子/Walengzi3.jpg,39,瓦楞子
train/银柴胡/Yinchaihu61.jpg,83,银柴胡
train/海螵蛸/HaipiaoxiaoHaipiaoxiao78.jpg,35,海螵蛸
train/金钱白花蛇/Jinqianbaihuashe11.jpg,82,金钱白花蛇
train/淡豆豉/DandouchiDandouchi112.jpg,36,淡豆豉
train/川楝子/ChuanlianziChuanlianzi61.jpg,21,川楝子
train/草豆蔻/CaodoukouCaodoukouCaodoukou31.jpg,64,草豆蔻
train/龙眼肉/Longyanrou15.jpg,92,龙眼肉
train/桑椹/Sangshen59.jpg,29,桑椹
train/海螵蛸/HaipiaoxiaoHaipiaoxiao98.jpg,35,海螵蛸
train/肉豆蔻/Roudoukou40.jpg,56,肉豆蔻
train/石榴皮/Shiliupi79.jpg,50,石榴皮
train/九香虫/Jiuxiangchong13.jpg,1,九香虫
train/谷芽/GuyaGuya76.jpg,76,谷芽
train/天麻/Tianma25.jpg,14,天麻
train/白蔹/BailianBailianBailian97.jpg,49,白蔹
train/白扁豆/BaibiandouBaibiandouBaibiandou22.jpg,44,白扁豆
train/人参/Renshen68.jpg,3,人参
train/川楝子/ChuanlianziChuanlianzi53.jpg,21,川楝子
train/地龙/DilongDilong35.jpg,11,地龙
train/秦皮/Qinpi99.jpg,51,秦皮
train/山慈菇/Shancigu91.jpg,18,山慈菇
train/灵芝/Lingzhi111.jpg,38,灵芝
train/合欢皮/HehuanpiHehuanpi96.jpg,9,合欢皮
train/木丁香/Mudingxiang107.jpg,24,木丁香
train/莲子/Lianzi1.jpg,69,莲子
train/白茅根/BaimaogenBaimaogenBaimaogen112.jpg,48,白茅根
train/甘草/GancaoGancaoGancaoGancao_67.jpg,41,甘草
train/白矾/BaifanBaifanBaifan80.jpg,45,白矾
train/海螵蛸/HaipiaoxiaoHaipiaoxiao72.jpg,35,海螵蛸
train/白芷/BaizhiBaizhiBaizhiIMG_20200720_173739.jpg,47,白芷
train/自然铜/Zirantong7.jpg,57,自然铜
train/桂枝/GuizhiGuizhiGuizhiIMG_20200719_174726.jpg,27,桂枝
train/苦地丁/Kudiding1.jpg,62,苦地丁
train/冬虫夏草/DongchongxiacaoDongchongxiacao69.jpg,6,冬虫夏草
train/橘核/Juhe24.jpg,32,橘核
train/五加皮/WujiapiWujiapiWujiapiWujiapi_88.jpg,2,五加皮
train/芦根/Lugen70.jpg,59,芦根
train/金果榄/Jinguolan20.jpg,80,金果榄
train/柏子仁/BaizirenBaizirenBaiziren98.jpg,26,柏子仁
train/人参/Renshen29.jpg,3,人参
train/橘核/Juhe46.jpg,32,橘核
train/苦地丁/Kudiding67.jpg,62,苦地丁
train/瓦楞子/Walengzi96.jpg,39,瓦楞子
train/北沙参/BeishashenBeishashenBeishashen103.jpg,7,北沙参
train/浙贝母/ZhebeimuZhebeimuZhebeimuZhebeimu_20.jpg,34,浙贝母
train/羌活/QianghuoQianghuoQianghuoIMG_20200719_173040.jpg,55,羌活
train/郁金/Yujin57.jpg,78,郁金
train/谷芽/GuyaGuya91.jpg,76,谷芽
train/干姜/GanjiangGanjiang95.jpg,23,干姜
train/鸡内金/Jineijin84.jpg,86,鸡内金
train/防风/FangfengFangfengFangfengFangfeng_50.jpg,84,防风
train/莲子/Lianzi94.jpg,69,莲子
train/天花粉/Tianhuafen87.jpg,13,天花粉
train/海螵蛸/HaipiaoxiaoHaipiaoxiao56.jpg,35,海螵蛸
train/谷芽/GuyaGuya63.jpg,76,谷芽
train/沉香/ChenxiangChenxiang80.jpg,33,沉香
train/白前/BaiqianBaiqianBaiqian50.jpg,43,白前
train/人参/Renshen20.jpg,3,人参
train/金灯笼/Jindenglong115.jpg,81,金灯笼
train/防风/FangfengFangfengFangfengIMG_20200720_174541.jpg,84,防风
train/白芷/BaizhiBaizhiBaizhiBaizhi_38.jpg,47,白芷
train/川牛膝/ChuanniuxiChuanniuxi75.jpg,22,川牛膝
train/桑椹/Sangshen68.jpg,29,桑椹
train/荔枝核/Lizhihe72.jpg,65,荔枝核
train/白前/BaiqianBaiqianBaiqian64.jpg,43,白前
train/荜澄茄/BichengqieBichengqieBichengqie63.jpg,67,荜澄茄
train/金灯笼/Jindenglong14.jpg,81,金灯笼
train/麦冬/Maidong110.jpg,88,麦冬
train/鸡冠花/Jiguanhua103.jpg,87,鸡冠花
train/荆芥穗/Jingjiesui36.jpg,63,荆芥穗
train/槟榔/BinglangBinglangBinglangIMG_20200719_180523.jpg,31,槟榔
train/藁本/GaobenGaobenGaobenGaoben_21.jpg,73,藁本
train/桂枝/GuizhiGuizhiGuizhiIMG_20200719_174650_1.jpg,27,桂枝
train/稻芽/DaoyaDaoya89.jpg,52,稻芽
train/鸡冠花/Jiguanhua21.jpg,87,鸡冠花
train/橘核/Juhe5.jpg,32,橘核
train/黄柏/HuangboHuangboHuangboHuangbo_72.jpg,89,黄柏
train/蜂房/FengfangFengfang47.jpg,74,蜂房
train/甘松/GansongGansong109.jpg,40,甘松
train/荜拨/BiboBiboBibo29.jpg,66,荜拨
train/九香虫/Jiuxiangchong81.jpg,1,九香虫
train/竹茹/Zhuru49.jpg,53,竹茹
train/藁本/GaobenGaobenGaobenGaoben_25.jpg,73,藁本
train/苦地丁/Kudiding5.jpg,62,苦地丁
train/川牛膝/ChuanniuxiChuanniuxi97.jpg,22,川牛膝
train/合欢皮/HehuanpiHehuanpi40.jpg,9,合欢皮
train/甘草/GancaoGancaoGancaoIMG_20200719_172709.jpg,41,甘草
train/芦根/Lugen104.jpg,59,芦根
train/荜澄茄/BichengqieBichengqieBichengqie77.jpg,67,荜澄茄
train/荆芥穗/Jingjiesui50.jpg,63,荆芥穗
train/天花粉/Tianhuafen55.jpg,13,天花粉
train/龙眼肉/Longyanrou21.jpg,92,龙眼肉
train/土荆皮/Tujingpi0.jpg,10,土荆皮
train/竹茹/Zhuru78.jpg,53,竹茹
train/白扁豆/BaibiandouBaibiandouBaibiandou84.jpg,44,白扁豆
train/莱菔子/Laifuzi108.jpg,68,莱菔子
train/冬虫夏草/DongchongxiacaoDongchongxiacao91.jpg,6,冬虫夏草
train/甘松/GansongGansong105.jpg,40,甘松
train/桑椹/Sangshen13.jpg,29,桑椹
train/槟榔/BinglangBinglangBinglangBinglang_49.jpg,31,槟榔
train/黄芩/HuangqinHuangqinHuangqinHuangqin_73.jpg,90,黄芩
train/薏苡仁/Yiyiren70.jpg,72,薏苡仁
train/荜澄茄/BichengqieBichengqieBichengqie42.jpg,67,荜澄茄
train/瓦楞子/Walengzi116.jpg,39,瓦楞子
train/蜂房/FengfangFengfang93.jpg,74,蜂房
train/冬虫夏草/DongchongxiacaoDongchongxiacao94.jpg,6,冬虫夏草
train/麦冬/Maidong15.jpg,88,麦冬
train/川楝子/ChuanlianziChuanlianzi86.jpg,21,川楝子
train/川木香/ChuanmuxiangChuanmuxiang67.jpg,20,川木香
train/白茅根/BaimaogenBaimaogenBaimaogen30.jpg,48,白茅根
train/川牛膝/ChuanniuxiChuanniuxi107.jpg,22,川牛膝
train/细辛/XixinXixinXixinIMG_20200720_170906.jpg,54,细辛
train/全蝎/Quanxie105.jpg,5,全蝎
train/甘松/GansongGansong79.jpg,40,甘松
train/北沙参/BeishashenBeishashenBeishashen30.jpg,7,北沙参
train/莲房/Lianfang55.jpg,71,莲房
train/莱菔子/Laifuzi96.jpg,68,莱菔子
train/干姜/GanjiangGanjiang36.jpg,23,干姜
train/龙眼肉/Longyanrou65.jpg,92,龙眼肉
train/金钱白花蛇/Jinqianbaihuashe66.jpg,82,金钱白花蛇
train/羌活/QianghuoQianghuoQianghuoQianghuo_14.jpg,55,羌活
train/僵蚕/Jiangcan87.jpg,4,僵蚕
train/番泻叶/FanxieyeFanxieye68.jpg,42,番泻叶
train/竹茹/Zhuru64.jpg,53,竹茹
train/安息香/AnxixiangAnxixiangAnxixiang85.jpg,16,安息香
train/川牛膝/ChuanniuxiChuanniuxi92.jpg,22,川牛膝
train/藁本/GaobenGaobenGaobenGaoben_46.jpg,73,藁本
train/地龙/DilongDilong30.jpg,11,地龙
train/草豆蔻/CaodoukouCaodoukouCaodoukou57.jpg,64,草豆蔻
train/白扁豆/BaibiandouBaibiandouBaibiandou58.jpg,44,白扁豆
train/羌活/QianghuoQianghuoQianghuoQianghuo_42.jpg,55,羌活
train/干姜/GanjiangGanjiang64.jpg,23,干姜
train/白芷/BaizhiBaizhiBaizhiIMG_20200720_173733.jpg,47,白芷
train/荜拨/BiboBiboBibo52.jpg,66,荜拨
train/川木香/ChuanmuxiangChuanmuxiang81.jpg,20,川木香
train/鳖甲/BiejiaBiejiaBiejia54.jpg,85,鳖甲
train/芦根/Lugen30.jpg,59,芦根
train/木丁香/Mudingxiang92.jpg,24,木丁香
train/秦皮/Qinpi67.jpg,51,秦皮
train/太子参/Taizishen1.jpg,15,太子参
train/湖北贝母/Hubeibeimu2.jpg,37,湖北贝母
train/薏苡仁/Yiyiren31.jpg,72,薏苡仁
train/五加皮/WujiapiWujiapiWujiapiIMG_20200722_170002.jpg,2,五加皮
train/鸡冠花/Jiguanhua93.jpg,87,鸡冠花
train/藁本/GaobenGaobenGaobenGaoben_30.jpg,73,藁本
train/太子参/Taizishen6.jpg,15,太子参
train/鸡内金/Jineijin107.jpg,86,鸡内金
train/千年健/Qiannianjian0.jpg,8,千年健
train/山奈/Shannai29.jpg,17,山奈
train/银柴胡/Yinchaihu12.jpg,83,银柴胡
train/荆芥穗/Jingjiesui85.jpg,63,荆芥穗
train/丝瓜络/Sigualuo47.jpg,0,丝瓜络
train/枸杞子/GouqiziGouqizi86.jpg,25,枸杞子
train/白茅根/BaimaogenBaimaogenBaimaogen104.jpg,48,白茅根
train/酸枣仁/SuanzaorenSuanzaorenSuanzaorenSuanzaoren_73.jpg,79,酸枣仁
train/合欢皮/HehuanpiHehuanpi100.jpg,9,合欢皮
train/浙贝母/ZhebeimuZhebeimuZhebeimuZhebeimu_99.jpg,34,浙贝母
train/千年健/Qiannianjian2.jpg,8,千年健
train/桑螵蛸/Sangpiaoxiao14.jpg,30,桑螵蛸
train/合欢皮/HehuanpiHehuanpi63.jpg,9,合欢皮
train/稻芽/DaoyaDaoya56.jpg,52,稻芽
train/荜澄茄/BichengqieBichengqieBichengqie108.jpg,67,荜澄茄
train/甘草/GancaoGancaoGancaoGancao_22.jpg,41,甘草
train/橘核/Juhe69.jpg,32,橘核
train/白扁豆/BaibiandouBaibiandouBaibiandou42.jpg,44,白扁豆
train/银柴胡/Yinchaihu59.jpg,83,银柴胡
train/细辛/XixinXixinXixinXixin_56.jpg,54,细辛
train/龙眼肉/Longyanrou38.jpg,92,龙眼肉
train/石榴皮/Shiliupi85.jpg,50,石榴皮
train/竹茹/Zhuru88.jpg,53,竹茹
train/甘草/GancaoGancaoGancaoGancao_16.jpg,41,甘草
train/莲子心/Lianzixin58.jpg,70,莲子心
train/金灯笼/Jindenglong4.jpg,81,金灯笼
train/番泻叶/FanxieyeFanxieye64.jpg,42,番泻叶
train/全蝎/Quanxie92.jpg,5,全蝎
train/白扁豆/BaibiandouBaibiandouBaibiandou50.jpg,44,白扁豆
train/芦根/Lugen81.jpg,59,芦根
train/荔枝核/Lizhihe13.jpg,65,荔枝核
train/金果榄/Jinguolan66.jpg,80,金果榄
train/山慈菇/Shancigu65.jpg,18,山慈菇
train/莲子心/Lianzixin46.jpg,70,莲子心
train/酸枣仁/SuanzaorenSuanzaorenSuanzaorenSuanzaoren_75.jpg,79,酸枣仁
train/酸枣仁/SuanzaorenSuanzaorenSuanzaorenSuanzaoren_67.jpg,79,酸枣仁
train/鸡内金/Jineijin69.jpg,86,鸡内金
train/柏子仁/BaizirenBaizirenBaiziren76.jpg,26,柏子仁
train/薏苡仁/Yiyiren58.jpg,72,薏苡仁
train/竹茹/Zhuru18.jpg,53,竹茹
train/芦根/Lugen109.jpg,59,芦根
train/芥子/Jiezi13.jpg,58,芥子
train/沉香/ChenxiangChenxiang51.jpg,33,沉香
train/竹茹/Zhuru35.jpg,53,竹茹
train/桑寄生/SangjishengSangjishengSangjishengIMG_20200724_180439.jpg,28,桑寄生
train/白前/BaiqianBaiqianBaiqian101.jpg,43,白前
train/柏子仁/BaizirenBaizirenBaiziren106.jpg,26,柏子仁
train/山慈菇/Shancigu23.jpg,18,山慈菇
train/桑寄生/SangjishengSangjishengSangjishengSangjisheng_45.jpg,28,桑寄生
train/苦地丁/Kudiding84.jpg,62,苦地丁
train/白芷/BaizhiBaizhiBaizhiIMG_20200720_173747.jpg,47,白芷
train/人参/Renshen54.jpg,3,人参
train/合欢皮/HehuanpiHehuanpi32.jpg,9,合欢皮
train/白扁豆/BaibiandouBaibiandouBaibiandou37.jpg,44,白扁豆
train/荜澄茄/BichengqieBichengqieBichengqie75.jpg,67,荜澄茄
train/淡豆豉/DandouchiDandouchi77.jpg,36,淡豆豉
train/苦地丁/Kudiding72.jpg,62,苦地丁
train/灵芝/Lingzhi8.jpg,38,灵芝
train/郁金/Yujin75.jpg,78,郁金
train/五加皮/WujiapiWujiapiWujiapiWujiapi_81.jpg,2,五加皮
train/细辛/XixinXixinXixinXixin_46.jpg,54,细辛
train/苏木/Sumu62.jpg,61,苏木
train/苏木/Sumu112.jpg,61,苏木
train/莱菔子/Laifuzi80.jpg,68,莱菔子
train/鳖甲/BiejiaBiejiaBiejia38.jpg,85,鳖甲
train/芥子/Jiezi105.jpg,58,芥子
train/甘草/GancaoGancaoGancaoGancao_33.jpg,41,甘草
train/防风/FangfengFangfengFangfengFangfeng_9.jpg,84,防风
train/黄芪/HuangqiHuangqi76.jpg,91,黄芪
train/沉香/ChenxiangChenxiang97.jpg,33,沉香
train/天花粉/Tianhuafen38.jpg,13,天花粉
train/酸枣仁/SuanzaorenSuanzaorenSuanzaorenSuanzaoren_37.jpg,79,酸枣仁
train/金钱白花蛇/Jinqianbaihuashe75.jpg,82,金钱白花蛇
train/黄芩/HuangqinHuangqinHuangqinHuangqin_105.jpg,90,黄芩
train/全蝎/Quanxie53.jpg,5,全蝎
train/桑螵蛸/Sangpiaoxiao61.jpg,30,桑螵蛸
train/安息香/AnxixiangAnxixiangAnxixiang116.jpg,16,安息香
train/芦根/Lugen32.jpg,59,芦根
train/路路通/Lulutong2.jpg,77,路路通
train/金钱白花蛇/Jinqianbaihuashe106.jpg,82,金钱白花蛇
train/郁金/Yujin63.jpg,78,郁金
train/桑椹/Sangshen95.jpg,29,桑椹
train/金灯笼/Jindenglong91.jpg,81,金灯笼
train/川木香/ChuanmuxiangChuanmuxiang82.jpg,20,川木香
train/石榴皮/Shiliupi14.jpg,50,石榴皮
train/湖北贝母/Hubeibeimu8.jpg,37,湖北贝母
train/鳖甲/BiejiaBiejiaBiejia27.jpg,85,鳖甲
train/干姜/GanjiangGanjiang47.jpg,23,干姜
train/全蝎/Quanxie85.jpg,5,全蝎
train/石榴皮/Shiliupi1.jpg,50,石榴皮
train/银柴胡/Yinchaihu26.jpg,83,银柴胡
train/太子参/Taizishen12.jpg,15,太子参
train/太子参/Taizishen102.jpg,15,太子参
train/沉香/ChenxiangChenxiang27.jpg,33,沉香
train/桂枝/GuizhiGuizhiGuizhiGuizhi_29.jpg,27,桂枝
train/淡豆豉/DandouchiDandouchi56.jpg,36,淡豆豉
train/人参/Renshen39.jpg,3,人参
train/荜澄茄/BichengqieBichengqieBichengqie46.jpg,67,荜澄茄
train/柏子仁/BaizirenBaizirenBaiziren72.jpg,26,柏子仁
train/瓦楞子/Walengzi55.jpg,39,瓦楞子
train/合欢皮/HehuanpiHehuanpi37.jpg,9,合欢皮
train/白茅根/BaimaogenBaimaogenBaimaogen87.jpg,48,白茅根
train/谷精草/GujingcaoGujingcao33.jpg,75,谷精草
train/桂枝/GuizhiGuizhiGuizhiGuizhi_142.jpg,27,桂枝
train/番泻叶/FanxieyeFanxieye53.jpg,42,番泻叶
train/鸡冠花/Jiguanhua41.jpg,87,鸡冠花
train/稻芽/DaoyaDaoya57.jpg,52,稻芽
train/太子参/Taizishen2.jpg,15,太子参
train/桑椹/Sangshen115.jpg,29,桑椹
train/荆芥穗/Jingjiesui28.jpg,63,荆芥穗
train/莲子心/Lianzixin15.jpg,70,莲子心
train/桑椹/Sangshen81.jpg,29,桑椹
train/自然铜/Zirantong75.jpg,57,自然铜
train/浙贝母/ZhebeimuZhebeimuZhebeimuZhebeimu_104.jpg,34,浙贝母
train/黄芩/HuangqinHuangqinHuangqinHuangqin_25.jpg,90,黄芩
train/湖北贝母/Hubeibeimu4.jpg,37,湖北贝母
train/莱菔子/Laifuzi22.jpg,68,莱菔子
train/海螵蛸/HaipiaoxiaoHaipiaoxiao99.jpg,35,海螵蛸
train/荆芥穗/Jingjiesui31.jpg,63,荆芥穗
train/金灯笼/Jindenglong82.jpg,81,金灯笼
train/淡豆豉/DandouchiDandouchi75.jpg,36,淡豆豉
train/金灯笼/Jindenglong104.jpg,81,金灯笼
train/山奈/Shannai41.jpg,17,山奈
train/芥子/Jiezi56.jpg,58,芥子
train/全蝎/Quanxie77.jpg,5,全蝎
train/防风/FangfengFangfengFangfengFangfeng_48.jpg,84,防风
train/天麻/Tianma77.jpg,14,天麻
train/甘松/GansongGansong51.jpg,40,甘松
train/鳖甲/BiejiaBiejiaBiejia32.jpg,85,鳖甲
train/桑椹/Sangshen54.jpg,29,桑椹
train/鳖甲/BiejiaBiejiaBiejia59.jpg,85,鳖甲
train/枸杞子/GouqiziGouqizi113.jpg,25,枸杞子
train/干姜/GanjiangGanjiang88.jpg,23,干姜
train/竹茹/Zhuru28.jpg,53,竹茹
train/人参/Renshen75.jpg,3,人参
train/北沙参/BeishashenBeishashenBeishashen98.jpg,7,北沙参
train/薏苡仁/Yiyiren48.jpg,72,薏苡仁
train/龙眼肉/Longyanrou44.jpg,92,龙眼肉
train/天花粉/Tianhuafen45.jpg,13,天花粉
train/稻芽/DaoyaDaoya67.jpg,52,稻芽
train/冬虫夏草/DongchongxiacaoDongchongxiacao43.jpg,6,冬虫夏草
train/甘松/GansongGansong104.jpg,40,甘松
train/莲子/Lianzi17.jpg,69,莲子
train/干姜/GanjiangGanjiang55.jpg,23,干姜
train/草豆蔻/CaodoukouCaodoukouCaodoukou98.jpg,64,草豆蔻
train/大腹皮/DafupiDafupi70.jpg,12,大腹皮
train/桑螵蛸/Sangpiaoxiao24.jpg,30,桑螵蛸
train/荜澄茄/BichengqieBichengqieBichengqie58.jpg,67,荜澄茄
train/黄芪/HuangqiHuangqi32.jpg,91,黄芪
train/苍术/CangzhuCangzhuCangzhuIMG_20200720_165911.jpg,60,苍术
train/山奈/Shannai44.jpg,17,山奈
train/大腹皮/DafupiDafupi45.jpg,12,大腹皮
train/谷精草/GujingcaoGujingcao34.jpg,75,谷精草
train/芦根/Lugen43.jpg,59,芦根
train/山奈/Shannai46.jpg,17,山奈
train/谷芽/GuyaGuya105.jpg,76,谷芽
train/甘松/GansongGansong54.jpg,40,甘松
train/荜拨/BiboBiboBibo51.jpg,66,荜拨
train/荔枝核/Lizhihe116.jpg,65,荔枝核
train/金灯笼/Jindenglong50.jpg,81,金灯笼
train/合欢皮/HehuanpiHehuanpi89.jpg,9,合欢皮
train/川牛膝/ChuanniuxiChuanniuxi26.jpg,22,川牛膝
train/川牛膝/ChuanniuxiChuanniuxi78.jpg,22,川牛膝
train/黄芪/HuangqiHuangqi69.jpg,91,黄芪
train/白茅根/BaimaogenBaimaogenBaimaogen59.jpg,48,白茅根
train/安息香/AnxixiangAnxixiangAnxixiang23.jpg,16,安息香
train/白蔹/BailianBailianBailian52.jpg,49,白蔹
train/丝瓜络/Sigualuo91.jpg,0,丝瓜络
train/山奈/Shannai28.jpg,17,山奈
train/鳖甲/BiejiaBiejiaBiejia93.jpg,85,鳖甲
train/桑螵蛸/Sangpiaoxiao105.jpg,30,桑螵蛸
train/桑寄生/SangjishengSangjishengSangjishengSangjisheng_43.jpg,28,桑寄生
train/黄芩/HuangqinHuangqinHuangqinIMG_20200724_175129_1.jpg,90,黄芩
train/荆芥穗/Jingjiesui7.jpg,63,荆芥穗
train/千年健/Qiannianjian36.jpg,8,千年健
train/黄芪/HuangqiHuangqi61.jpg,91,黄芪
train/土荆皮/Tujingpi56.jpg,10,土荆皮
train/全蝎/Quanxie81.jpg,5,全蝎
train/石榴皮/Shiliupi24.jpg,50,石榴皮
train/湖北贝母/Hubeibeimu51.jpg,37,湖北贝母
train/千年健/Qiannianjian95.jpg,8,千年健
train/瓦楞子/Walengzi97.jpg,39,瓦楞子
train/苍术/CangzhuCangzhuCangzhuIMG_20200720_165848.jpg,60,苍术
train/北沙参/BeishashenBeishashenBeishashen118.jpg,7,北沙参
train/枸杞子/GouqiziGouqizi24.jpg,25,枸杞子
train/枸杞子/GouqiziGouqizi96.jpg,25,枸杞子
train/黄芩/HuangqinHuangqinHuangqinHuangqin_14.jpg,90,黄芩
train/番泻叶/FanxieyeFanxieye73.jpg,42,番泻叶
train/槟榔/BinglangBinglangBinglangBinglang_23.jpg,31,槟榔
train/合欢皮/HehuanpiHehuanpi30.jpg,9,合欢皮
train/莲子/Lianzi9.jpg,69,莲子
train/银柴胡/Yinchaihu57.jpg,83,银柴胡
train/沉香/ChenxiangChenxiang33.jpg,33,沉香
train/白芷/BaizhiBaizhiBaizhiBaizhi_15.jpg,47,白芷
train/荜拨/BiboBiboBibo24.jpg,66,荜拨
train/莲房/Lianfang32.jpg,71,莲房
train/太子参/Taizishen104.jpg,15,太子参
train/防风/FangfengFangfengFangfengFangfeng_11.jpg,84,防风
train/桑椹/Sangshen42.jpg,29,桑椹
train/苏木/Sumu49.jpg,61,苏木
train/黄芪/HuangqiHuangqi119.jpg,91,黄芪
train/淡豆豉/DandouchiDandouchi52.jpg,36,淡豆豉
train/灵芝/Lingzhi116.jpg,38,灵芝
train/天麻/Tianma76.jpg,14,天麻
train/海螵蛸/HaipiaoxiaoHaipiaoxiao49.jpg,35,海螵蛸
train/橘核/Juhe28.jpg,32,橘核
train/金果榄/Jinguolan30.jpg,80,金果榄
train/白前/BaiqianBaiqianBaiqian20.jpg,43,白前
train/麦冬/Maidong100.jpg,88,麦冬
train/湖北贝母/Hubeibeimu68.jpg,37,湖北贝母
train/自然铜/Zirantong10.jpg,57,自然铜
train/川木香/ChuanmuxiangChuanmuxiang38.jpg,20,川木香
train/丝瓜络/Sigualuo73.jpg,0,丝瓜络
train/白前/BaiqianBaiqianBaiqian75.jpg,43,白前
train/全蝎/Quanxie71.jpg,5,全蝎
train/湖北贝母/Hubeibeimu69.jpg,37,湖北贝母
train/苦地丁/Kudiding8.jpg,62,苦地丁
train/灵芝/Lingzhi88.jpg,38,灵芝
train/桑螵蛸/Sangpiaoxiao8.jpg,30,桑螵蛸
train/鸡内金/Jineijin83.jpg,86,鸡内金
train/九香虫/Jiuxiangchong77.jpg,1,九香虫
train/蜂房/FengfangFengfang30.jpg,74,蜂房
train/鸡冠花/Jiguanhua75.jpg,87,鸡冠花
train/鸡内金/Jineijin113.jpg,86,鸡内金
train/太子参/Taizishen84.jpg,15,太子参
train/芥子/Jiezi45.jpg,58,芥子
train/川楝子/ChuanlianziChuanlianzi50.jpg,21,川楝子
train/白茅根/BaimaogenBaimaogenBaimaogen21.jpg,48,白茅根
train/山慈菇/Shancigu9.jpg,18,山慈菇
train/太子参/Taizishen11.jpg,15,太子参
train/丝瓜络/Sigualuo26.jpg,0,丝瓜络
train/干姜/GanjiangGanjiang59.jpg,23,干姜
train/银柴胡/Yinchaihu71.jpg,83,银柴胡
train/僵蚕/Jiangcan69.jpg,4,僵蚕
train/柏子仁/BaizirenBaizirenBaiziren111.jpg,26,柏子仁
train/白蔹/BailianBailianBailian45.jpg,49,白蔹
train/细辛/XixinXixinXixinXixin_55.jpg,54,细辛
train/鸡冠花/Jiguanhua111.jpg,87,鸡冠花
train/芥子/Jiezi99.jpg,58,芥子
train/路路通/Lulutong23.jpg,77,路路通
train/山奈/Shannai13.jpg,17,山奈
train/瓦楞子/Walengzi51.jpg,39,瓦楞子
train/全蝎/Quanxie34.jpg,5,全蝎
train/瓦楞子/Walengzi34.jpg,39,瓦楞子
train/金果榄/Jinguolan106.jpg,80,金果榄
train/白芍/BaishaoBaishaoBaishaoBaishao_13.jpg,46,白芍
train/桑螵蛸/Sangpiaoxiao15.jpg,30,桑螵蛸
train/北沙参/BeishashenBeishashenBeishashen43.jpg,7,北沙参
train/黄芪/HuangqiHuangqi57.jpg,91,黄芪
train/僵蚕/Jiangcan15.jpg,4,僵蚕
train/白芍/BaishaoBaishaoBaishaoBaishao_15.jpg,46,白芍
train/僵蚕/Jiangcan93.jpg,4,僵蚕
train/山茱萸/Shanzhuyu43.jpg,19,山茱萸
train/防风/FangfengFangfengFangfengFangfeng_54.jpg,84,防风
train/灵芝/Lingzhi1.jpg,38,灵芝
train/山茱萸/Shanzhuyu75.jpg,19,山茱萸
train/甘松/GansongGansong32.jpg,40,甘松
train/干姜/GanjiangGanjiang26.jpg,23,干姜
train/枸杞子/GouqiziGouqizi100.jpg,25,枸杞子
train/白芍/BaishaoBaishaoBaishaoBaishao_57.jpg,46,白芍
train/白矾/BaifanBaifanBaifan35.jpg,45,白矾
train/土荆皮/Tujingpi111.jpg,10,土荆皮
train/藁本/GaobenGaobenGaobenGaoben_55.jpg,73,藁本
train/苦地丁/Kudiding26.jpg,62,苦地丁
train/莲房/Lianfang65.jpg,71,莲房
train/灵芝/Lingzhi94.jpg,38,灵芝
train/苍术/CangzhuCangzhuCangzhuCangzhu_8.jpg,60,苍术
train/薏苡仁/Yiyiren17.jpg,72,薏苡仁
train/麦冬/Maidong52.jpg,88,麦冬
train/九香虫/Jiuxiangchong19.jpg,1,九香虫
train/干姜/GanjiangGanjiang78.jpg,23,干姜
train/甘草/GancaoGancaoGancaoGancao_12.jpg,41,甘草
train/藁本/GaobenGaobenGaobenGaoben_35.jpg,73,藁本
train/苏木/Sumu88.jpg,61,苏木
train/莲子/Lianzi19.jpg,69,莲子
train/白芍/BaishaoBaishaoBaishaoBaishao_12.jpg,46,白芍
train/桑螵蛸/Sangpiaoxiao52.jpg,30,桑螵蛸
train/冬虫夏草/DongchongxiacaoDongchongxiacao88.jpg,6,冬虫夏草
train/僵蚕/Jiangcan100.jpg,4,僵蚕
train/灵芝/Lingzhi104.jpg,38,灵芝
train/谷精草/GujingcaoGujingcao56.jpg,75,谷精草
train/鸡冠花/Jiguanhua70.jpg,87,鸡冠花
train/鸡冠花/Jiguanhua19.jpg,87,鸡冠花
train/金果榄/Jinguolan45.jpg,80,金果榄
train/金果榄/Jinguolan75.jpg,80,金果榄
train/九香虫/Jiuxiangchong85.jpg,1,九香虫
train/薏苡仁/Yiyiren5.jpg,72,薏苡仁
train/五加皮/WujiapiWujiapiWujiapiWujiapi_24.jpg,2,五加皮
train/金钱白花蛇/Jinqianbaihuashe44.jpg,82,金钱白花蛇
train/白蔹/BailianBailianBailian109.jpg,49,白蔹
train/谷精草/GujingcaoGujingcao87.jpg,75,谷精草
train/苦地丁/Kudiding93.jpg,62,苦地丁
train/白芷/BaizhiBaizhiBaizhiBaizhi_8.jpg,47,白芷
train/苦地丁/Kudiding10.jpg,62,苦地丁
train/木丁香/Mudingxiang65.jpg,24,木丁香
train/瓦楞子/Walengzi90.jpg,39,瓦楞子
train/川楝子/ChuanlianziChuanlianzi48.jpg,21,川楝子
train/人参/Renshen93.jpg,3,人参
train/荜澄茄/BichengqieBichengqieBichengqie105.jpg,67,荜澄茄
train/地龙/DilongDilong112.jpg,11,地龙
train/荜澄茄/BichengqieBichengqieBichengqie30.jpg,67,荜澄茄
train/山奈/Shannai68.jpg,17,山奈
train/甘草/GancaoGancaoGancaoGancao_14.jpg,41,甘草
train/黄芪/HuangqiHuangqi56.jpg,91,黄芪
train/莲子/Lianzi2.jpg,69,莲子
train/枸杞子/GouqiziGouqizi81.jpg,25,枸杞子
train/川牛膝/ChuanniuxiChuanniuxi117.jpg,22,川牛膝
train/番泻叶/FanxieyeFanxieye96.jpg,42,番泻叶
train/芥子/Jiezi81.jpg,58,芥子
train/山慈菇/Shancigu19.jpg,18,山慈菇
train/银柴胡/Yinchaihu93.jpg,83,银柴胡
train/白扁豆/BaibiandouBaibiandouBaibiandou53.jpg,44,白扁豆
train/路路通/Lulutong13.jpg,77,路路通
train/荔枝核/Lizhihe12.jpg,65,荔枝核
train/五加皮/WujiapiWujiapiWujiapiWujiapi_37.jpg,2,五加皮
train/金灯笼/Jindenglong30.jpg,81,金灯笼
train/自然铜/Zirantong11.jpg,57,自然铜
train/浙贝母/ZhebeimuZhebeimuZhebeimuZhebeimu_103.jpg,34,浙贝母
train/莱菔子/Laifuzi65.jpg,68,莱菔子
train/莲子心/Lianzixin30.jpg,70,莲子心
train/苏木/Sumu103.jpg,61,苏木
train/白芍/BaishaoBaishaoBaishaoBaishao_33.jpg,46,白芍
train/细辛/XixinXixinXixinXixin_60.jpg,54,细辛
train/酸枣仁/SuanzaorenSuanzaorenSuanzaorenSuanzaoren_31.jpg,79,酸枣仁
train/川楝子/ChuanlianziChuanlianzi101.jpg,21,川楝子
train/沉香/ChenxiangChenxiang55.jpg,33,沉香
train/郁金/Yujin45.jpg,78,郁金
train/稻芽/DaoyaDaoya62.jpg,52,稻芽
train/谷芽/GuyaGuya106.jpg,76,谷芽
train/枸杞子/GouqiziGouqizi55.jpg,25,枸杞子
train/荔枝核/Lizhihe75.jpg,65,荔枝核
train/莱菔子/Laifuzi40.jpg,68,莱菔子
train/橘核/Juhe97.jpg,32,橘核
train/桑螵蛸/Sangpiaoxiao83.jpg,30,桑螵蛸
train/北沙参/BeishashenBeishashenBeishashen70.jpg,7,北沙参
train/龙眼肉/Longyanrou57.jpg,92,龙眼肉
train/五加皮/WujiapiWujiapiWujiapiWujiapi_65.jpg,2,五加皮
train/谷精草/GujingcaoGujingcao108.jpg,75,谷精草
train/海螵蛸/HaipiaoxiaoHaipiaoxiao30.jpg,35,海螵蛸
train/槟榔/BinglangBinglangBinglangIMG_20200719_180526.jpg,31,槟榔
train/灵芝/Lingzhi117.jpg,38,灵芝
train/苍术/CangzhuCangzhuCangzhuCangzhu_56.jpg,60,苍术
train/白前/BaiqianBaiqianBaiqian118.jpg,43,白前
train/秦皮/Qinpi40.jpg,51,秦皮
train/川楝子/ChuanlianziChuanlianzi79.jpg,21,川楝子
train/酸枣仁/SuanzaorenSuanzaorenSuanzaorenSuanzaoren_20.jpg,79,酸枣仁
train/白芷/BaizhiBaizhiBaizhiBaizhi_5.jpg,47,白芷
train/山奈/Shannai51.jpg,17,山奈
train/藁本/GaobenGaobenGaobenIMG_20200720_174331.jpg,73,藁本
train/湖北贝母/Hubeibeimu14.jpg,37,湖北贝母
train/谷芽/GuyaGuya53.jpg,76,谷芽
train/山茱萸/Shanzhuyu67.jpg,19,山茱萸
train/谷芽/GuyaGuya47.jpg,76,谷芽
train/荜澄茄/BichengqieBichengqieBichengqie116.jpg,67,荜澄茄
train/川牛膝/ChuanniuxiChuanniuxi60.jpg,22,川牛膝
train/白茅根/BaimaogenBaimaogenBaimaogen81.jpg,48,白茅根
train/莲子心/Lianzixin67.jpg,70,莲子心
train/干姜/GanjiangGanjiang21.jpg,23,干姜
train/鳖甲/BiejiaBiejiaBiejia105.jpg,85,鳖甲
train/桑椹/Sangshen24.jpg,29,桑椹
train/山茱萸/Shanzhuyu12.jpg,19,山茱萸
train/丝瓜络/Sigualuo81.jpg,0,丝瓜络
train/黄芪/HuangqiHuangqi48.jpg,91,黄芪
train/桑螵蛸/Sangpiaoxiao5.jpg,30,桑螵蛸
train/天麻/Tianma34.jpg,14,天麻
train/灵芝/Lingzhi17.jpg,38,灵芝
train/甘松/GansongGansong37.jpg,40,甘松
train/酸枣仁/SuanzaorenSuanzaorenSuanzaorenSuanzaoren_46.jpg,79,酸枣仁
train/鸡冠花/Jiguanhua22.jpg,87,鸡冠花
train/防风/FangfengFangfengFangfengFangfeng_6.jpg,84,防风
train/冬虫夏草/DongchongxiacaoDongchongxiacao113.jpg,6,冬虫夏草
train/桑寄生/SangjishengSangjishengSangjishengIMG_20200724_180451.jpg,28,桑寄生
train/桑寄生/SangjishengSangjishengSangjishengSangjisheng_16.jpg,28,桑寄生
train/莱菔子/Laifuzi81.jpg,68,莱菔子
train/冬虫夏草/DongchongxiacaoDongchongxiacao31.jpg,6,冬虫夏草
train/安息香/AnxixiangAnxixiangAnxixiang42.jpg,16,安息香
train/湖北贝母/Hubeibeimu36.jpg,37,湖北贝母
train/五加皮/WujiapiWujiapiWujiapiWujiapi_59.jpg,2,五加皮
train/山茱萸/Shanzhuyu108.jpg,19,山茱萸
train/金灯笼/Jindenglong60.jpg,81,金灯笼
train/藁本/GaobenGaobenGaobenGaoben_27.jpg,73,藁本
train/川楝子/ChuanlianziChuanlianzi110.jpg,21,川楝子
train/荆芥穗/Jingjiesui29.jpg,63,荆芥穗
train/枸杞子/GouqiziGouqizi101.jpg,25,枸杞子
train/天花粉/Tianhuafen37.jpg,13,天花粉
train/太子参/Taizishen66.jpg,15,太子参
train/天花粉/Tianhuafen41.jpg,13,天花粉
train/细辛/XixinXixinXixinXixin_23.jpg,54,细辛
train/川牛膝/ChuanniuxiChuanniuxi42.jpg,22,川牛膝
train/僵蚕/Jiangcan65.jpg,4,僵蚕
train/瓦楞子/Walengzi49.jpg,39,瓦楞子
train/薏苡仁/Yiyiren47.jpg,72,薏苡仁
train/川牛膝/ChuanniuxiChuanniuxi108.jpg,22,川牛膝
train/鸡内金/Jineijin11.jpg,86,鸡内金
train/荔枝核/Lizhihe87.jpg,65,荔枝核
train/川木香/ChuanmuxiangChuanmuxiang26.jpg,20,川木香
train/谷精草/GujingcaoGujingcao74.jpg,75,谷精草
train/黄芪/HuangqiHuangqi112.jpg,91,黄芪
train/黄柏/HuangboHuangboHuangboHuangbo_28.jpg,89,黄柏
train/木丁香/Mudingxiang59.jpg,24,木丁香
train/鸡冠花/Jiguanhua3.jpg,87,鸡冠花
train/金灯笼/Jindenglong41.jpg,81,金灯笼
train/桑椹/Sangshen72.jpg,29,桑椹
train/鳖甲/BiejiaBiejiaBiejia80.jpg,85,鳖甲
train/枸杞子/GouqiziGouqizi42.jpg,25,枸杞子
train/石榴皮/Shiliupi8.jpg,50,石榴皮
train/鸡内金/Jineijin67.jpg,86,鸡内金
train/白前/BaiqianBaiqianBaiqian27.jpg,43,白前
train/鸡冠花/Jiguanhua64.jpg,87,鸡冠花
train/黄芩/HuangqinHuangqinHuangqinHuangqin_69.jpg,90,黄芩
train/荆芥穗/Jingjiesui21.jpg,63,荆芥穗
train/秦皮/Qinpi87.jpg,51,秦皮
train/天麻/Tianma21.jpg,14,天麻
train/桑寄生/SangjishengSangjishengSangjishengSangjisheng_40.jpg,28,桑寄生
train/川楝子/ChuanlianziChuanlianzi96.jpg,21,川楝子
train/黄芪/HuangqiHuangqi58.jpg,91,黄芪
train/肉豆蔻/Roudoukou50.jpg,56,肉豆蔻
train/鸡内金/Jineijin68.jpg,86,鸡内金
train/竹茹/Zhuru14.jpg,53,竹茹
train/莲房/Lianfang95.jpg,71,莲房
train/黄柏/HuangboHuangboHuangboHuangbo_30.jpg,89,黄柏
train/木丁香/Mudingxiang108.jpg,24,木丁香
train/全蝎/Quanxie45.jpg,5,全蝎
train/白蔹/BailianBailianBailian89.jpg,49,白蔹
train/山奈/Shannai1.jpg,17,山奈
train/橘核/Juhe81.jpg,32,橘核
train/郁金/Yujin72.jpg,78,郁金
train/甘松/GansongGansong78.jpg,40,甘松
train/安息香/AnxixiangAnxixiangAnxixiang83.jpg,16,安息香
train/石榴皮/Shiliupi81.jpg,50,石榴皮
train/黄芩/HuangqinHuangqinHuangqinHuangqin_45.jpg,90,黄芩
train/鸡冠花/Jiguanhua43.jpg,87,鸡冠花
train/枸杞子/GouqiziGouqizi50.jpg,25,枸杞子
train/川牛膝/ChuanniuxiChuanniuxi34.jpg,22,川牛膝
train/白茅根/BaimaogenBaimaogenBaimaogen22.jpg,48,白茅根
train/莲子心/Lianzixin42.jpg,70,莲子心
train/莲房/Lianfang14.jpg,71,莲房
train/湖北贝母/Hubeibeimu5.jpg,37,湖北贝母
train/山慈菇/Shancigu5.jpg,18,山慈菇
train/浙贝母/ZhebeimuZhebeimuZhebeimuIMG_20200722_171153.jpg,34,浙贝母
train/干姜/GanjiangGanjiang81.jpg,23,干姜
train/淡豆豉/DandouchiDandouchi60.jpg,36,淡豆豉
train/鸡冠花/Jiguanhua12.jpg,87,鸡冠花
train/桂枝/GuizhiGuizhiGuizhiIMG_20200719_174652_1.jpg,27,桂枝
train/薏苡仁/Yiyiren83.jpg,72,薏苡仁
train/安息香/AnxixiangAnxixiangAnxixiang112.jpg,16,安息香
train/甘松/GansongGansong49.jpg,40,甘松
train/荔枝核/Lizhihe80.jpg,65,荔枝核
train/天麻/Tianma1.jpg,14,天麻
train/稻芽/DaoyaDaoya21.jpg,52,稻芽
train/金灯笼/Jindenglong51.jpg,81,金灯笼
train/薏苡仁/Yiyiren89.jpg,72,薏苡仁
train/枸杞子/GouqiziGouqizi118.jpg,25,枸杞子
train/肉豆蔻/Roudoukou92.jpg,56,肉豆蔻
train/槟榔/BinglangBinglangBinglangIMG_20200719_180545.jpg,31,槟榔
train/五加皮/WujiapiWujiapiWujiapiIMG_20200722_170007.jpg,2,五加皮
train/荆芥穗/Jingjiesui59.jpg,63,荆芥穗
train/浙贝母/ZhebeimuZhebeimuZhebeimuZhebeimu_16.jpg,34,浙贝母
train/川牛膝/ChuanniuxiChuanniuxi30.jpg,22,川牛膝
train/黄芪/HuangqiHuangqi98.jpg,91,黄芪
train/沉香/ChenxiangChenxiang58.jpg,33,沉香
train/海螵蛸/HaipiaoxiaoHaipiaoxiao91.jpg,35,海螵蛸
train/枸杞子/GouqiziGouqizi29.jpg,25,枸杞子
train/槟榔/BinglangBinglangBinglangBinglang_30.jpg,31,槟榔
train/土荆皮/Tujingpi88.jpg,10,土荆皮
train/鳖甲/BiejiaBiejiaBiejia28.jpg,85,鳖甲
train/瓦楞子/Walengzi83.jpg,39,瓦楞子
train/龙眼肉/Longyanrou93.jpg,92,龙眼肉
train/薏苡仁/Yiyiren59.jpg,72,薏苡仁
train/白茅根/BaimaogenBaimaogenBaimaogen96.jpg,48,白茅根
train/川牛膝/ChuanniuxiChuanniuxi24.jpg,22,川牛膝
train/土荆皮/Tujingpi80.jpg,10,土荆皮
train/细辛/XixinXixinXixinIMG_20200720_170940.jpg,54,细辛
train/肉豆蔻/Roudoukou62.jpg,56,肉豆蔻
train/莲子/Lianzi107.jpg,69,莲子
train/蜂房/FengfangFengfang39.jpg,74,蜂房
train/藁本/GaobenGaobenGaobenGaoben_36.jpg,73,藁本
train/地龙/DilongDilong31.jpg,11,地龙
train/白芍/BaishaoBaishaoBaishaoBaishao_20.jpg,46,白芍
train/谷芽/GuyaGuya50.jpg,76,谷芽
train/丝瓜络/Sigualuo99.jpg,0,丝瓜络
train/莱菔子/Laifuzi43.jpg,68,莱菔子
train/草豆蔻/CaodoukouCaodoukouCaodoukou72.jpg,64,草豆蔻
train/芥子/Jiezi108.jpg,58,芥子
train/蜂房/FengfangFengfang68.jpg,74,蜂房
train/枸杞子/GouqiziGouqizi105.jpg,25,枸杞子
train/谷芽/GuyaGuya78.jpg,76,谷芽
train/藁本/GaobenGaobenGaobenGaoben_37.jpg,73,藁本
train/浙贝母/ZhebeimuZhebeimuZhebeimuIMG_20200722_171156.jpg,34,浙贝母
train/苦地丁/Kudiding16.jpg,62,苦地丁
train/甘草/GancaoGancaoGancaoGancao_50.jpg,41,甘草
train/银柴胡/Yinchaihu91.jpg,83,银柴胡
train/山奈/Shannai81.jpg,17,山奈
train/芥子/Jiezi43.jpg,58,芥子
train/柏子仁/BaizirenBaizirenBaiziren64.jpg,26,柏子仁
train/地龙/DilongDilong67.jpg,11,地龙
train/苍术/CangzhuCangzhuCangzhuCangzhu_17.jpg,60,苍术
train/川楝子/ChuanlianziChuanlianzi71.jpg,21,川楝子
train/白芷/BaizhiBaizhiBaizhiBaizhi_7.jpg,47,白芷
train/番泻叶/FanxieyeFanxieye108.jpg,42,番泻叶
train/金灯笼/Jindenglong37.jpg,81,金灯笼
train/白矾/BaifanBaifanBaifan62.jpg,45,白矾
train/人参/Renshen58.jpg,3,人参
train/金果榄/Jinguolan40.jpg,80,金果榄
train/苍术/CangzhuCangzhuCangzhuCangzhu_4.jpg,60,苍术
train/银柴胡/Yinchaihu50.jpg,83,银柴胡
train/大腹皮/DafupiDafupi111.jpg,12,大腹皮
train/桑螵蛸/Sangpiaoxiao110.jpg,30,桑螵蛸
train/苏木/Sumu55.jpg,61,苏木
train/细辛/XixinXixinXixinIMG_20200720_170923.jpg,54,细辛
train/稻芽/DaoyaDaoya68.jpg,52,稻芽
train/全蝎/Quanxie79.jpg,5,全蝎
train/肉豆蔻/Roudoukou56.jpg,56,肉豆蔻
train/枸杞子/GouqiziGouqizi38.jpg,25,枸杞子
train/金钱白花蛇/Jinqianbaihuashe52.jpg,82,金钱白花蛇
train/橘核/Juhe63.jpg,32,橘核
train/荜拨/BiboBiboBibo96.jpg,66,荜拨
train/酸枣仁/SuanzaorenSuanzaorenSuanzaorenSuanzaoren_12.jpg,79,酸枣仁
train/银柴胡/Yinchaihu16.jpg,83,银柴胡
train/草豆蔻/CaodoukouCaodoukouCaodoukou65.jpg,64,草豆蔻
train/人参/Renshen6.jpg,3,人参
train/莲子心/Lianzixin51.jpg,70,莲子心
train/芥子/Jiezi66.jpg,58,芥子
train/芥子/Jiezi78.jpg,58,芥子
train/白扁豆/BaibiandouBaibiandouBaibiandou54.jpg,44,白扁豆
train/干姜/GanjiangGanjiang98.jpg,23,干姜
train/黄芩/HuangqinHuangqinHuangqinHuangqin_86.jpg,90,黄芩
train/白芍/BaishaoBaishaoBaishaoBaishao_35.jpg,46,白芍
train/麦冬/Maidong31.jpg,88,麦冬
train/苦地丁/Kudiding108.jpg,62,苦地丁
train/苦地丁/Kudiding70.jpg,62,苦地丁
train/黄柏/HuangboHuangboHuangboHuangbo_67.jpg,89,黄柏
train/山奈/Shannai86.jpg,17,山奈
train/山茱萸/Shanzhuyu102.jpg,19,山茱萸
train/木丁香/Mudingxiang1.jpg,24,木丁香
train/酸枣仁/SuanzaorenSuanzaorenSuanzaorenIMG_20200722_165618.jpg,79,酸枣仁
train/荔枝核/Lizhihe40.jpg,65,荔枝核
train/苏木/Sumu36.jpg,61,苏木
train/地龙/DilongDilong65.jpg,11,地龙
train/金果榄/Jinguolan7.jpg,80,金果榄
train/路路通/Lulutong26.jpg,77,路路通
train/龙眼肉/Longyanrou48.jpg,92,龙眼肉
train/桑寄生/SangjishengSangjishengSangjishengSangjisheng_44.jpg,28,桑寄生
train/鸡内金/Jineijin18.jpg,86,鸡内金
train/九香虫/Jiuxiangchong49.jpg,1,九香虫
train/橘核/Juhe32.jpg,32,橘核
train/荔枝核/Lizhihe25.jpg,65,荔枝核
train/沉香/ChenxiangChenxiang100.jpg,33,沉香
train/千年健/Qiannianjian113.jpg,8,千年健
train/淡豆豉/DandouchiDandouchi42.jpg,36,淡豆豉
train/藁本/GaobenGaobenGaobenIMG_20200720_174330.jpg,73,藁本
train/橘核/Juhe47.jpg,32,橘核
train/灵芝/Lingzhi22.jpg,38,灵芝
train/白扁豆/BaibiandouBaibiandouBaibiandou110.jpg,44,白扁豆
train/白芷/BaizhiBaizhiBaizhiBaizhi_0.jpg,47,白芷
train/自然铜/Zirantong77.jpg,57,自然铜
train/川牛膝/ChuanniuxiChuanniuxi119.jpg,22,川牛膝
train/银柴胡/Yinchaihu17.jpg,83,银柴胡
train/千年健/Qiannianjian69.jpg,8,千年健
train/白扁豆/BaibiandouBaibiandouBaibiandou104.jpg,44,白扁豆
train/肉豆蔻/Roudoukou59.jpg,56,肉豆蔻
train/鸡内金/Jineijin19.jpg,86,鸡内金
train/干姜/GanjiangGanjiang61.jpg,23,干姜
train/酸枣仁/SuanzaorenSuanzaorenSuanzaorenSuanzaoren_59.jpg,79,酸枣仁
train/白芷/BaizhiBaizhiBaizhiIMG_20200720_173728.jpg,47,白芷
train/柏子仁/BaizirenBaizirenBaiziren26.jpg,26,柏子仁
train/柏子仁/BaizirenBaizirenBaiziren59.jpg,26,柏子仁
train/鳖甲/BiejiaBiejiaBiejia31.jpg,85,鳖甲
train/全蝎/Quanxie108.jpg,5,全蝎
train/山茱萸/Shanzhuyu17.jpg,19,山茱萸
train/白芷/BaizhiBaizhiBaizhiIMG_20200720_173715.jpg,47,白芷
train/白芷/BaizhiBaizhiBaizhiIMG_20200720_173719.jpg,47,白芷
train/海螵蛸/HaipiaoxiaoHaipiaoxiao86.jpg,35,海螵蛸
train/白矾/BaifanBaifanBaifan83.jpg,45,白矾
train/竹茹/Zhuru58.jpg,53,竹茹
train/淡豆豉/DandouchiDandouchi69.jpg,36,淡豆豉
train/太子参/Taizishen107.jpg,15,太子参
train/柏子仁/BaizirenBaizirenBaiziren81.jpg,26,柏子仁
train/荜澄茄/BichengqieBichengqieBichengqie43.jpg,67,荜澄茄
train/木丁香/Mudingxiang9.jpg,24,木丁香
train/草豆蔻/CaodoukouCaodoukouCaodoukou62.jpg,64,草豆蔻
train/番泻叶/FanxieyeFanxieye48.jpg,42,番泻叶
train/土荆皮/Tujingpi105.jpg,10,土荆皮
train/羌活/QianghuoQianghuoQianghuoQianghuo_74.jpg,55,羌活
train/莱菔子/Laifuzi52.jpg,68,莱菔子
train/莲子/Lianzi7.jpg,69,莲子
train/淡豆豉/DandouchiDandouchi34.jpg,36,淡豆豉
train/酸枣仁/SuanzaorenSuanzaorenSuanzaorenIMG_20200722_165611.jpg,79,酸枣仁
train/北沙参/BeishashenBeishashenBeishashen111.jpg,7,北沙参
train/五加皮/WujiapiWujiapiWujiapiIMG_20200722_170006.jpg,2,五加皮
train/金钱白花蛇/Jinqianbaihuashe21.jpg,82,金钱白花蛇
train/防风/FangfengFangfengFangfengIMG_20200720_174547.jpg,84,防风
train/薏苡仁/Yiyiren46.jpg,72,薏苡仁
train/瓦楞子/Walengzi50.jpg,39,瓦楞子
train/北沙参/BeishashenBeishashenBeishashen58.jpg,7,北沙参
train/藁本/GaobenGaobenGaobenGaoben_28.jpg,73,藁本
train/桂枝/GuizhiGuizhiGuizhiGuizhi_49.jpg,27,桂枝
train/石榴皮/Shiliupi80.jpg,50,石榴皮
train/谷精草/GujingcaoGujingcao98.jpg,75,谷精草
train/芦根/Lugen14.jpg,59,芦根
train/桂枝/GuizhiGuizhiGuizhiGuizhi_48.jpg,27,桂枝
train/桑寄生/SangjishengSangjishengSangjishengSangjisheng_34.jpg,28,桑寄生
train/僵蚕/Jiangcan52.jpg,4,僵蚕
train/鸡内金/Jineijin62.jpg,86,鸡内金
train/莲子心/Lianzixin68.jpg,70,莲子心
train/苦地丁/Kudiding95.jpg,62,苦地丁
train/僵蚕/Jiangcan67.jpg,4,僵蚕
train/莲房/Lianfang71.jpg,71,莲房
train/自然铜/Zirantong101.jpg,57,自然铜
train/黄芪/HuangqiHuangqi84.jpg,91,黄芪
train/羌活/QianghuoQianghuoQianghuoQianghuo_145.jpg,55,羌活
train/北沙参/BeishashenBeishashenBeishashen88.jpg,7,北沙参
train/郁金/Yujin50.jpg,78,郁金
train/麦冬/Maidong28.jpg,88,麦冬
train/柏子仁/BaizirenBaizirenBaiziren97.jpg,26,柏子仁
train/冬虫夏草/DongchongxiacaoDongchongxiacao62.jpg,6,冬虫夏草
train/五加皮/WujiapiWujiapiWujiapiWujiapi_104.jpg,2,五加皮
train/海螵蛸/HaipiaoxiaoHaipiaoxiao81.jpg,35,海螵蛸
train/番泻叶/FanxieyeFanxieye67.jpg,42,番泻叶
train/藁本/GaobenGaobenGaobenGaoben_62.jpg,73,藁本
train/莲子/Lianzi10.jpg,69,莲子
train/甘松/GansongGansong48.jpg,40,甘松
train/合欢皮/HehuanpiHehuanpi47.jpg,9,合欢皮
train/蜂房/FengfangFengfang35.jpg,74,蜂房
train/丝瓜络/Sigualuo31.jpg,0,丝瓜络
train/桂枝/GuizhiGuizhiGuizhiGuizhi_34.jpg,27,桂枝
train/黄柏/HuangboHuangboHuangboIMG_20200724_175609.jpg,89,黄柏
train/苍术/CangzhuCangzhuCangzhuCangzhu_51.jpg,60,苍术
train/细辛/XixinXixinXixinXixin_16.jpg,54,细辛
train/芦根/Lugen84.jpg,59,芦根
train/九香虫/Jiuxiangchong11.jpg,1,九香虫
train/莲子/Lianzi20.jpg,69,莲子
train/谷芽/GuyaGuya117.jpg,76,谷芽
train/蜂房/FengfangFengfang119.jpg,74,蜂房
train/酸枣仁/SuanzaorenSuanzaorenSuanzaorenSuanzaoren_58.jpg,79,酸枣仁
train/金钱白花蛇/Jinqianbaihuashe119.jpg,82,金钱白花蛇
train/淡豆豉/DandouchiDandouchi47.jpg,36,淡豆豉
train/莱菔子/Laifuzi89.jpg,68,莱菔子
train/草豆蔻/CaodoukouCaodoukouCaodoukou40.jpg,64,草豆蔻
train/橘核/Juhe3.jpg,32,橘核
train/苍术/CangzhuCangzhuCangzhuCangzhu_26.jpg,60,苍术
train/莲子心/Lianzixin12.jpg,70,莲子心
train/太子参/Taizishen77.jpg,15,太子参
train/川牛膝/ChuanniuxiChuanniuxi56.jpg,22,川牛膝
train/金钱白花蛇/Jinqianbaihuashe117.jpg,82,金钱白花蛇
train/人参/Renshen52.jpg,3,人参
train/细辛/XixinXixinXixinIMG_20200720_170945.jpg,54,细辛
train/槟榔/BinglangBinglangBinglangBinglang_6.jpg,31,槟榔
train/浙贝母/ZhebeimuZhebeimuZhebeimuZhebeimu_130.jpg,34,浙贝母
train/千年健/Qiannianjian37.jpg,8,千年健
train/郁金/Yujin79.jpg,78,郁金
train/竹茹/Zhuru65.jpg,53,竹茹
train/苏木/Sumu77.jpg,61,苏木
train/天麻/Tianma87.jpg,14,天麻
train/瓦楞子/Walengzi0.jpg,39,瓦楞子
train/金钱白花蛇/Jinqianbaihuashe0.jpg,82,金钱白花蛇
train/黄芩/HuangqinHuangqinHuangqinIMG_20200724_175140.jpg,90,黄芩
train/鳖甲/BiejiaBiejiaBiejia95.jpg,85,鳖甲
train/干姜/GanjiangGanjiang115.jpg,23,干姜
train/龙眼肉/Longyanrou2.jpg,92,龙眼肉
train/荔枝核/Lizhihe14.jpg,65,荔枝核
train/白扁豆/BaibiandouBaibiandouBaibiandou80.jpg,44,白扁豆
train/肉豆蔻/Roudoukou18.jpg,56,肉豆蔻
train/干姜/GanjiangGanjiang69.jpg,23,干姜
train/瓦楞子/Walengzi113.jpg,39,瓦楞子
train/土荆皮/Tujingpi83.jpg,10,土荆皮
train/槟榔/BinglangBinglangBinglangBinglang_20.jpg,31,槟榔
train/路路通/Lulutong9.jpg,77,路路通
train/白矾/BaifanBaifanBaifan49.jpg,45,白矾
train/天花粉/Tianhuafen27.jpg,13,天花粉
train/路路通/Lulutong35.jpg,77,路路通
train/细辛/XixinXixinXixinXixin_34.jpg,54,细辛
train/桑螵蛸/Sangpiaoxiao51.jpg,30,桑螵蛸
train/麦冬/Maidong9.jpg,88,麦冬
train/莲房/Lianfang9.jpg,71,莲房
train/芥子/Jiezi33.jpg,58,芥子
train/银柴胡/Yinchaihu70.jpg,83,银柴胡
train/草豆蔻/CaodoukouCaodoukouCaodoukou76.jpg,64,草豆蔻
train/芦根/Lugen1.jpg,59,芦根
train/人参/Renshen99.jpg,3,人参
train/五加皮/WujiapiWujiapiWujiapiWujiapi_75.jpg,2,五加皮
train/荜拨/BiboBiboBibo33.jpg,66,荜拨
train/金果榄/Jinguolan18.jpg,80,金果榄
train/蜂房/FengfangFengfang80.jpg,74,蜂房
train/淡豆豉/DandouchiDandouchi26.jpg,36,淡豆豉
train/自然铜/Zirantong47.jpg,57,自然铜
train/金钱白花蛇/Jinqianbaihuashe16.jpg,82,金钱白花蛇
train/酸枣仁/SuanzaorenSuanzaorenSuanzaorenSuanzaoren_54.jpg,79,酸枣仁
train/苦地丁/Kudiding96.jpg,62,苦地丁
train/竹茹/Zhuru69.jpg,53,竹茹
train/灵芝/Lingzhi112.jpg,38,灵芝
train/黄柏/HuangboHuangboHuangboHuangbo_10.jpg,89,黄柏
train/银柴胡/Yinchaihu29.jpg,83,银柴胡
train/浙贝母/ZhebeimuZhebeimuZhebeimuZhebeimu_78.jpg,34,浙贝母
train/白矾/BaifanBaifanBaifan56.jpg,45,白矾
train/路路通/Lulutong84.jpg,77,路路通
train/桑螵蛸/Sangpiaoxiao81.jpg,30,桑螵蛸
train/细辛/XixinXixinXixinIMG_20200720_170955.jpg,54,细辛
train/山慈菇/Shancigu31.jpg,18,山慈菇
train/桂枝/GuizhiGuizhiGuizhiGuizhi_38.jpg,27,桂枝
train/地龙/DilongDilong20.jpg,11,地龙
train/千年健/Qiannianjian49.jpg,8,千年健
train/莲子/Lianzi92.jpg,69,莲子
train/番泻叶/FanxieyeFanxieye51.jpg,42,番泻叶
train/荜拨/BiboBiboBibo50.jpg,66,荜拨
train/干姜/GanjiangGanjiang100.jpg,23,干姜
train/白扁豆/BaibiandouBaibiandouBaibiandou60.jpg,44,白扁豆
train/秦皮/Qinpi24.jpg,51,秦皮
train/防风/FangfengFangfengFangfengFangfeng_32.jpg,84,防风
train/鸡冠花/Jiguanhua87.jpg,87,鸡冠花
train/白蔹/BailianBailianBailian40.jpg,49,白蔹
train/槟榔/BinglangBinglangBinglangBinglang_13.jpg,31,槟榔
train/瓦楞子/Walengzi39.jpg,39,瓦楞子
train/麦冬/Maidong91.jpg,88,麦冬
train/僵蚕/Jiangcan13.jpg,4,僵蚕
train/羌活/QianghuoQianghuoQianghuoIMG_20200719_173019.jpg,55,羌活
train/大腹皮/DafupiDafupi113.jpg,12,大腹皮
train/莲子心/Lianzixin0.jpg,70,莲子心
train/鸡内金/Jineijin89.jpg,86,鸡内金
train/山奈/Shannai8.jpg,17,山奈
train/芥子/Jiezi53.jpg,58,芥子
train/路路通/Lulutong34.jpg,77,路路通
train/自然铜/Zirantong109.jpg,57,自然铜
train/大腹皮/DafupiDafupi109.jpg,12,大腹皮
train/石榴皮/Shiliupi4.jpg,50,石榴皮
train/大腹皮/DafupiDafupi92.jpg,12,大腹皮
train/白茅根/BaimaogenBaimaogenBaimaogen63.jpg,48,白茅根
train/甘松/GansongGansong85.jpg,40,甘松
train/瓦楞子/Walengzi17.jpg,39,瓦楞子
train/白芷/BaizhiBaizhiBaizhiBaizhi_2.jpg,47,白芷
train/金果榄/Jinguolan14.jpg,80,金果榄
train/川牛膝/ChuanniuxiChuanniuxi45.jpg,22,川牛膝
train/地龙/DilongDilong70.jpg,11,地龙
train/川木香/ChuanmuxiangChuanmuxiang79.jpg,20,川木香
train/竹茹/Zhuru83.jpg,53,竹茹
train/防风/FangfengFangfengFangfengFangfeng_34.jpg,84,防风
train/川楝子/ChuanlianziChuanlianzi65.jpg,21,川楝子
train/黄芩/HuangqinHuangqinHuangqinHuangqin_40.jpg,90,黄芩
train/鸡冠花/Jiguanhua23.jpg,87,鸡冠花
train/土荆皮/Tujingpi8.jpg,10,土荆皮
train/人参/Renshen109.jpg,3,人参
train/合欢皮/HehuanpiHehuanpi90.jpg,9,合欢皮
train/薏苡仁/Yiyiren18.jpg,72,薏苡仁
train/莲房/Lianfang96.jpg,71,莲房
train/山奈/Shannai22.jpg,17,山奈
train/荔枝核/Lizhihe19.jpg,65,荔枝核
train/番泻叶/FanxieyeFanxieye36.jpg,42,番泻叶
train/淡豆豉/DandouchiDandouchi95.jpg,36,淡豆豉
train/薏苡仁/Yiyiren6.jpg,72,薏苡仁
train/灵芝/Lingzhi73.jpg,38,灵芝
train/麦冬/Maidong0.jpg,88,麦冬
train/鸡内金/Jineijin28.jpg,86,鸡内金
train/肉豆蔻/Roudoukou83.jpg,56,肉豆蔻
train/槟榔/BinglangBinglangBinglangBinglang_9.jpg,31,槟榔
train/灵芝/Lingzhi31.jpg,38,灵芝
train/鳖甲/BiejiaBiejiaBiejia22.jpg,85,鳖甲
train/川木香/ChuanmuxiangChuanmuxiang116.jpg,20,川木香
train/地龙/DilongDilong60.jpg,11,地龙
train/白矾/BaifanBaifanBaifan27.jpg,45,白矾
train/竹茹/Zhuru19.jpg,53,竹茹
train/草豆蔻/CaodoukouCaodoukouCaodoukou90.jpg,64,草豆蔻
train/白芍/BaishaoBaishaoBaishaoBaishao_56.jpg,46,白芍
train/天花粉/Tianhuafen50.jpg,13,天花粉
train/番泻叶/FanxieyeFanxieye115.jpg,42,番泻叶
train/川牛膝/ChuanniuxiChuanniuxi71.jpg,22,川牛膝
train/冬虫夏草/DongchongxiacaoDongchongxiacao75.jpg,6,冬虫夏草
train/桑螵蛸/Sangpiaoxiao30.jpg,30,桑螵蛸
train/谷精草/GujingcaoGujingcao90.jpg,75,谷精草
train/苍术/CangzhuCangzhuCangzhuCangzhu_21.jpg,60,苍术
train/人参/Renshen50.jpg,3,人参
train/银柴胡/Yinchaihu49.jpg,83,银柴胡
train/白芷/BaizhiBaizhiBaizhiIMG_20200720_173738.jpg,47,白芷
train/莲房/Lianfang89.jpg,71,莲房
train/山茱萸/Shanzhuyu2.jpg,19,山茱萸
train/龙眼肉/Longyanrou0.jpg,92,龙眼肉
train/龙眼肉/Longyanrou79.jpg,92,龙眼肉
train/路路通/Lulutong95.jpg,77,路路通
train/山奈/Shannai69.jpg,17,山奈
train/人参/Renshen31.jpg,3,人参
train/自然铜/Zirantong87.jpg,57,自然铜
train/苏木/Sumu10.jpg,61,苏木
train/川牛膝/ChuanniuxiChuanniuxi106.jpg,22,川牛膝
train/海螵蛸/HaipiaoxiaoHaipiaoxiao22.jpg,35,海螵蛸
train/白蔹/BailianBailianBailian108.jpg,49,白蔹
train/桑螵蛸/Sangpiaoxiao29.jpg,30,桑螵蛸
train/金果榄/Jinguolan32.jpg,80,金果榄
train/天麻/Tianma86.jpg,14,天麻
train/莱菔子/Laifuzi116.jpg,68,莱菔子
train/苦地丁/Kudiding32.jpg,62,苦地丁
train/橘核/Juhe49.jpg,32,橘核
train/五加皮/WujiapiWujiapiWujiapiIMG_20200722_170014.jpg,2,五加皮
train/山慈菇/Shancigu24.jpg,18,山慈菇
train/千年健/Qiannianjian16.jpg,8,千年健
train/稻芽/DaoyaDaoya43.jpg,52,稻芽
train/莲子心/Lianzixin93.jpg,70,莲子心
train/千年健/Qiannianjian100.jpg,8,千年健
train/太子参/Taizishen78.jpg,15,太子参
train/银柴胡/Yinchaihu18.jpg,83,银柴胡
train/郁金/Yujin113.jpg,78,郁金
train/鸡内金/Jineijin94.jpg,86,鸡内金
train/郁金/Yujin74.jpg,78,郁金
train/白芷/BaizhiBaizhiBaizhiBaizhi_6.jpg,47,白芷
train/大腹皮/DafupiDafupi48.jpg,12,大腹皮
train/白茅根/BaimaogenBaimaogenBaimaogen31.jpg,48,白茅根
train/地龙/DilongDilong87.jpg,11,地龙
train/郁金/Yujin31.jpg,78,郁金
train/川牛膝/ChuanniuxiChuanniuxi57.jpg,22,川牛膝
train/银柴胡/Yinchaihu2.jpg,83,银柴胡
train/莲房/Lianfang10.jpg,71,莲房
train/白矾/BaifanBaifanBaifan55.jpg,45,白矾
train/土荆皮/Tujingpi21.jpg,10,土荆皮
train/自然铜/Zirantong117.jpg,57,自然铜
train/鸡冠花/Jiguanhua99.jpg,87,鸡冠花
train/柏子仁/BaizirenBaizirenBaiziren113.jpg,26,柏子仁
train/灵芝/Lingzhi66.jpg,38,灵芝
train/芥子/Jiezi84.jpg,58,芥子
train/合欢皮/HehuanpiHehuanpi94.jpg,9,合欢皮
train/芥子/Jiezi91.jpg,58,芥子
train/黄芪/HuangqiHuangqi46.jpg,91,黄芪
train/海螵蛸/HaipiaoxiaoHaipiaoxiao47.jpg,35,海螵蛸
train/芦根/Lugen62.jpg,59,芦根
train/荆芥穗/Jingjiesui72.jpg,63,荆芥穗
train/石榴皮/Shiliupi49.jpg,50,石榴皮
train/莱菔子/Laifuzi112.jpg,68,莱菔子
train/丝瓜络/Sigualuo20.jpg,0,丝瓜络
train/冬虫夏草/DongchongxiacaoDongchongxiacao89.jpg,6,冬虫夏草
train/川楝子/ChuanlianziChuanlianzi42.jpg,21,川楝子
train/麦冬/Maidong115.jpg,88,麦冬
train/莲子/Lianzi53.jpg,69,莲子
train/白芷/BaizhiBaizhiBaizhiIMG_20200720_173730.jpg,47,白芷
train/瓦楞子/Walengzi26.jpg,39,瓦楞子
train/细辛/XixinXixinXixinXixin_61.jpg,54,细辛
train/细辛/XixinXixinXixinXixin_17.jpg,54,细辛
train/草豆蔻/CaodoukouCaodoukouCaodoukou107.jpg,64,草豆蔻
train/黄柏/HuangboHuangboHuangboHuangbo_84.jpg,89,黄柏
train/桂枝/GuizhiGuizhiGuizhiGuizhi_44.jpg,27,桂枝
train/竹茹/Zhuru50.jpg,53,竹茹
train/肉豆蔻/Roudoukou17.jpg,56,肉豆蔻
train/金果榄/Jinguolan12.jpg,80,金果榄
train/莲房/Lianfang54.jpg,71,莲房
train/防风/FangfengFangfengFangfengIMG_20200720_174551.jpg,84,防风
train/丝瓜络/Sigualuo77.jpg,0,丝瓜络
train/莲子心/Lianzixin66.jpg,70,莲子心
train/北沙参/BeishashenBeishashenBeishashen69.jpg,7,北沙参
train/人参/Renshen34.jpg,3,人参
train/黄柏/HuangboHuangboHuangboHuangbo_19.jpg,89,黄柏
train/地龙/DilongDilong41.jpg,11,地龙
train/槟榔/BinglangBinglangBinglangIMG_20200719_180527.jpg,31,槟榔
train/自然铜/Zirantong48.jpg,57,自然铜
train/山慈菇/Shancigu1.jpg,18,山慈菇
train/浙贝母/ZhebeimuZhebeimuZhebeimuZhebeimu_85.jpg,34,浙贝母
train/北沙参/BeishashenBeishashenBeishashen38.jpg,7,北沙参
train/秦皮/Qinpi44.jpg,51,秦皮
train/酸枣仁/SuanzaorenSuanzaorenSuanzaorenSuanzaoren_47.jpg,79,酸枣仁
train/草豆蔻/CaodoukouCaodoukouCaodoukou74.jpg,64,草豆蔻
train/天麻/Tianma95.jpg,14,天麻
train/北沙参/BeishashenBeishashenBeishashen85.jpg,7,北沙参
train/山慈菇/Shancigu37.jpg,18,山慈菇
train/全蝎/Quanxie0.jpg,5,全蝎
train/全蝎/Quanxie12.jpg,5,全蝎
train/枸杞子/GouqiziGouqizi63.jpg,25,枸杞子
train/灵芝/Lingzhi107.jpg,38,灵芝
train/草豆蔻/CaodoukouCaodoukouCaodoukou68.jpg,64,草豆蔻
train/石榴皮/Shiliupi73.jpg,50,石榴皮
train/黄芩/HuangqinHuangqinHuangqinIMG_20200724_175139.jpg,90,黄芩
train/蜂房/FengfangFengfang42.jpg,74,蜂房
train/白矾/BaifanBaifanBaifan92.jpg,45,白矾
train/僵蚕/Jiangcan89.jpg,4,僵蚕
train/干姜/GanjiangGanjiang56.jpg,23,干姜
train/川木香/ChuanmuxiangChuanmuxiang87.jpg,20,川木香
train/人参/Renshen101.jpg,3,人参
train/郁金/Yujin11.jpg,78,郁金
train/鸡内金/Jineijin57.jpg,86,鸡内金
train/槟榔/BinglangBinglangBinglangBinglang_56.jpg,31,槟榔
train/路路通/Lulutong32.jpg,77,路路通
train/荆芥穗/Jingjiesui77.jpg,63,荆芥穗
train/苦地丁/Kudiding40.jpg,62,苦地丁
train/人参/Renshen107.jpg,3,人参
train/瓦楞子/Walengzi38.jpg,39,瓦楞子
train/冬虫夏草/DongchongxiacaoDongchongxiacao83.jpg,6,冬虫夏草
train/谷芽/GuyaGuya85.jpg,76,谷芽
train/白蔹/BailianBailianBailian24.jpg,49,白蔹
train/荜拨/BiboBiboBibo73.jpg,66,荜拨
train/白扁豆/BaibiandouBaibiandouBaibiandou69.jpg,44,白扁豆
train/肉豆蔻/Roudoukou8.jpg,56,肉豆蔻
train/白芍/BaishaoBaishaoBaishaoBaishao_17.jpg,46,白芍
train/银柴胡/Yinchaihu3.jpg,83,银柴胡
train/橘核/Juhe65.jpg,32,橘核
train/甘松/GansongGansong70.jpg,40,甘松
train/北沙参/BeishashenBeishashenBeishashen73.jpg,7,北沙参
train/安息香/AnxixiangAnxixiangAnxixiang39.jpg,16,安息香
train/白前/BaiqianBaiqianBaiqian85.jpg,43,白前
train/湖北贝母/Hubeibeimu33.jpg,37,湖北贝母
train/莲子/Lianzi24.jpg,69,莲子
train/鸡冠花/Jiguanhua86.jpg,87,鸡冠花
train/川楝子/ChuanlianziChuanlianzi73.jpg,21,川楝子
train/合欢皮/HehuanpiHehuanpi107.jpg,9,合欢皮
train/黄芪/HuangqiHuangqi33.jpg,91,黄芪
train/天麻/Tianma100.jpg,14,天麻
train/甘草/GancaoGancaoGancaoIMG_20200719_172810.jpg,41,甘草
train/安息香/AnxixiangAnxixiangAnxixiang119.jpg,16,安息香
train/蜂房/FengfangFengfang94.jpg,74,蜂房
train/枸杞子/GouqiziGouqizi49.jpg,25,枸杞子
train/川楝子/ChuanlianziChuanlianzi24.jpg,21,川楝子
train/自然铜/Zirantong31.jpg,57,自然铜
train/金灯笼/Jindenglong86.jpg,81,金灯笼
train/莱菔子/Laifuzi14.jpg,68,莱菔子
train/安息香/AnxixiangAnxixiangAnxixiang21.jpg,16,安息香
train/莲子/Lianzi69.jpg,69,莲子
train/芦根/Lugen108.jpg,59,芦根
train/冬虫夏草/DongchongxiacaoDongchongxiacao117.jpg,6,冬虫夏草
train/太子参/Taizishen4.jpg,15,太子参
train/山奈/Shannai9.jpg,17,山奈
train/鳖甲/BiejiaBiejiaBiejia103.jpg,85,鳖甲
train/山慈菇/Shancigu39.jpg,18,山慈菇
train/稻芽/DaoyaDaoya60.jpg,52,稻芽
train/肉豆蔻/Roudoukou93.jpg,56,肉豆蔻
train/酸枣仁/SuanzaorenSuanzaorenSuanzaorenIMG_20200722_165622.jpg,79,酸枣仁
train/路路通/Lulutong110.jpg,77,路路通
train/竹茹/Zhuru31.jpg,53,竹茹
train/海螵蛸/HaipiaoxiaoHaipiaoxiao96.jpg,35,海螵蛸
train/芥子/Jiezi69.jpg,58,芥子
train/橘核/Juhe13.jpg,32,橘核
train/细辛/XixinXixinXixinXixin_14.jpg,54,细辛
train/僵蚕/Jiangcan40.jpg,4,僵蚕
train/九香虫/Jiuxiangchong4.jpg,1,九香虫
train/桑螵蛸/Sangpiaoxiao91.jpg,30,桑螵蛸
train/天花粉/Tianhuafen19.jpg,13,天花粉
train/桑寄生/SangjishengSangjishengSangjishengSangjisheng_55.jpg,28,桑寄生
train/蜂房/FengfangFengfang72.jpg,74,蜂房
train/淡豆豉/DandouchiDandouchi29.jpg,36,淡豆豉
train/川楝子/ChuanlianziChuanlianzi49.jpg,21,川楝子
train/稻芽/DaoyaDaoya100.jpg,52,稻芽
train/路路通/Lulutong59.jpg,77,路路通
train/地龙/DilongDilong86.jpg,11,地龙
train/甘草/GancaoGancaoGancaoGancao_57.jpg,41,甘草
train/山茱萸/Shanzhuyu1.jpg,19,山茱萸
train/天花粉/Tianhuafen114.jpg,13,天花粉
train/白芷/BaizhiBaizhiBaizhiIMG_20200720_173713.jpg,47,白芷
train/瓦楞子/Walengzi16.jpg,39,瓦楞子
train/安息香/AnxixiangAnxixiangAnxixiang106.jpg,16,安息香
train/莲房/Lianfang84.jpg,71,莲房
train/大腹皮/DafupiDafupi114.jpg,12,大腹皮
train/土荆皮/Tujingpi65.jpg,10,土荆皮
train/太子参/Taizishen114.jpg,15,太子参
train/全蝎/Quanxie116.jpg,5,全蝎
train/苦地丁/Kudiding13.jpg,62,苦地丁
train/川楝子/ChuanlianziChuanlianzi57.jpg,21,川楝子
train/番泻叶/FanxieyeFanxieye44.jpg,42,番泻叶
train/黄柏/HuangboHuangboHuangboIMG_20200724_175605.jpg,89,黄柏
train/灵芝/Lingzhi18.jpg,38,灵芝
train/丝瓜络/Sigualuo96.jpg,0,丝瓜络
train/瓦楞子/Walengzi93.jpg,39,瓦楞子
train/稻芽/DaoyaDaoya45.jpg,52,稻芽
train/防风/FangfengFangfengFangfengFangfeng_17.jpg,84,防风
train/谷精草/GujingcaoGujingcao39.jpg,75,谷精草
train/荜拨/BiboBiboBibo25.jpg,66,荜拨
train/莱菔子/Laifuzi85.jpg,68,莱菔子
train/川牛膝/ChuanniuxiChuanniuxi109.jpg,22,川牛膝
train/荜拨/BiboBiboBibo40.jpg,66,荜拨
train/细辛/XixinXixinXixinXixin_11.jpg,54,细辛
train/肉豆蔻/Roudoukou41.jpg,56,肉豆蔻
train/山茱萸/Shanzhuyu117.jpg,19,山茱萸
train/金果榄/Jinguolan60.jpg,80,金果榄
train/郁金/Yujin86.jpg,78,郁金
train/白芷/BaizhiBaizhiBaizhiIMG_20200720_173706.jpg,47,白芷
train/芦根/Lugen61.jpg,59,芦根
train/防风/FangfengFangfengFangfengFangfeng_64.jpg,84,防风
train/莲房/Lianfang72.jpg,71,莲房
train/薏苡仁/Yiyiren29.jpg,72,薏苡仁
train/苍术/CangzhuCangzhuCangzhuCangzhu_35.jpg,60,苍术
train/千年健/Qiannianjian46.jpg,8,千年健
train/秦皮/Qinpi75.jpg,51,秦皮
train/桂枝/GuizhiGuizhiGuizhiIMG_20200719_174819.jpg,27,桂枝
train/白扁豆/BaibiandouBaibiandouBaibiandou101.jpg,44,白扁豆
train/酸枣仁/SuanzaorenSuanzaorenSuanzaorenSuanzaoren_30.jpg,79,酸枣仁
train/龙眼肉/Longyanrou116.jpg,92,龙眼肉
train/白前/BaiqianBaiqianBaiqian48.jpg,43,白前
train/淡豆豉/DandouchiDandouchi116.jpg,36,淡豆豉
train/川木香/ChuanmuxiangChuanmuxiang43.jpg,20,川木香
train/莲子心/Lianzixin8.jpg,70,莲子心
train/细辛/XixinXixinXixinIMG_20200720_170933.jpg,54,细辛
train/大腹皮/DafupiDafupi78.jpg,12,大腹皮
train/麦冬/Maidong75.jpg,88,麦冬
train/千年健/Qiannianjian42.jpg,8,千年健
train/黄芩/HuangqinHuangqinHuangqinHuangqin_71.jpg,90,黄芩
train/桂枝/GuizhiGuizhiGuizhiGuizhi_141.jpg,27,桂枝
train/合欢皮/HehuanpiHehuanpi26.jpg,9,合欢皮
train/莲子/Lianzi40.jpg,69,莲子
train/麦冬/Maidong1.jpg,88,麦冬
train/桂枝/GuizhiGuizhiGuizhiIMG_20200719_174706.jpg,27,桂枝
train/白矾/BaifanBaifanBaifan33.jpg,45,白矾
train/白芷/BaizhiBaizhiBaizhiBaizhi_50.jpg,47,白芷
train/沉香/ChenxiangChenxiang24.jpg,33,沉香
train/沉香/ChenxiangChenxiang74.jpg,33,沉香
train/天花粉/Tianhuafen35.jpg,13,天花粉
train/薏苡仁/Yiyiren94.jpg,72,薏苡仁
train/黄芪/HuangqiHuangqi73.jpg,91,黄芪
train/桑椹/Sangshen7.jpg,29,桑椹
train/自然铜/Zirantong86.jpg,57,自然铜
train/苦地丁/Kudiding61.jpg,62,苦地丁
train/金灯笼/Jindenglong10.jpg,81,金灯笼
train/橘核/Juhe23.jpg,32,橘核
train/自然铜/Zirantong43.jpg,57,自然铜
train/自然铜/Zirantong89.jpg,57,自然铜
train/莲子/Lianzi96.jpg,69,莲子
train/肉豆蔻/Roudoukou27.jpg,56,肉豆蔻
train/白蔹/BailianBailianBailian103.jpg,49,白蔹
train/丝瓜络/Sigualuo3.jpg,0,丝瓜络
train/合欢皮/HehuanpiHehuanpi75.jpg,9,合欢皮
train/黄芩/HuangqinHuangqinHuangqinIMG_20200724_175119.jpg,90,黄芩
train/谷芽/GuyaGuya100.jpg,76,谷芽
train/山奈/Shannai74.jpg,17,山奈
train/莲子心/Lianzixin53.jpg,70,莲子心
train/芦根/Lugen119.jpg,59,芦根
train/鸡内金/Jineijin109.jpg,86,鸡内金
train/五加皮/WujiapiWujiapiWujiapiWujiapi_108.jpg,2,五加皮
train/莲房/Lianfang69.jpg,71,莲房
train/灵芝/Lingzhi9.jpg,38,灵芝
train/甘草/GancaoGancaoGancaoGancao_38.jpg,41,甘草
train/稻芽/DaoyaDaoya106.jpg,52,稻芽
train/莲房/Lianfang7.jpg,71,莲房
train/苏木/Sumu6.jpg,61,苏木
train/瓦楞子/Walengzi109.jpg,39,瓦楞子
train/自然铜/Zirantong15.jpg,57,自然铜
train/冬虫夏草/DongchongxiacaoDongchongxiacao50.jpg,6,冬虫夏草
train/防风/FangfengFangfengFangfengFangfeng_21.jpg,84,防风
train/莲子心/Lianzixin115.jpg,70,莲子心
train/川牛膝/ChuanniuxiChuanniuxi37.jpg,22,川牛膝
train/甘松/GansongGansong53.jpg,40,甘松
train/白芷/BaizhiBaizhiBaizhiIMG_20200720_173726.jpg,47,白芷
train/川楝子/ChuanlianziChuanlianzi94.jpg,21,川楝子
train/荜拨/BiboBiboBibo101.jpg,66,荜拨
train/藁本/GaobenGaobenGaobenGaoben_22.jpg,73,藁本
train/桂枝/GuizhiGuizhiGuizhiIMG_20200719_174659.jpg,27,桂枝
train/地龙/DilongDilong98.jpg,11,地龙
train/谷精草/GujingcaoGujingcao75.jpg,75,谷精草
train/瓦楞子/Walengzi23.jpg,39,瓦楞子
train/芥子/Jiezi39.jpg,58,芥子
train/荜拨/BiboBiboBibo38.jpg,66,荜拨
train/土荆皮/Tujingpi45.jpg,10,土荆皮
train/甘松/GansongGansong47.jpg,40,甘松
train/桑椹/Sangshen15.jpg,29,桑椹
train/谷精草/GujingcaoGujingcao70.jpg,75,谷精草
train/秦皮/Qinpi29.jpg,51,秦皮
train/僵蚕/Jiangcan62.jpg,4,僵蚕
train/酸枣仁/SuanzaorenSuanzaorenSuanzaorenSuanzaoren_83.jpg,79,酸枣仁
train/桑螵蛸/Sangpiaoxiao39.jpg,30,桑螵蛸
train/川牛膝/ChuanniuxiChuanniuxi59.jpg,22,川牛膝
train/沉香/ChenxiangChenxiang72.jpg,33,沉香
train/黄柏/HuangboHuangboHuangboIMG_20200724_175623_1.jpg,89,黄柏
train/薏苡仁/Yiyiren90.jpg,72,薏苡仁
train/木丁香/Mudingxiang17.jpg,24,木丁香
train/天花粉/Tianhuafen13.jpg,13,天花粉
train/人参/Renshen37.jpg,3,人参
train/土荆皮/Tujingpi48.jpg,10,土荆皮
train/丝瓜络/Sigualuo17.jpg,0,丝瓜络
train/苏木/Sumu68.jpg,61,苏木
train/白前/BaiqianBaiqianBaiqian100.jpg,43,白前
train/鸡内金/Jineijin95.jpg,86,鸡内金
train/白芍/BaishaoBaishaoBaishaoBaishao_54.jpg,46,白芍
train/秦皮/Qinpi63.jpg,51,秦皮
train/路路通/Lulutong93.jpg,77,路路通
train/人参/Renshen33.jpg,3,人参
train/北沙参/BeishashenBeishashenBeishashen37.jpg,7,北沙参
train/瓦楞子/Walengzi101.jpg,39,瓦楞子
train/防风/FangfengFangfengFangfengFangfeng_65.jpg,84,防风
train/鸡冠花/Jiguanhua80.jpg,87,鸡冠花
train/海螵蛸/HaipiaoxiaoHaipiaoxiao109.jpg,35,海螵蛸
train/白芷/BaizhiBaizhiBaizhiIMG_20200720_173741.jpg,47,白芷
train/木丁香/Mudingxiang94.jpg,24,木丁香
train/甘草/GancaoGancaoGancaoGancao_64.jpg,41,甘草
train/荜澄茄/BichengqieBichengqieBichengqie107.jpg,67,荜澄茄
train/自然铜/Zirantong99.jpg,57,自然铜
train/全蝎/Quanxie30.jpg,5,全蝎
train/酸枣仁/SuanzaorenSuanzaorenSuanzaorenSuanzaoren_38.jpg,79,酸枣仁
train/芦根/Lugen44.jpg,59,芦根
train/湖北贝母/Hubeibeimu3.jpg,37,湖北贝母
train/白芷/BaizhiBaizhiBaizhiIMG_20200720_173740.jpg,47,白芷
train/麦冬/Maidong35.jpg,88,麦冬
train/莲子心/Lianzixin75.jpg,70,莲子心
train/湖北贝母/Hubeibeimu108.jpg,37,湖北贝母
train/金钱白花蛇/Jinqianbaihuashe65.jpg,82,金钱白花蛇
train/芦根/Lugen72.jpg,59,芦根
train/莲房/Lianfang23.jpg,71,莲房
train/鸡冠花/Jiguanhua79.jpg,87,鸡冠花
train/鸡内金/Jineijin72.jpg,86,鸡内金
train/川木香/ChuanmuxiangChuanmuxiang102.jpg,20,川木香
train/金灯笼/Jindenglong105.jpg,81,金灯笼
train/荔枝核/Lizhihe105.jpg,65,荔枝核
train/甘松/GansongGansong22.jpg,40,甘松
train/柏子仁/BaizirenBaizirenBaiziren42.jpg,26,柏子仁
train/银柴胡/Yinchaihu54.jpg,83,银柴胡
train/山慈菇/Shancigu43.jpg,18,山慈菇
train/湖北贝母/Hubeibeimu13.jpg,37,湖北贝母
train/合欢皮/HehuanpiHehuanpi42.jpg,9,合欢皮
train/银柴胡/Yinchaihu28.jpg,83,银柴胡
train/鸡内金/Jineijin6.jpg,86,鸡内金
train/桑寄生/SangjishengSangjishengSangjishengSangjisheng_88.jpg,28,桑寄生
train/黄芪/HuangqiHuangqi111.jpg,91,黄芪
train/蜂房/FengfangFengfang100.jpg,74,蜂房
train/荜拨/BiboBiboBibo77.jpg,66,荜拨
train/荆芥穗/Jingjiesui114.jpg,63,荆芥穗
train/北沙参/BeishashenBeishashenBeishashen31.jpg,7,北沙参
train/槟榔/BinglangBinglangBinglangBinglang_42.jpg,31,槟榔
train/川木香/ChuanmuxiangChuanmuxiang29.jpg,20,川木香
train/人参/Renshen74.jpg,3,人参
train/白芷/BaizhiBaizhiBaizhiIMG_20200720_173746.jpg,47,白芷
train/天麻/Tianma62.jpg,14,天麻
train/番泻叶/FanxieyeFanxieye116.jpg,42,番泻叶
train/海螵蛸/HaipiaoxiaoHaipiaoxiao111.jpg,35,海螵蛸
train/金钱白花蛇/Jinqianbaihuashe8.jpg,82,金钱白花蛇
train/谷精草/GujingcaoGujingcao36.jpg,75,谷精草
train/木丁香/Mudingxiang116.jpg,24,木丁香
train/甘草/GancaoGancaoGancaoGancao_59.jpg,41,甘草
train/金果榄/Jinguolan104.jpg,80,金果榄
train/芥子/Jiezi22.jpg,58,芥子
train/自然铜/Zirantong24.jpg,57,自然铜
train/路路通/Lulutong80.jpg,77,路路通
train/羌活/QianghuoQianghuoQianghuoQianghuo_134.jpg,55,羌活
train/全蝎/Quanxie75.jpg,5,全蝎
train/肉豆蔻/Roudoukou70.jpg,56,肉豆蔻
train/川楝子/ChuanlianziChuanlianzi34.jpg,21,川楝子
train/番泻叶/FanxieyeFanxieye45.jpg,42,番泻叶
train/瓦楞子/Walengzi52.jpg,39,瓦楞子
train/金果榄/Jinguolan33.jpg,80,金果榄
train/山茱萸/Shanzhuyu48.jpg,19,山茱萸
train/金钱白花蛇/Jinqianbaihuashe43.jpg,82,金钱白花蛇
train/金钱白花蛇/Jinqianbaihuashe35.jpg,82,金钱白花蛇
train/龙眼肉/Longyanrou58.jpg,92,龙眼肉
train/荜拨/BiboBiboBibo39.jpg,66,荜拨
train/鳖甲/BiejiaBiejiaBiejia49.jpg,85,鳖甲
train/五加皮/WujiapiWujiapiWujiapiWujiapi_102.jpg,2,五加皮
train/竹茹/Zhuru94.jpg,53,竹茹
train/甘草/GancaoGancaoGancaoIMG_20200719_172818.jpg,41,甘草
train/秦皮/Qinpi105.jpg,51,秦皮
train/九香虫/Jiuxiangchong69.jpg,1,九香虫
train/甘草/GancaoGancaoGancaoGancao_26.jpg,41,甘草
train/土荆皮/Tujingpi10.jpg,10,土荆皮
train/金果榄/Jinguolan109.jpg,80,金果榄
train/荜澄茄/BichengqieBichengqieBichengqie40.jpg,67,荜澄茄
train/荜拨/BiboBiboBibo106.jpg,66,荜拨
train/谷芽/GuyaGuya90.jpg,76,谷芽
train/稻芽/DaoyaDaoya48.jpg,52,稻芽
train/太子参/Taizishen42.jpg,15,太子参
train/九香虫/Jiuxiangchong106.jpg,1,九香虫
train/蜂房/FengfangFengfang32.jpg,74,蜂房
train/干姜/GanjiangGanjiang60.jpg,23,干姜
train/安息香/AnxixiangAnxixiangAnxixiang78.jpg,16,安息香
train/苍术/CangzhuCangzhuCangzhuCangzhu_24.jpg,60,苍术
train/淡豆豉/DandouchiDandouchi73.jpg,36,淡豆豉
train/黄柏/HuangboHuangboHuangboIMG_20200724_175606.jpg,89,黄柏
train/大腹皮/DafupiDafupi46.jpg,12,大腹皮
train/苍术/CangzhuCangzhuCangzhuIMG_20200720_165910.jpg,60,苍术
train/千年健/Qiannianjian63.jpg,8,千年健
train/山慈菇/Shancigu26.jpg,18,山慈菇
train/郁金/Yujin85.jpg,78,郁金
train/羌活/QianghuoQianghuoQianghuoQianghuo_51.jpg,55,羌活
train/山奈/Shannai24.jpg,17,山奈
train/苏木/Sumu31.jpg,61,苏木
train/合欢皮/HehuanpiHehuanpi31.jpg,9,合欢皮
train/淡豆豉/DandouchiDandouchi109.jpg,36,淡豆豉
train/九香虫/Jiuxiangchong6.jpg,1,九香虫
train/海螵蛸/HaipiaoxiaoHaipiaoxiao58.jpg,35,海螵蛸
train/荜拨/BiboBiboBibo116.jpg,66,荜拨
train/柏子仁/BaizirenBaizirenBaiziren40.jpg,26,柏子仁
train/荔枝核/Lizhihe67.jpg,65,荔枝核
train/羌活/QianghuoQianghuoQianghuoQianghuo_68.jpg,55,羌活
train/薏苡仁/Yiyiren22.jpg,72,薏苡仁
train/荔枝核/Lizhihe48.jpg,65,荔枝核
train/龙眼肉/Longyanrou41.jpg,92,龙眼肉
train/苏木/Sumu52.jpg,61,苏木
train/桑寄生/SangjishengSangjishengSangjishengSangjisheng_21.jpg,28,桑寄生
train/白前/BaiqianBaiqianBaiqian34.jpg,43,白前
train/槟榔/BinglangBinglangBinglangBinglang_38.jpg,31,槟榔
train/稻芽/DaoyaDaoya55.jpg,52,稻芽
train/安息香/AnxixiangAnxixiangAnxixiang58.jpg,16,安息香
train/荆芥穗/Jingjiesui83.jpg,63,荆芥穗
train/僵蚕/Jiangcan57.jpg,4,僵蚕
train/槟榔/BinglangBinglangBinglangIMG_20200719_180529.jpg,31,槟榔
train/桂枝/GuizhiGuizhiGuizhiIMG_20200719_174710.jpg,27,桂枝
train/淡豆豉/DandouchiDandouchi74.jpg,36,淡豆豉
train/木丁香/Mudingxiang69.jpg,24,木丁香
train/山奈/Shannai19.jpg,17,山奈
train/灵芝/Lingzhi16.jpg,38,灵芝
train/麦冬/Maidong60.jpg,88,麦冬
train/木丁香/Mudingxiang38.jpg,24,木丁香
train/山慈菇/Shancigu101.jpg,18,山慈菇
train/合欢皮/HehuanpiHehuanpi82.jpg,9,合欢皮
train/石榴皮/Shiliupi17.jpg,50,石榴皮
train/白扁豆/BaibiandouBaibiandouBaibiandou45.jpg,44,白扁豆
train/荜拨/BiboBiboBibo27.jpg,66,荜拨
train/白扁豆/BaibiandouBaibiandouBaibiandou111.jpg,44,白扁豆
train/沉香/ChenxiangChenxiang46.jpg,33,沉香
train/白矾/BaifanBaifanBaifan67.jpg,45,白矾
train/太子参/Taizishen111.jpg,15,太子参
train/川楝子/ChuanlianziChuanlianzi25.jpg,21,川楝子
train/金灯笼/Jindenglong112.jpg,81,金灯笼
train/莲子/Lianzi31.jpg,69,莲子
train/僵蚕/Jiangcan84.jpg,4,僵蚕
train/芥子/Jiezi86.jpg,58,芥子
train/细辛/XixinXixinXixinXixin_28.jpg,54,细辛
train/川木香/ChuanmuxiangChuanmuxiang25.jpg,20,川木香
train/麦冬/Maidong102.jpg,88,麦冬
train/黄柏/HuangboHuangboHuangboHuangbo_33.jpg,89,黄柏
train/龙眼肉/Longyanrou46.jpg,92,龙眼肉
train/肉豆蔻/Roudoukou47.jpg,56,肉豆蔻
train/谷芽/GuyaGuya119.jpg,76,谷芽
train/荆芥穗/Jingjiesui76.jpg,63,荆芥穗
train/海螵蛸/HaipiaoxiaoHaipiaoxiao28.jpg,35,海螵蛸
train/湖北贝母/Hubeibeimu96.jpg,37,湖北贝母
train/甘松/GansongGansong103.jpg,40,甘松
train/地龙/DilongDilong110.jpg,11,地龙
train/灵芝/Lingzhi87.jpg,38,灵芝
train/五加皮/WujiapiWujiapiWujiapiWujiapi_31.jpg,2,五加皮
train/细辛/XixinXixinXixinIMG_20200720_170919_1.jpg,54,细辛
train/合欢皮/HehuanpiHehuanpi72.jpg,9,合欢皮
train/麦冬/Maidong84.jpg,88,麦冬
train/麦冬/Maidong32.jpg,88,麦冬
train/槟榔/BinglangBinglangBinglangBinglang_53.jpg,31,槟榔
train/黄芩/HuangqinHuangqinHuangqinHuangqin_35.jpg,90,黄芩
train/丝瓜络/Sigualuo48.jpg,0,丝瓜络
train/金果榄/Jinguolan25.jpg,80,金果榄
train/谷精草/GujingcaoGujingcao71.jpg,75,谷精草
train/芦根/Lugen35.jpg,59,芦根
train/九香虫/Jiuxiangchong51.jpg,1,九香虫
train/枸杞子/GouqiziGouqizi26.jpg,25,枸杞子
train/白芍/BaishaoBaishaoBaishaoBaishao_14.jpg,46,白芍
train/合欢皮/HehuanpiHehuanpi77.jpg,9,合欢皮
train/自然铜/Zirantong72.jpg,57,自然铜
train/黄芪/HuangqiHuangqi42.jpg,91,黄芪
train/芥子/Jiezi10.jpg,58,芥子
train/银柴胡/Yinchaihu58.jpg,83,银柴胡
train/山奈/Shannai89.jpg,17,山奈
train/鸡冠花/Jiguanhua30.jpg,87,鸡冠花
train/黄芩/HuangqinHuangqinHuangqinHuangqin_19.jpg,90,黄芩
train/灵芝/Lingzhi61.jpg,38,灵芝
train/黄芪/HuangqiHuangqi85.jpg,91,黄芪
train/五加皮/WujiapiWujiapiWujiapiWujiapi_26.jpg,2,五加皮
train/九香虫/Jiuxiangchong48.jpg,1,九香虫
train/桑椹/Sangshen64.jpg,29,桑椹
train/海螵蛸/HaipiaoxiaoHaipiaoxiao42.jpg,35,海螵蛸
train/莲房/Lianfang22.jpg,71,莲房
train/苦地丁/Kudiding25.jpg,62,苦地丁
train/安息香/AnxixiangAnxixiangAnxixiang82.jpg,16,安息香
train/山茱萸/Shanzhuyu71.jpg,19,山茱萸
train/天麻/Tianma48.jpg,14,天麻
train/五加皮/WujiapiWujiapiWujiapiWujiapi_58.jpg,2,五加皮
train/山慈菇/Shancigu92.jpg,18,山慈菇
train/番泻叶/FanxieyeFanxieye35.jpg,42,番泻叶
train/川木香/ChuanmuxiangChuanmuxiang46.jpg,20,川木香
train/自然铜/Zirantong26.jpg,57,自然铜
train/川木香/ChuanmuxiangChuanmuxiang86.jpg,20,川木香
train/僵蚕/Jiangcan88.jpg,4,僵蚕
train/莱菔子/Laifuzi20.jpg,68,莱菔子
train/白芍/BaishaoBaishaoBaishaoIMG_20200724_180244_1.jpg,46,白芍
train/槟榔/BinglangBinglangBinglangBinglang_24.jpg,31,槟榔
train/白扁豆/BaibiandouBaibiandouBaibiandou61.jpg,44,白扁豆
train/苏木/Sumu74.jpg,61,苏木
train/干姜/GanjiangGanjiang27.jpg,23,干姜
train/干姜/GanjiangGanjiang67.jpg,23,干姜
train/川楝子/ChuanlianziChuanlianzi109.jpg,21,川楝子
train/薏苡仁/Yiyiren35.jpg,72,薏苡仁
train/自然铜/Zirantong94.jpg,57,自然铜
train/沉香/ChenxiangChenxiang109.jpg,33,沉香
train/川牛膝/ChuanniuxiChuanniuxi39.jpg,22,川牛膝
train/僵蚕/Jiangcan24.jpg,4,僵蚕
train/山茱萸/Shanzhuyu0.jpg,19,山茱萸
train/黄芪/HuangqiHuangqi78.jpg,91,黄芪
train/白矾/BaifanBaifanBaifan100.jpg,45,白矾
train/五加皮/WujiapiWujiapiWujiapiWujiapi_32.jpg,2,五加皮
train/白前/BaiqianBaiqianBaiqian21.jpg,43,白前
train/地龙/DilongDilong109.jpg,11,地龙
train/地龙/DilongDilong56.jpg,11,地龙
train/天麻/Tianma84.jpg,14,天麻
train/僵蚕/Jiangcan41.jpg,4,僵蚕
train/全蝎/Quanxie2.jpg,5,全蝎
train/鸡内金/Jineijin64.jpg,86,鸡内金
train/白茅根/BaimaogenBaimaogenBaimaogen48.jpg,48,白茅根
train/防风/FangfengFangfengFangfengIMG_20200720_174555.jpg,84,防风
train/橘核/Juhe68.jpg,32,橘核
train/黄芪/HuangqiHuangqi87.jpg,91,黄芪
train/秦皮/Qinpi8.jpg,51,秦皮
train/鳖甲/BiejiaBiejiaBiejia20.jpg,85,鳖甲
train/细辛/XixinXixinXixinXixin_58.jpg,54,细辛
train/土荆皮/Tujingpi57.jpg,10,土荆皮
train/沉香/ChenxiangChenxiang37.jpg,33,沉香
train/白茅根/BaimaogenBaimaogenBaimaogen51.jpg,48,白茅根
train/川牛膝/ChuanniuxiChuanniuxi29.jpg,22,川牛膝
train/藁本/GaobenGaobenGaobenGaoben_58.jpg,73,藁本
train/莲子心/Lianzixin31.jpg,70,莲子心
train/麦冬/Maidong54.jpg,88,麦冬
train/白蔹/BailianBailianBailian35.jpg,49,白蔹
train/川牛膝/ChuanniuxiChuanniuxi70.jpg,22,川牛膝
train/金果榄/Jinguolan54.jpg,80,金果榄
train/金灯笼/Jindenglong94.jpg,81,金灯笼
train/草豆蔻/CaodoukouCaodoukouCaodoukou27.jpg,64,草豆蔻
train/竹茹/Zhuru33.jpg,53,竹茹
train/灵芝/Lingzhi46.jpg,38,灵芝
train/石榴皮/Shiliupi10.jpg,50,石榴皮
train/石榴皮/Shiliupi9.jpg,50,石榴皮
train/沉香/ChenxiangChenxiang73.jpg,33,沉香
train/莲子/Lianzi55.jpg,69,莲子
train/谷精草/GujingcaoGujingcao106.jpg,75,谷精草
train/大腹皮/DafupiDafupi79.jpg,12,大腹皮
train/白扁豆/BaibiandouBaibiandouBaibiandou65.jpg,44,白扁豆
train/麦冬/Maidong26.jpg,88,麦冬
train/苦地丁/Kudiding91.jpg,62,苦地丁
train/芦根/Lugen106.jpg,59,芦根
train/僵蚕/Jiangcan79.jpg,4,僵蚕
train/合欢皮/HehuanpiHehuanpi41.jpg,9,合欢皮
train/竹茹/Zhuru91.jpg,53,竹茹
train/桑寄生/SangjishengSangjishengSangjishengSangjisheng_63.jpg,28,桑寄生
train/山慈菇/Shancigu86.jpg,18,山慈菇
train/柏子仁/BaizirenBaizirenBaiziren75.jpg,26,柏子仁
train/鳖甲/BiejiaBiejiaBiejia82.jpg,85,鳖甲
train/土荆皮/Tujingpi76.jpg,10,土荆皮
train/甘草/GancaoGancaoGancaoIMG_20200719_172725.jpg,41,甘草
train/干姜/GanjiangGanjiang101.jpg,23,干姜
train/灵芝/Lingzhi59.jpg,38,灵芝
train/银柴胡/Yinchaihu60.jpg,83,银柴胡
train/白芍/BaishaoBaishaoBaishaoBaishao_73.jpg,46,白芍
train/川牛膝/ChuanniuxiChuanniuxi31.jpg,22,川牛膝
train/川牛膝/ChuanniuxiChuanniuxi66.jpg,22,川牛膝
train/大腹皮/DafupiDafupi25.jpg,12,大腹皮
train/金果榄/Jinguolan24.jpg,80,金果榄
train/丝瓜络/Sigualuo113.jpg,0,丝瓜络
train/细辛/XixinXixinXixinIMG_20200720_170925.jpg,54,细辛
train/天麻/Tianma5.jpg,14,天麻
train/莲子心/Lianzixin18.jpg,70,莲子心
train/黄柏/HuangboHuangboHuangboHuangbo_61.jpg,89,黄柏
train/沉香/ChenxiangChenxiang105.jpg,33,沉香
train/浙贝母/ZhebeimuZhebeimuZhebeimuZhebeimu_67.jpg,34,浙贝母
train/莲房/Lianfang48.jpg,71,莲房
train/防风/FangfengFangfengFangfengIMG_20200720_174553.jpg,84,防风
train/冬虫夏草/DongchongxiacaoDongchongxiacao97.jpg,6,冬虫夏草
train/苏木/Sumu32.jpg,61,苏木
train/五加皮/WujiapiWujiapiWujiapiWujiapi_60.jpg,2,五加皮
train/秦皮/Qinpi42.jpg,51,秦皮
train/莲子心/Lianzixin80.jpg,70,莲子心
train/防风/FangfengFangfengFangfengIMG_20200720_174557.jpg,84,防风
train/黄柏/HuangboHuangboHuangboIMG_20200724_175623.jpg,89,黄柏
train/苦地丁/Kudiding88.jpg,62,苦地丁
train/地龙/DilongDilong43.jpg,11,地龙
train/橘核/Juhe57.jpg,32,橘核
train/海螵蛸/HaipiaoxiaoHaipiaoxiao55.jpg,35,海螵蛸
train/石榴皮/Shiliupi22.jpg,50,石榴皮
train/川牛膝/ChuanniuxiChuanniuxi46.jpg,22,川牛膝
train/浙贝母/ZhebeimuZhebeimuZhebeimuZhebeimu_21.jpg,34,浙贝母
train/黄芩/HuangqinHuangqinHuangqinHuangqin_57.jpg,90,黄芩
train/番泻叶/FanxieyeFanxieye75.jpg,42,番泻叶
train/天麻/Tianma26.jpg,14,天麻
train/郁金/Yujin109.jpg,78,郁金
train/金果榄/Jinguolan110.jpg,80,金果榄
train/地龙/DilongDilong76.jpg,11,地龙
train/僵蚕/Jiangcan37.jpg,4,僵蚕
train/山慈菇/Shancigu85.jpg,18,山慈菇
train/路路通/Lulutong16.jpg,77,路路通
train/灵芝/Lingzhi103.jpg,38,灵芝
train/苍术/CangzhuCangzhuCangzhuIMG_20200720_165851.jpg,60,苍术
train/莲房/Lianfang61.jpg,71,莲房
train/川楝子/ChuanlianziChuanlianzi45.jpg,21,川楝子
train/竹茹/Zhuru107.jpg,53,竹茹
train/谷精草/GujingcaoGujingcao22.jpg,75,谷精草
train/自然铜/Zirantong73.jpg,57,自然铜
train/荆芥穗/Jingjiesui0.jpg,63,荆芥穗
train/稻芽/DaoyaDaoya103.jpg,52,稻芽
train/芥子/Jiezi21.jpg,58,芥子
train/谷芽/GuyaGuya46.jpg,76,谷芽
train/白蔹/BailianBailianBailian29.jpg,49,白蔹
train/白前/BaiqianBaiqianBaiqian28.jpg,43,白前
train/莲子心/Lianzixin107.jpg,70,莲子心
train/黄芪/HuangqiHuangqi26.jpg,91,黄芪
train/黄芪/HuangqiHuangqi59.jpg,91,黄芪
train/桑螵蛸/Sangpiaoxiao33.jpg,30,桑螵蛸
train/路路通/Lulutong43.jpg,77,路路通
train/川牛膝/ChuanniuxiChuanniuxi35.jpg,22,川牛膝
train/竹茹/Zhuru111.jpg,53,竹茹
train/银柴胡/Yinchaihu39.jpg,83,银柴胡
train/全蝎/Quanxie14.jpg,5,全蝎
train/北沙参/BeishashenBeishashenBeishashen62.jpg,7,北沙参
train/地龙/DilongDilong27.jpg,11,地龙
train/蜂房/FengfangFengfang86.jpg,74,蜂房
train/浙贝母/ZhebeimuZhebeimuZhebeimuZhebeimu_108.jpg,34,浙贝母
train/自然铜/Zirantong2.jpg,57,自然铜
train/山奈/Shannai26.jpg,17,山奈
train/莲子/Lianzi87.jpg,69,莲子
train/干姜/GanjiangGanjiang30.jpg,23,干姜
train/橘核/Juhe76.jpg,32,橘核
train/木丁香/Mudingxiang41.jpg,24,木丁香
train/麦冬/Maidong2.jpg,88,麦冬
train/五加皮/WujiapiWujiapiWujiapiWujiapi_40.jpg,2,五加皮
train/丝瓜络/Sigualuo35.jpg,0,丝瓜络
train/冬虫夏草/DongchongxiacaoDongchongxiacao47.jpg,6,冬虫夏草
train/沉香/ChenxiangChenxiang28.jpg,33,沉香
train/郁金/Yujin38.jpg,78,郁金
train/防风/FangfengFangfengFangfengFangfeng_37.jpg,84,防风
train/桂枝/GuizhiGuizhiGuizhiGuizhi_33.jpg,27,桂枝
train/枸杞子/GouqiziGouqizi111.jpg,25,枸杞子
train/荔枝核/Lizhihe50.jpg,65,荔枝核
train/淡豆豉/DandouchiDandouchi65.jpg,36,淡豆豉
train/千年健/Qiannianjian73.jpg,8,千年健
train/莱菔子/Laifuzi29.jpg,68,莱菔子
train/苏木/Sumu106.jpg,61,苏木
train/金灯笼/Jindenglong46.jpg,81,金灯笼
train/自然铜/Zirantong23.jpg,57,自然铜
train/淡豆豉/DandouchiDandouchi110.jpg,36,淡豆豉
train/稻芽/DaoyaDaoya32.jpg,52,稻芽
train/淡豆豉/DandouchiDandouchi41.jpg,36,淡豆豉
train/僵蚕/Jiangcan76.jpg,4,僵蚕
train/湖北贝母/Hubeibeimu83.jpg,37,湖北贝母
train/甘草/GancaoGancaoGancaoGancao_34.jpg,41,甘草
train/九香虫/Jiuxiangchong66.jpg,1,九香虫
train/黄芪/HuangqiHuangqi110.jpg,91,黄芪
train/白芷/BaizhiBaizhiBaizhiBaizhi_29.jpg,47,白芷
train/白前/BaiqianBaiqianBaiqian119.jpg,43,白前
train/天麻/Tianma24.jpg,14,天麻
train/白茅根/BaimaogenBaimaogenBaimaogen83.jpg,48,白茅根
train/黄柏/HuangboHuangboHuangboIMG_20200724_175625.jpg,89,黄柏
train/谷芽/GuyaGuya35.jpg,76,谷芽
train/山奈/Shannai60.jpg,17,山奈
train/柏子仁/BaizirenBaizirenBaiziren51.jpg,26,柏子仁
train/白扁豆/BaibiandouBaibiandouBaibiandou81.jpg,44,白扁豆
train/秦皮/Qinpi52.jpg,51,秦皮
train/稻芽/DaoyaDaoya52.jpg,52,稻芽
train/桑椹/Sangshen10.jpg,29,桑椹
train/木丁香/Mudingxiang30.jpg,24,木丁香
train/肉豆蔻/Roudoukou94.jpg,56,肉豆蔻
train/川楝子/ChuanlianziChuanlianzi75.jpg,21,川楝子
train/羌活/QianghuoQianghuoQianghuoQianghuo_78.jpg,55,羌活
train/莲子/Lianzi41.jpg,69,莲子
train/莲子/Lianzi46.jpg,69,莲子
train/郁金/Yujin28.jpg,78,郁金
train/白茅根/BaimaogenBaimaogenBaimaogen102.jpg,48,白茅根
train/白扁豆/BaibiandouBaibiandouBaibiandou34.jpg,44,白扁豆
train/黄芪/HuangqiHuangqi38.jpg,91,黄芪
train/山慈菇/Shancigu98.jpg,18,山慈菇
train/羌活/QianghuoQianghuoQianghuoQianghuo_55.jpg,55,羌活
train/薏苡仁/Yiyiren34.jpg,72,薏苡仁
train/黄芩/HuangqinHuangqinHuangqinHuangqin_59.jpg,90,黄芩
train/淡豆豉/DandouchiDandouchi78.jpg,36,淡豆豉
train/白矾/BaifanBaifanBaifan60.jpg,45,白矾
train/肉豆蔻/Roudoukou71.jpg,56,肉豆蔻
train/大腹皮/DafupiDafupi98.jpg,12,大腹皮
train/竹茹/Zhuru116.jpg,53,竹茹
train/冬虫夏草/DongchongxiacaoDongchongxiacao56.jpg,6,冬虫夏草
train/稻芽/DaoyaDaoya81.jpg,52,稻芽
train/金钱白花蛇/Jinqianbaihuashe58.jpg,82,金钱白花蛇
train/白前/BaiqianBaiqianBaiqian89.jpg,43,白前
train/白芍/BaishaoBaishaoBaishaoBaishao_94.jpg,46,白芍
train/谷精草/GujingcaoGujingcao76.jpg,75,谷精草
train/莲子/Lianzi82.jpg,69,莲子
train/山茱萸/Shanzhuyu64.jpg,19,山茱萸
train/北沙参/BeishashenBeishashenBeishashen45.jpg,7,北沙参
train/莲子/Lianzi50.jpg,69,莲子
train/荆芥穗/Jingjiesui48.jpg,63,荆芥穗
train/荜澄茄/BichengqieBichengqieBichengqie109.jpg,67,荜澄茄
train/安息香/AnxixiangAnxixiangAnxixiang55.jpg,16,安息香
train/竹茹/Zhuru16.jpg,53,竹茹
train/浙贝母/ZhebeimuZhebeimuZhebeimuZhebeimu_25.jpg,34,浙贝母
train/苍术/CangzhuCangzhuCangzhuIMG_20200720_165927.jpg,60,苍术
train/藁本/GaobenGaobenGaobenIMG_20200720_174353.jpg,73,藁本
train/北沙参/BeishashenBeishashenBeishashen63.jpg,7,北沙参
train/安息香/AnxixiangAnxixiangAnxixiang41.jpg,16,安息香
train/番泻叶/FanxieyeFanxieye50.jpg,42,番泻叶
train/槟榔/BinglangBinglangBinglangIMG_20200719_180521.jpg,31,槟榔
train/全蝎/Quanxie23.jpg,5,全蝎
train/芥子/Jiezi7.jpg,58,芥子
train/天花粉/Tianhuafen71.jpg,13,天花粉
train/白蔹/BailianBailianBailian106.jpg,49,白蔹
train/天麻/Tianma68.jpg,14,天麻
train/槟榔/BinglangBinglangBinglangBinglang_11.jpg,31,槟榔
train/全蝎/Quanxie47.jpg,5,全蝎
train/安息香/AnxixiangAnxixiangAnxixiang115.jpg,16,安息香
train/荔枝核/Lizhihe42.jpg,65,荔枝核
train/天麻/Tianma59.jpg,14,天麻
train/安息香/AnxixiangAnxixiangAnxixiang93.jpg,16,安息香
train/白蔹/BailianBailianBailian54.jpg,49,白蔹
train/黄芪/HuangqiHuangqi99.jpg,91,黄芪
train/白茅根/BaimaogenBaimaogenBaimaogen65.jpg,48,白茅根
train/白矾/BaifanBaifanBaifan115.jpg,45,白矾
train/川楝子/ChuanlianziChuanlianzi76.jpg,21,川楝子
train/僵蚕/Jiangcan47.jpg,4,僵蚕
train/麦冬/Maidong13.jpg,88,麦冬
train/白茅根/BaimaogenBaimaogenBaimaogen74.jpg,48,白茅根
train/木丁香/Mudingxiang75.jpg,24,木丁香
train/稻芽/DaoyaDaoya119.jpg,52,稻芽
train/莲子心/Lianzixin38.jpg,70,莲子心
train/番泻叶/FanxieyeFanxieye55.jpg,42,番泻叶
train/山茱萸/Shanzhuyu113.jpg,19,山茱萸
train/莲房/Lianfang8.jpg,71,莲房
train/瓦楞子/Walengzi105.jpg,39,瓦楞子
train/鳖甲/BiejiaBiejiaBiejia53.jpg,85,鳖甲
train/人参/Renshen111.jpg,3,人参
train/芥子/Jiezi59.jpg,58,芥子
train/莲子/Lianzi116.jpg,69,莲子
train/草豆蔻/CaodoukouCaodoukouCaodoukou96.jpg,64,草豆蔻
train/番泻叶/FanxieyeFanxieye34.jpg,42,番泻叶
train/鳖甲/BiejiaBiejiaBiejia25.jpg,85,鳖甲
train/鸡冠花/Jiguanhua25.jpg,87,鸡冠花
train/白矾/BaifanBaifanBaifan54.jpg,45,白矾
train/甘松/GansongGansong96.jpg,40,甘松
train/谷芽/GuyaGuya42.jpg,76,谷芽
train/瓦楞子/Walengzi22.jpg,39,瓦楞子
train/柏子仁/BaizirenBaizirenBaiziren22.jpg,26,柏子仁
train/太子参/Taizishen108.jpg,15,太子参
train/鸡内金/Jineijin41.jpg,86,鸡内金
train/桑寄生/SangjishengSangjishengSangjishengSangjisheng_89.jpg,28,桑寄生
train/谷精草/GujingcaoGujingcao107.jpg,75,谷精草
train/羌活/QianghuoQianghuoQianghuoQianghuo_114.jpg,55,羌活
train/地龙/DilongDilong108.jpg,11,地龙
train/山茱萸/Shanzhuyu23.jpg,19,山茱萸
train/鳖甲/BiejiaBiejiaBiejia60.jpg,85,鳖甲
train/柏子仁/BaizirenBaizirenBaiziren116.jpg,26,柏子仁
train/细辛/XixinXixinXixinXixin_38.jpg,54,细辛
train/川木香/ChuanmuxiangChuanmuxiang72.jpg,20,川木香
train/甘松/GansongGansong50.jpg,40,甘松
train/湖北贝母/Hubeibeimu105.jpg,37,湖北贝母
train/谷精草/GujingcaoGujingcao112.jpg,75,谷精草
train/莲子/Lianzi38.jpg,69,莲子
train/鸡内金/Jineijin10.jpg,86,鸡内金
train/莲子心/Lianzixin33.jpg,70,莲子心
train/荜澄茄/BichengqieBichengqieBichengqie100.jpg,67,荜澄茄
train/黄芩/HuangqinHuangqinHuangqinHuangqin_144.jpg,90,黄芩
train/银柴胡/Yinchaihu52.jpg,83,银柴胡
train/细辛/XixinXixinXixinXixin_66.jpg,54,细辛
train/白扁豆/BaibiandouBaibiandouBaibiandou112.jpg,44,白扁豆
train/干姜/GanjiangGanjiang24.jpg,23,干姜
train/鳖甲/BiejiaBiejiaBiejia76.jpg,85,鳖甲
train/羌活/QianghuoQianghuoQianghuoQianghuo_17.jpg,55,羌活
train/甘草/GancaoGancaoGancaoGancao_83.jpg,41,甘草
train/五加皮/WujiapiWujiapiWujiapiWujiapi_87.jpg,2,五加皮
train/白前/BaiqianBaiqianBaiqian93.jpg,43,白前
train/土荆皮/Tujingpi92.jpg,10,土荆皮
train/山奈/Shannai15.jpg,17,山奈
train/草豆蔻/CaodoukouCaodoukouCaodoukou52.jpg,64,草豆蔻
train/荜拨/BiboBiboBibo61.jpg,66,荜拨
train/藁本/GaobenGaobenGaobenGaoben_57.jpg,73,藁本
train/天麻/Tianma90.jpg,14,天麻
train/苍术/CangzhuCangzhuCangzhuCangzhu_3.jpg,60,苍术
train/秦皮/Qinpi98.jpg,51,秦皮
train/干姜/GanjiangGanjiang42.jpg,23,干姜
train/蜂房/FengfangFengfang111.jpg,74,蜂房
train/山奈/Shannai98.jpg,17,山奈
train/浙贝母/ZhebeimuZhebeimuZhebeimuZhebeimu_43.jpg,34,浙贝母
train/湖北贝母/Hubeibeimu12.jpg,37,湖北贝母
train/黄芩/HuangqinHuangqinHuangqinIMG_20200724_175127.jpg,90,黄芩
train/九香虫/Jiuxiangchong84.jpg,1,九香虫
train/白芷/BaizhiBaizhiBaizhiIMG_20200720_173735.jpg,47,白芷
train/白茅根/BaimaogenBaimaogenBaimaogen62.jpg,48,白茅根
train/丝瓜络/Sigualuo119.jpg,0,丝瓜络
train/莲子/Lianzi36.jpg,69,莲子
train/苦地丁/Kudiding7.jpg,62,苦地丁
train/丝瓜络/Sigualuo12.jpg,0,丝瓜络
train/干姜/GanjiangGanjiang76.jpg,23,干姜
train/酸枣仁/SuanzaorenSuanzaorenSuanzaorenSuanzaoren_51.jpg,79,酸枣仁
train/白前/BaiqianBaiqianBaiqian25.jpg,43,白前
train/川牛膝/ChuanniuxiChuanniuxi55.jpg,22,川牛膝
train/川木香/ChuanmuxiangChuanmuxiang97.jpg,20,川木香
train/大腹皮/DafupiDafupi57.jpg,12,大腹皮
train/路路通/Lulutong10.jpg,77,路路通
train/干姜/GanjiangGanjiang41.jpg,23,干姜
train/肉豆蔻/Roudoukou97.jpg,56,肉豆蔻
train/桑椹/Sangshen0.jpg,29,桑椹
train/稻芽/DaoyaDaoya78.jpg,52,稻芽
train/荜拨/BiboBiboBibo71.jpg,66,荜拨
train/千年健/Qiannianjian94.jpg,8,千年健
train/全蝎/Quanxie63.jpg,5,全蝎
train/天花粉/Tianhuafen104.jpg,13,天花粉
train/荆芥穗/Jingjiesui60.jpg,63,荆芥穗
train/莲子/Lianzi23.jpg,69,莲子
train/金钱白花蛇/Jinqianbaihuashe31.jpg,82,金钱白花蛇
train/川牛膝/ChuanniuxiChuanniuxi83.jpg,22,川牛膝
train/千年健/Qiannianjian112.jpg,8,千年健
train/金果榄/Jinguolan102.jpg,80,金果榄
train/羌活/QianghuoQianghuoQianghuoQianghuo_67.jpg,55,羌活
train/银柴胡/Yinchaihu40.jpg,83,银柴胡
train/枸杞子/GouqiziGouqizi78.jpg,25,枸杞子
train/人参/Renshen48.jpg,3,人参
train/桂枝/GuizhiGuizhiGuizhiGuizhi_14.jpg,27,桂枝
train/蜂房/FengfangFengfang77.jpg,74,蜂房
train/天麻/Tianma99.jpg,14,天麻
train/番泻叶/FanxieyeFanxieye46.jpg,42,番泻叶
train/金果榄/Jinguolan27.jpg,80,金果榄
train/蜂房/FengfangFengfang51.jpg,74,蜂房
train/干姜/GanjiangGanjiang39.jpg,23,干姜
train/金果榄/Jinguolan103.jpg,80,金果榄
train/山慈菇/Shancigu59.jpg,18,山慈菇
train/天麻/Tianma116.jpg,14,天麻
train/土荆皮/Tujingpi60.jpg,10,土荆皮
train/桂枝/GuizhiGuizhiGuizhiGuizhi_79.jpg,27,桂枝
train/藁本/GaobenGaobenGaobenGaoben_84.jpg,73,藁本
train/石榴皮/Shiliupi7.jpg,50,石榴皮
train/川楝子/ChuanlianziChuanlianzi100.jpg,21,川楝子
train/僵蚕/Jiangcan114.jpg,4,僵蚕
train/川木香/ChuanmuxiangChuanmuxiang100.jpg,20,川木香
train/防风/FangfengFangfengFangfengFangfeng_52.jpg,84,防风
train/莲子/Lianzi80.jpg,69,莲子
train/枸杞子/GouqiziGouqizi46.jpg,25,枸杞子
train/天花粉/Tianhuafen33.jpg,13,天花粉
train/冬虫夏草/DongchongxiacaoDongchongxiacao28.jpg,6,冬虫夏草
train/安息香/AnxixiangAnxixiangAnxixiang67.jpg,16,安息香
train/荜澄茄/BichengqieBichengqieBichengqie73.jpg,67,荜澄茄
train/龙眼肉/Longyanrou103.jpg,92,龙眼肉
train/川木香/ChuanmuxiangChuanmuxiang45.jpg,20,川木香
train/天麻/Tianma16.jpg,14,天麻
train/白蔹/BailianBailianBailian26.jpg,49,白蔹
train/荜拨/BiboBiboBibo44.jpg,66,荜拨
train/白矾/BaifanBaifanBaifan59.jpg,45,白矾
train/人参/Renshen70.jpg,3,人参
train/山慈菇/Shancigu112.jpg,18,山慈菇
train/冬虫夏草/DongchongxiacaoDongchongxiacao23.jpg,6,冬虫夏草
train/安息香/AnxixiangAnxixiangAnxixiang94.jpg,16,安息香
train/白芍/BaishaoBaishaoBaishaoBaishao_21.jpg,46,白芍
train/山慈菇/Shancigu35.jpg,18,山慈菇
train/山茱萸/Shanzhuyu83.jpg,19,山茱萸
train/肉豆蔻/Roudoukou54.jpg,56,肉豆蔻
train/浙贝母/ZhebeimuZhebeimuZhebeimuZhebeimu_87.jpg,34,浙贝母
train/桑螵蛸/Sangpiaoxiao18.jpg,30,桑螵蛸
train/合欢皮/HehuanpiHehuanpi49.jpg,9,合欢皮
train/浙贝母/ZhebeimuZhebeimuZhebeimuIMG_20200722_171200.jpg,34,浙贝母
train/苍术/CangzhuCangzhuCangzhuIMG_20200720_165748.jpg,60,苍术
train/苏木/Sumu70.jpg,61,苏木
train/山茱萸/Shanzhuyu61.jpg,19,山茱萸
train/太子参/Taizishen96.jpg,15,太子参
train/山慈菇/Shancigu17.jpg,18,山慈菇
train/荆芥穗/Jingjiesui2.jpg,63,荆芥穗
train/藁本/GaobenGaobenGaobenGaoben_74.jpg,73,藁本
train/白芷/BaizhiBaizhiBaizhiBaizhi_12.jpg,47,白芷
train/黄芩/HuangqinHuangqinHuangqinIMG_20200724_175131.jpg,90,黄芩
train/五加皮/WujiapiWujiapiWujiapiIMG_20200722_170012.jpg,2,五加皮
train/金钱白花蛇/Jinqianbaihuashe7.jpg,82,金钱白花蛇
train/川木香/ChuanmuxiangChuanmuxiang58.jpg,20,川木香
train/天麻/Tianma42.jpg,14,天麻
train/土荆皮/Tujingpi63.jpg,10,土荆皮
train/白茅根/BaimaogenBaimaogenBaimaogen34.jpg,48,白茅根
train/莲子/Lianzi48.jpg,69,莲子
train/苏木/Sumu33.jpg,61,苏木
train/川楝子/ChuanlianziChuanlianzi55.jpg,21,川楝子
train/桑螵蛸/Sangpiaoxiao94.jpg,30,桑螵蛸
train/金灯笼/Jindenglong116.jpg,81,金灯笼
train/黄芩/HuangqinHuangqinHuangqinHuangqin_44.jpg,90,黄芩
train/金果榄/Jinguolan0.jpg,80,金果榄
train/千年健/Qiannianjian97.jpg,8,千年健
train/银柴胡/Yinchaihu15.jpg,83,银柴胡
train/白茅根/BaimaogenBaimaogenBaimaogen93.jpg,48,白茅根
train/荔枝核/Lizhihe70.jpg,65,荔枝核
train/荜澄茄/BichengqieBichengqieBichengqie110.jpg,67,荜澄茄
train/甘松/GansongGansong25.jpg,40,甘松
train/麦冬/Maidong56.jpg,88,麦冬
train/天麻/Tianma114.jpg,14,天麻
train/川楝子/ChuanlianziChuanlianzi83.jpg,21,川楝子
train/石榴皮/Shiliupi116.jpg,50,石榴皮
train/芥子/Jiezi55.jpg,58,芥子
train/芦根/Lugen115.jpg,59,芦根
train/天花粉/Tianhuafen76.jpg,13,天花粉
train/冬虫夏草/DongchongxiacaoDongchongxiacao24.jpg,6,冬虫夏草
train/干姜/GanjiangGanjiang79.jpg,23,干姜
train/酸枣仁/SuanzaorenSuanzaorenSuanzaorenIMG_20200722_165620.jpg,79,酸枣仁
train/芥子/Jiezi14.jpg,58,芥子
train/安息香/AnxixiangAnxixiangAnxixiang50.jpg,16,安息香
train/桑椹/Sangshen56.jpg,29,桑椹
train/莲房/Lianfang16.jpg,71,莲房
train/路路通/Lulutong42.jpg,77,路路通
train/桑寄生/SangjishengSangjishengSangjishengSangjisheng_35.jpg,28,桑寄生
train/肉豆蔻/Roudoukou76.jpg,56,肉豆蔻
train/山慈菇/Shancigu56.jpg,18,山慈菇
train/白芷/BaizhiBaizhiBaizhiBaizhi_28.jpg,47,白芷
train/沉香/ChenxiangChenxiang108.jpg,33,沉香
train/白矾/BaifanBaifanBaifan76.jpg,45,白矾
train/白芍/BaishaoBaishaoBaishaoBaishao_95.jpg,46,白芍
train/荆芥穗/Jingjiesui74.jpg,63,荆芥穗
train/沉香/ChenxiangChenxiang70.jpg,33,沉香
train/谷芽/GuyaGuya55.jpg,76,谷芽
train/甘草/GancaoGancaoGancaoGancao_66.jpg,41,甘草
train/川木香/ChuanmuxiangChuanmuxiang30.jpg,20,川木香
train/川木香/ChuanmuxiangChuanmuxiang99.jpg,20,川木香
train/沉香/ChenxiangChenxiang83.jpg,33,沉香
train/肉豆蔻/Roudoukou78.jpg,56,肉豆蔻
train/荜拨/BiboBiboBibo78.jpg,66,荜拨
train/山茱萸/Shanzhuyu55.jpg,19,山茱萸
train/北沙参/BeishashenBeishashenBeishashen82.jpg,7,北沙参
train/麦冬/Maidong49.jpg,88,麦冬
train/灵芝/Lingzhi64.jpg,38,灵芝
train/草豆蔻/CaodoukouCaodoukouCaodoukou51.jpg,64,草豆蔻
train/白矾/BaifanBaifanBaifan72.jpg,45,白矾
train/枸杞子/GouqiziGouqizi39.jpg,25,枸杞子
train/川木香/ChuanmuxiangChuanmuxiang47.jpg,20,川木香
train/土荆皮/Tujingpi18.jpg,10,土荆皮
train/薏苡仁/Yiyiren79.jpg,72,薏苡仁
train/湖北贝母/Hubeibeimu98.jpg,37,湖北贝母
train/全蝎/Quanxie31.jpg,5,全蝎
train/沉香/ChenxiangChenxiang112.jpg,33,沉香
train/大腹皮/DafupiDafupi91.jpg,12,大腹皮
train/桑螵蛸/Sangpiaoxiao63.jpg,30,桑螵蛸
train/槟榔/BinglangBinglangBinglangIMG_20200719_180559.jpg,31,槟榔
train/桑寄生/SangjishengSangjishengSangjishengIMG_20200724_180444.jpg,28,桑寄生
train/白芍/BaishaoBaishaoBaishaoBaishao_70.jpg,46,白芍
train/山慈菇/Shancigu94.jpg,18,山慈菇
train/黄芩/HuangqinHuangqinHuangqinHuangqin_27.jpg,90,黄芩
train/人参/Renshen15.jpg,3,人参
train/山慈菇/Shancigu69.jpg,18,山慈菇
train/金灯笼/Jindenglong83.jpg,81,金灯笼
train/郁金/Yujin77.jpg,78,郁金
train/太子参/Taizishen13.jpg,15,太子参
train/白芍/BaishaoBaishaoBaishaoBaishao_48.jpg,46,白芍
train/酸枣仁/SuanzaorenSuanzaorenSuanzaorenSuanzaoren_17.jpg,79,酸枣仁
train/北沙参/BeishashenBeishashenBeishashen110.jpg,7,北沙参
train/郁金/Yujin118.jpg,78,郁金
train/苦地丁/Kudiding102.jpg,62,苦地丁
train/黄芩/HuangqinHuangqinHuangqinHuangqin_53.jpg,90,黄芩
train/细辛/XixinXixinXixinIMG_20200720_170936.jpg,54,细辛
train/灵芝/Lingzhi43.jpg,38,灵芝
train/藁本/GaobenGaobenGaobenGaoben_51.jpg,73,藁本
train/苦地丁/Kudiding59.jpg,62,苦地丁
train/五加皮/WujiapiWujiapiWujiapiWujiapi_34.jpg,2,五加皮
train/竹茹/Zhuru38.jpg,53,竹茹
train/冬虫夏草/DongchongxiacaoDongchongxiacao79.jpg,6,冬虫夏草
train/山慈菇/Shancigu27.jpg,18,山慈菇
train/九香虫/Jiuxiangchong96.jpg,1,九香虫
train/橘核/Juhe39.jpg,32,橘核
train/白芷/BaizhiBaizhiBaizhiBaizhi_3.jpg,47,白芷
train/羌活/QianghuoQianghuoQianghuoIMG_20200719_173046.jpg,55,羌活
train/僵蚕/Jiangcan34.jpg,4,僵蚕
train/苏木/Sumu72.jpg,61,苏木
train/谷精草/GujingcaoGujingcao57.jpg,75,谷精草
train/木丁香/Mudingxiang71.jpg,24,木丁香
train/丝瓜络/Sigualuo2.jpg,0,丝瓜络
train/海螵蛸/HaipiaoxiaoHaipiaoxiao115.jpg,35,海螵蛸
train/土荆皮/Tujingpi112.jpg,10,土荆皮
train/秦皮/Qinpi26.jpg,51,秦皮
train/蜂房/FengfangFengfang37.jpg,74,蜂房
train/合欢皮/HehuanpiHehuanpi69.jpg,9,合欢皮
train/山茱萸/Shanzhuyu66.jpg,19,山茱萸
train/海螵蛸/HaipiaoxiaoHaipiaoxiao36.jpg,35,海螵蛸
train/白矾/BaifanBaifanBaifan95.jpg,45,白矾
train/竹茹/Zhuru26.jpg,53,竹茹
train/湖北贝母/Hubeibeimu11.jpg,37,湖北贝母
train/人参/Renshen87.jpg,3,人参
train/蜂房/FengfangFengfang41.jpg,74,蜂房
train/甘松/GansongGansong39.jpg,40,甘松
train/草豆蔻/CaodoukouCaodoukouCaodoukou63.jpg,64,草豆蔻
train/甘松/GansongGansong93.jpg,40,甘松
train/薏苡仁/Yiyiren86.jpg,72,薏苡仁
train/干姜/GanjiangGanjiang40.jpg,23,干姜
train/全蝎/Quanxie32.jpg,5,全蝎
train/枸杞子/GouqiziGouqizi89.jpg,25,枸杞子
train/荜拨/BiboBiboBibo99.jpg,66,荜拨
train/柏子仁/BaizirenBaizirenBaiziren49.jpg,26,柏子仁
train/苍术/CangzhuCangzhuCangzhuCangzhu_52.jpg,60,苍术
train/白矾/BaifanBaifanBaifan99.jpg,45,白矾
train/谷精草/GujingcaoGujingcao31.jpg,75,谷精草
train/干姜/GanjiangGanjiang91.jpg,23,干姜
train/白芍/BaishaoBaishaoBaishaoBaishao_58.jpg,46,白芍
train/肉豆蔻/Roudoukou45.jpg,56,肉豆蔻
train/合欢皮/HehuanpiHehuanpi23.jpg,9,合欢皮
train/木丁香/Mudingxiang51.jpg,24,木丁香
train/金钱白花蛇/Jinqianbaihuashe26.jpg,82,金钱白花蛇
train/芦根/Lugen102.jpg,59,芦根
train/黄芪/HuangqiHuangqi22.jpg,91,黄芪
train/芥子/Jiezi118.jpg,58,芥子
train/千年健/Qiannianjian81.jpg,8,千年健
train/藁本/GaobenGaobenGaobenGaoben_65.jpg,73,藁本
train/羌活/QianghuoQianghuoQianghuoQianghuo_47.jpg,55,羌活
train/白矾/BaifanBaifanBaifan103.jpg,45,白矾
train/白矾/BaifanBaifanBaifan30.jpg,45,白矾
train/秦皮/Qinpi50.jpg,51,秦皮
train/蜂房/FengfangFengfang96.jpg,74,蜂房
train/白前/BaiqianBaiqianBaiqian71.jpg,43,白前
train/番泻叶/FanxieyeFanxieye93.jpg,42,番泻叶
train/甘松/GansongGansong67.jpg,40,甘松
train/干姜/GanjiangGanjiang90.jpg,23,干姜
train/地龙/DilongDilong26.jpg,11,地龙
train/白芷/BaizhiBaizhiBaizhiIMG_20200720_173744.jpg,47,白芷
train/川木香/ChuanmuxiangChuanmuxiang75.jpg,20,川木香
train/桑螵蛸/Sangpiaoxiao60.jpg,30,桑螵蛸
train/黄柏/HuangboHuangboHuangboHuangbo_46.jpg,89,黄柏
train/蜂房/FengfangFengfang87.jpg,74,蜂房
train/郁金/Yujin54.jpg,78,郁金
train/灵芝/Lingzhi52.jpg,38,灵芝
train/淡豆豉/DandouchiDandouchi100.jpg,36,淡豆豉
train/荔枝核/Lizhihe18.jpg,65,荔枝核
train/川牛膝/ChuanniuxiChuanniuxi89.jpg,22,川牛膝
train/湖北贝母/Hubeibeimu92.jpg,37,湖北贝母
train/鸡冠花/Jiguanhua49.jpg,87,鸡冠花
train/稻芽/DaoyaDaoya65.jpg,52,稻芽
train/谷精草/GujingcaoGujingcao21.jpg,75,谷精草
train/草豆蔻/CaodoukouCaodoukouCaodoukou84.jpg,64,草豆蔻
train/黄芪/HuangqiHuangqi39.jpg,91,黄芪
train/羌活/QianghuoQianghuoQianghuoQianghuo_41.jpg,55,羌活
train/藁本/GaobenGaobenGaobenIMG_20200720_174329.jpg,73,藁本
train/山奈/Shannai53.jpg,17,山奈
train/白芷/BaizhiBaizhiBaizhiIMG_20200720_173737.jpg,47,白芷
train/鳖甲/BiejiaBiejiaBiejia46.jpg,85,鳖甲
train/竹茹/Zhuru17.jpg,53,竹茹
train/太子参/Taizishen36.jpg,15,太子参
train/天花粉/Tianhuafen118.jpg,13,天花粉
train/浙贝母/ZhebeimuZhebeimuZhebeimuZhebeimu_37.jpg,34,浙贝母
train/桑椹/Sangshen6.jpg,29,桑椹
train/黄芪/HuangqiHuangqi118.jpg,91,黄芪
train/甘草/GancaoGancaoGancaoGancao_25.jpg,41,甘草
train/酸枣仁/SuanzaorenSuanzaorenSuanzaorenSuanzaoren_57.jpg,79,酸枣仁
train/僵蚕/Jiangcan2.jpg,4,僵蚕
train/莱菔子/Laifuzi3.jpg,68,莱菔子
train/枸杞子/GouqiziGouqizi112.jpg,25,枸杞子
train/路路通/Lulutong109.jpg,77,路路通
train/肉豆蔻/Roudoukou64.jpg,56,肉豆蔻
train/白芍/BaishaoBaishaoBaishaoBaishao_81.jpg,46,白芍
train/北沙参/BeishashenBeishashenBeishashen22.jpg,7,北沙参
train/大腹皮/DafupiDafupi44.jpg,12,大腹皮
train/莱菔子/Laifuzi15.jpg,68,莱菔子
train/自然铜/Zirantong95.jpg,57,自然铜
train/金钱白花蛇/Jinqianbaihuashe87.jpg,82,金钱白花蛇
train/木丁香/Mudingxiang61.jpg,24,木丁香
train/防风/FangfengFangfengFangfengFangfeng_18.jpg,84,防风
train/湖北贝母/Hubeibeimu102.jpg,37,湖北贝母
train/酸枣仁/SuanzaorenSuanzaorenSuanzaorenSuanzaoren_62.jpg,79,酸枣仁
train/郁金/Yujin94.jpg,78,郁金
train/莱菔子/Laifuzi58.jpg,68,莱菔子
train/桑椹/Sangshen88.jpg,29,桑椹
train/石榴皮/Shiliupi3.jpg,50,石榴皮
train/麦冬/Maidong8.jpg,88,麦冬
train/木丁香/Mudingxiang19.jpg,24,木丁香
train/僵蚕/Jiangcan48.jpg,4,僵蚕
train/薏苡仁/Yiyiren39.jpg,72,薏苡仁
train/九香虫/Jiuxiangchong90.jpg,1,九香虫
train/桑椹/Sangshen93.jpg,29,桑椹
train/细辛/XixinXixinXixinXixin_24.jpg,54,细辛
train/桑寄生/SangjishengSangjishengSangjishengSangjisheng_26.jpg,28,桑寄生
train/稻芽/DaoyaDaoya93.jpg,52,稻芽
train/山茱萸/Shanzhuyu78.jpg,19,山茱萸
train/大腹皮/DafupiDafupi27.jpg,12,大腹皮
train/鳖甲/BiejiaBiejiaBiejia73.jpg,85,鳖甲
train/莲子心/Lianzixin20.jpg,70,莲子心
train/人参/Renshen110.jpg,3,人参
train/桑寄生/SangjishengSangjishengSangjishengSangjisheng_17.jpg,28,桑寄生
train/甘草/GancaoGancaoGancaoGancao_58.jpg,41,甘草
train/白蔹/BailianBailianBailian70.jpg,49,白蔹
train/草豆蔻/CaodoukouCaodoukouCaodoukou94.jpg,64,草豆蔻
train/麦冬/Maidong24.jpg,88,麦冬
train/石榴皮/Shiliupi94.jpg,50,石榴皮
train/甘松/GansongGansong90.jpg,40,甘松
train/路路通/Lulutong106.jpg,77,路路通
train/荜拨/BiboBiboBibo87.jpg,66,荜拨
train/千年健/Qiannianjian91.jpg,8,千年健
train/山慈菇/Shancigu6.jpg,18,山慈菇
train/荔枝核/Lizhihe64.jpg,65,荔枝核
train/白扁豆/BaibiandouBaibiandouBaibiandou40.jpg,44,白扁豆
train/麦冬/Maidong55.jpg,88,麦冬
train/细辛/XixinXixinXixinXixin_40.jpg,54,细辛
train/沉香/ChenxiangChenxiang40.jpg,33,沉香
train/龙眼肉/Longyanrou67.jpg,92,龙眼肉
train/白芍/BaishaoBaishaoBaishaoBaishao_4.jpg,46,白芍
train/酸枣仁/SuanzaorenSuanzaorenSuanzaorenSuanzaoren_40.jpg,79,酸枣仁
train/荔枝核/Lizhihe107.jpg,65,荔枝核
train/番泻叶/FanxieyeFanxieye88.jpg,42,番泻叶
train/槟榔/BinglangBinglangBinglangIMG_20200719_180514.jpg,31,槟榔
train/芦根/Lugen45.jpg,59,芦根
train/甘草/GancaoGancaoGancaoIMG_20200719_172718.jpg,41,甘草
train/五加皮/WujiapiWujiapiWujiapiWujiapi_33.jpg,2,五加皮
train/白芍/BaishaoBaishaoBaishaoBaishao_23.jpg,46,白芍
train/木丁香/Mudingxiang93.jpg,24,木丁香
train/白芷/BaizhiBaizhiBaizhiIMG_20200720_173742.jpg,47,白芷
train/黄柏/HuangboHuangboHuangboHuangbo_64.jpg,89,黄柏
train/荆芥穗/Jingjiesui32.jpg,63,荆芥穗
train/肉豆蔻/Roudoukou37.jpg,56,肉豆蔻
train/白扁豆/BaibiandouBaibiandouBaibiandou105.jpg,44,白扁豆
train/土荆皮/Tujingpi13.jpg,10,土荆皮
train/桑寄生/SangjishengSangjishengSangjishengIMG_20200724_180454.jpg,28,桑寄生
train/九香虫/Jiuxiangchong94.jpg,1,九香虫
train/羌活/QianghuoQianghuoQianghuoIMG_20200719_173054.jpg,55,羌活
train/天麻/Tianma31.jpg,14,天麻
train/桑螵蛸/Sangpiaoxiao28.jpg,30,桑螵蛸
train/沉香/ChenxiangChenxiang87.jpg,33,沉香
train/沉香/ChenxiangChenxiang45.jpg,33,沉香
train/桑螵蛸/Sangpiaoxiao40.jpg,30,桑螵蛸
train/蜂房/FengfangFengfang79.jpg,74,蜂房
train/川木香/ChuanmuxiangChuanmuxiang35.jpg,20,川木香
train/银柴胡/Yinchaihu47.jpg,83,银柴胡
train/干姜/GanjiangGanjiang112.jpg,23,干姜
train/酸枣仁/SuanzaorenSuanzaorenSuanzaorenSuanzaoren_26.jpg,79,酸枣仁
train/银柴胡/Yinchaihu99.jpg,83,银柴胡
train/石榴皮/Shiliupi76.jpg,50,石榴皮
train/湖北贝母/Hubeibeimu40.jpg,37,湖北贝母
train/谷精草/GujingcaoGujingcao26.jpg,75,谷精草
train/谷精草/GujingcaoGujingcao101.jpg,75,谷精草
train/莱菔子/Laifuzi33.jpg,68,莱菔子
train/番泻叶/FanxieyeFanxieye40.jpg,42,番泻叶
train/荜拨/BiboBiboBibo54.jpg,66,荜拨
train/细辛/XixinXixinXixinIMG_20200720_170931.jpg,54,细辛
train/桑螵蛸/Sangpiaoxiao93.jpg,30,桑螵蛸
train/甘松/GansongGansong95.jpg,40,甘松
train/沉香/ChenxiangChenxiang75.jpg,33,沉香
train/细辛/XixinXixinXixinIMG_20200720_170924.jpg,54,细辛
train/藁本/GaobenGaobenGaobenIMG_20200720_174341.jpg,73,藁本
train/鸡冠花/Jiguanhua60.jpg,87,鸡冠花
train/荔枝核/Lizhihe74.jpg,65,荔枝核
train/山奈/Shannai20.jpg,17,山奈
train/灵芝/Lingzhi102.jpg,38,灵芝
train/苦地丁/Kudiding0.jpg,62,苦地丁
train/藁本/GaobenGaobenGaobenIMG_20200720_174330_1.jpg,73,藁本
train/路路通/Lulutong31.jpg,77,路路通
train/稻芽/DaoyaDaoya94.jpg,52,稻芽
train/黄芩/HuangqinHuangqinHuangqinIMG_20200724_175146.jpg,90,黄芩
train/灵芝/Lingzhi11.jpg,38,灵芝
train/白前/BaiqianBaiqianBaiqian103.jpg,43,白前
train/浙贝母/ZhebeimuZhebeimuZhebeimuZhebeimu_55.jpg,34,浙贝母
train/北沙参/BeishashenBeishashenBeishashen24.jpg,7,北沙参
train/金灯笼/Jindenglong18.jpg,81,金灯笼
train/大腹皮/DafupiDafupi107.jpg,12,大腹皮
train/白前/BaiqianBaiqianBaiqian55.jpg,43,白前
train/灵芝/Lingzhi39.jpg,38,灵芝
train/郁金/Yujin1.jpg,78,郁金
train/地龙/DilongDilong75.jpg,11,地龙
train/槟榔/BinglangBinglangBinglangBinglang_15.jpg,31,槟榔
train/海螵蛸/HaipiaoxiaoHaipiaoxiao27.jpg,35,海螵蛸
train/草豆蔻/CaodoukouCaodoukouCaodoukou45.jpg,64,草豆蔻
train/金钱白花蛇/Jinqianbaihuashe30.jpg,82,金钱白花蛇
train/五加皮/WujiapiWujiapiWujiapiIMG_20200722_165957.jpg,2,五加皮
train/太子参/Taizishen93.jpg,15,太子参
train/冬虫夏草/DongchongxiacaoDongchongxiacao87.jpg,6,冬虫夏草
train/莲房/Lianfang17.jpg,71,莲房
train/藁本/GaobenGaobenGaobenGaoben_13.jpg,73,藁本
train/山奈/Shannai17.jpg,17,山奈
train/冬虫夏草/DongchongxiacaoDongchongxiacao92.jpg,6,冬虫夏草
train/荜拨/BiboBiboBibo91.jpg,66,荜拨
train/莲子/Lianzi115.jpg,69,莲子
train/莲子/Lianzi79.jpg,69,莲子
train/浙贝母/ZhebeimuZhebeimuZhebeimuZhebeimu_18.jpg,34,浙贝母
train/橘核/Juhe102.jpg,32,橘核
train/天麻/Tianma33.jpg,14,天麻
train/白矾/BaifanBaifanBaifan84.jpg,45,白矾
train/山茱萸/Shanzhuyu10.jpg,19,山茱萸
train/路路通/Lulutong118.jpg,77,路路通
train/海螵蛸/HaipiaoxiaoHaipiaoxiao93.jpg,35,海螵蛸
train/北沙参/BeishashenBeishashenBeishashen27.jpg,7,北沙参
train/白矾/BaifanBaifanBaifan98.jpg,45,白矾
train/细辛/XixinXixinXixinXixin_10.jpg,54,细辛
train/槟榔/BinglangBinglangBinglangBinglang_22.jpg,31,槟榔
train/白芷/BaizhiBaizhiBaizhiBaizhi_24.jpg,47,白芷
train/冬虫夏草/DongchongxiacaoDongchongxiacao119.jpg,6,冬虫夏草
train/大腹皮/DafupiDafupi35.jpg,12,大腹皮
train/金钱白花蛇/Jinqianbaihuashe62.jpg,82,金钱白花蛇
train/谷芽/GuyaGuya51.jpg,76,谷芽
train/北沙参/BeishashenBeishashenBeishashen40.jpg,7,北沙参
train/黄柏/HuangboHuangboHuangboHuangbo_27.jpg,89,黄柏
train/桑椹/Sangshen66.jpg,29,桑椹
train/莱菔子/Laifuzi11.jpg,68,莱菔子
train/川木香/ChuanmuxiangChuanmuxiang53.jpg,20,川木香
train/莲子/Lianzi5.jpg,69,莲子
train/酸枣仁/SuanzaorenSuanzaorenSuanzaorenSuanzaoren_79.jpg,79,酸枣仁
train/荔枝核/Lizhihe59.jpg,65,荔枝核
train/自然铜/Zirantong25.jpg,57,自然铜
train/苍术/CangzhuCangzhuCangzhuCangzhu_30.jpg,60,苍术
train/苏木/Sumu71.jpg,61,苏木
train/鸡内金/Jineijin47.jpg,86,鸡内金
train/浙贝母/ZhebeimuZhebeimuZhebeimuIMG_20200722_171204.jpg,34,浙贝母
train/合欢皮/HehuanpiHehuanpi59.jpg,9,合欢皮
train/五加皮/WujiapiWujiapiWujiapiIMG_20200722_170010.jpg,2,五加皮
train/苦地丁/Kudiding89.jpg,62,苦地丁
train/九香虫/Jiuxiangchong41.jpg,1,九香虫
train/谷芽/GuyaGuya23.jpg,76,谷芽
train/沉香/ChenxiangChenxiang56.jpg,33,沉香
train/金钱白花蛇/Jinqianbaihuashe111.jpg,82,金钱白花蛇
train/白扁豆/BaibiandouBaibiandouBaibiandou119.jpg,44,白扁豆
train/山慈菇/Shancigu74.jpg,18,山慈菇
train/湖北贝母/Hubeibeimu9.jpg,37,湖北贝母
train/荆芥穗/Jingjiesui9.jpg,63,荆芥穗
train/大腹皮/DafupiDafupi31.jpg,12,大腹皮
train/全蝎/Quanxie99.jpg,5,全蝎
train/路路通/Lulutong66.jpg,77,路路通
train/白前/BaiqianBaiqianBaiqian108.jpg,43,白前
train/细辛/XixinXixinXixinXixin_62.jpg,54,细辛
train/浙贝母/ZhebeimuZhebeimuZhebeimuZhebeimu_93.jpg,34,浙贝母
train/谷精草/GujingcaoGujingcao94.jpg,75,谷精草
train/莲子心/Lianzixin22.jpg,70,莲子心
train/草豆蔻/CaodoukouCaodoukouCaodoukou69.jpg,64,草豆蔻
train/瓦楞子/Walengzi10.jpg,39,瓦楞子
train/天花粉/Tianhuafen3.jpg,13,天花粉
train/莲房/Lianfang50.jpg,71,莲房
train/蜂房/FengfangFengfang98.jpg,74,蜂房
train/合欢皮/HehuanpiHehuanpi66.jpg,9,合欢皮
train/金灯笼/Jindenglong28.jpg,81,金灯笼
train/细辛/XixinXixinXixinIMG_20200720_170950.jpg,54,细辛
train/天花粉/Tianhuafen85.jpg,13,天花粉
train/金钱白花蛇/Jinqianbaihuashe39.jpg,82,金钱白花蛇
train/太子参/Taizishen112.jpg,15,太子参
train/白芷/BaizhiBaizhiBaizhiBaizhi_37.jpg,47,白芷
train/荔枝核/Lizhihe33.jpg,65,荔枝核
train/冬虫夏草/DongchongxiacaoDongchongxiacao35.jpg,6,冬虫夏草
train/金果榄/Jinguolan9.jpg,80,金果榄
train/路路通/Lulutong89.jpg,77,路路通
train/千年健/Qiannianjian52.jpg,8,千年健
train/细辛/XixinXixinXixinXixin_29.jpg,54,细辛
train/荆芥穗/Jingjiesui63.jpg,63,荆芥穗
train/黄芪/HuangqiHuangqi23.jpg,91,黄芪
train/桑椹/Sangshen18.jpg,29,桑椹
train/荜拨/BiboBiboBibo55.jpg,66,荜拨
train/僵蚕/Jiangcan83.jpg,4,僵蚕
train/酸枣仁/SuanzaorenSuanzaorenSuanzaorenSuanzaoren_42.jpg,79,酸枣仁
train/丝瓜络/Sigualuo14.jpg,0,丝瓜络
train/瓦楞子/Walengzi98.jpg,39,瓦楞子
train/僵蚕/Jiangcan99.jpg,4,僵蚕
train/川楝子/ChuanlianziChuanlianzi52.jpg,21,川楝子
train/苦地丁/Kudiding42.jpg,62,苦地丁
train/千年健/Qiannianjian65.jpg,8,千年健
train/草豆蔻/CaodoukouCaodoukouCaodoukou110.jpg,64,草豆蔻
train/芦根/Lugen52.jpg,59,芦根
train/白扁豆/BaibiandouBaibiandouBaibiandou31.jpg,44,白扁豆
train/千年健/Qiannianjian21.jpg,8,千年健
train/湖北贝母/Hubeibeimu100.jpg,37,湖北贝母
train/羌活/QianghuoQianghuoQianghuoQianghuo_59.jpg,55,羌活
train/安息香/AnxixiangAnxixiangAnxixiang62.jpg,16,安息香
train/白芍/BaishaoBaishaoBaishaoBaishao_11.jpg,46,白芍
train/稻芽/DaoyaDaoya75.jpg,52,稻芽
train/莲子/Lianzi18.jpg,69,莲子
train/天麻/Tianma43.jpg,14,天麻
train/谷芽/GuyaGuya94.jpg,76,谷芽
train/郁金/Yujin60.jpg,78,郁金
train/谷芽/GuyaGuya25.jpg,76,谷芽
train/地龙/DilongDilong107.jpg,11,地龙
train/蜂房/FengfangFengfang102.jpg,74,蜂房
train/沉香/ChenxiangChenxiang84.jpg,33,沉香
train/千年健/Qiannianjian44.jpg,8,千年健
train/合欢皮/HehuanpiHehuanpi102.jpg,9,合欢皮
train/莱菔子/Laifuzi62.jpg,68,莱菔子
train/人参/Renshen82.jpg,3,人参
train/橘核/Juhe7.jpg,32,橘核
train/金灯笼/Jindenglong111.jpg,81,金灯笼
train/桑椹/Sangshen77.jpg,29,桑椹
train/荜澄茄/BichengqieBichengqieBichengqie74.jpg,67,荜澄茄
train/防风/FangfengFangfengFangfengFangfeng_88.jpg,84,防风
train/木丁香/Mudingxiang42.jpg,24,木丁香
train/土荆皮/Tujingpi16.jpg,10,土荆皮
train/海螵蛸/HaipiaoxiaoHaipiaoxiao44.jpg,35,海螵蛸
train/甘草/GancaoGancaoGancaoGancao_76.jpg,41,甘草
train/天花粉/Tianhuafen77.jpg,13,天花粉
train/白茅根/BaimaogenBaimaogenBaimaogen64.jpg,48,白茅根
train/白芷/BaizhiBaizhiBaizhiBaizhi_17.jpg,47,白芷
train/石榴皮/Shiliupi61.jpg,50,石榴皮
train/藁本/GaobenGaobenGaobenGaoben_32.jpg,73,藁本
train/薏苡仁/Yiyiren60.jpg,72,薏苡仁
train/白芍/BaishaoBaishaoBaishaoBaishao_0.jpg,46,白芍
train/荆芥穗/Jingjiesui100.jpg,63,荆芥穗
train/枸杞子/GouqiziGouqizi109.jpg,25,枸杞子
train/鸡内金/Jineijin97.jpg,86,鸡内金
train/白前/BaiqianBaiqianBaiqian74.jpg,43,白前
train/蜂房/FengfangFengfang112.jpg,74,蜂房
train/大腹皮/DafupiDafupi68.jpg,12,大腹皮
train/白茅根/BaimaogenBaimaogenBaimaogen67.jpg,48,白茅根
train/荔枝核/Lizhihe20.jpg,65,荔枝核
train/安息香/AnxixiangAnxixiangAnxixiang53.jpg,16,安息香
train/淡豆豉/DandouchiDandouchi51.jpg,36,淡豆豉
train/自然铜/Zirantong19.jpg,57,自然铜
train/鸡冠花/Jiguanhua76.jpg,87,鸡冠花
train/太子参/Taizishen68.jpg,15,太子参
train/桂枝/GuizhiGuizhiGuizhiIMG_20200719_174648.jpg,27,桂枝
train/安息香/AnxixiangAnxixiangAnxixiang28.jpg,16,安息香
train/桑椹/Sangshen74.jpg,29,桑椹
train/柏子仁/BaizirenBaizirenBaiziren96.jpg,26,柏子仁
train/自然铜/Zirantong60.jpg,57,自然铜
train/桑寄生/SangjishengSangjishengSangjishengSangjisheng_77.jpg,28,桑寄生
train/苍术/CangzhuCangzhuCangzhuIMG_20200720_165930.jpg,60,苍术
train/苦地丁/Kudiding41.jpg,62,苦地丁
train/太子参/Taizishen56.jpg,15,太子参
train/鸡冠花/Jiguanhua57.jpg,87,鸡冠花
train/蜂房/FengfangFengfang88.jpg,74,蜂房
train/稻芽/DaoyaDaoya70.jpg,52,稻芽
train/谷精草/GujingcaoGujingcao25.jpg,75,谷精草
train/柏子仁/BaizirenBaizirenBaiziren55.jpg,26,柏子仁
train/莱菔子/Laifuzi86.jpg,68,莱菔子
train/湖北贝母/Hubeibeimu84.jpg,37,湖北贝母
train/芥子/Jiezi42.jpg,58,芥子
train/金果榄/Jinguolan49.jpg,80,金果榄
train/银柴胡/Yinchaihu27.jpg,83,银柴胡
train/郁金/Yujin24.jpg,78,郁金
train/路路通/Lulutong12.jpg,77,路路通
train/沉香/ChenxiangChenxiang59.jpg,33,沉香
train/甘草/GancaoGancaoGancaoGancao_77.jpg,41,甘草
train/麦冬/Maidong92.jpg,88,麦冬
train/荆芥穗/Jingjiesui119.jpg,63,荆芥穗
train/草豆蔻/CaodoukouCaodoukouCaodoukou47.jpg,64,草豆蔻
train/人参/Renshen23.jpg,3,人参
train/莲子/Lianzi54.jpg,69,莲子
train/山奈/Shannai72.jpg,17,山奈
train/安息香/AnxixiangAnxixiangAnxixiang96.jpg,16,安息香
train/竹茹/Zhuru21.jpg,53,竹茹
train/天麻/Tianma115.jpg,14,天麻
train/浙贝母/ZhebeimuZhebeimuZhebeimuZhebeimu_40.jpg,34,浙贝母
train/白蔹/BailianBailianBailian95.jpg,49,白蔹
train/银柴胡/Yinchaihu63.jpg,83,银柴胡
train/白前/BaiqianBaiqianBaiqian36.jpg,43,白前
train/白芍/BaishaoBaishaoBaishaoBaishao_40.jpg,46,白芍
train/荜澄茄/BichengqieBichengqieBichengqie112.jpg,67,荜澄茄
train/人参/Renshen16.jpg,3,人参
train/郁金/Yujin33.jpg,78,郁金
train/九香虫/Jiuxiangchong98.jpg,1,九香虫
train/白前/BaiqianBaiqianBaiqian42.jpg,43,白前
train/莲子心/Lianzixin3.jpg,70,莲子心
train/银柴胡/Yinchaihu65.jpg,83,银柴胡
train/薏苡仁/Yiyiren74.jpg,72,薏苡仁
train/藁本/GaobenGaobenGaobenGaoben_17.jpg,73,藁本
train/白芍/BaishaoBaishaoBaishaoBaishao_66.jpg,46,白芍
train/丝瓜络/Sigualuo5.jpg,0,丝瓜络
train/冬虫夏草/DongchongxiacaoDongchongxiacao86.jpg,6,冬虫夏草
train/山茱萸/Shanzhuyu58.jpg,19,山茱萸
train/竹茹/Zhuru45.jpg,53,竹茹
train/鸡冠花/Jiguanhua90.jpg,87,鸡冠花
train/橘核/Juhe16.jpg,32,橘核
train/桑椹/Sangshen3.jpg,29,桑椹
train/大腹皮/DafupiDafupi80.jpg,12,大腹皮
train/桂枝/GuizhiGuizhiGuizhiGuizhi_31.jpg,27,桂枝
train/蜂房/FengfangFengfang52.jpg,74,蜂房
train/郁金/Yujin52.jpg,78,郁金
train/白前/BaiqianBaiqianBaiqian53.jpg,43,白前
train/沉香/ChenxiangChenxiang23.jpg,33,沉香
train/桂枝/GuizhiGuizhiGuizhiGuizhi_23.jpg,27,桂枝
train/瓦楞子/Walengzi78.jpg,39,瓦楞子
train/芥子/Jiezi24.jpg,58,芥子
train/山奈/Shannai119.jpg,17,山奈
train/大腹皮/DafupiDafupi33.jpg,12,大腹皮
train/莱菔子/Laifuzi19.jpg,68,莱菔子
train/路路通/Lulutong77.jpg,77,路路通
train/鸡冠花/Jiguanhua4.jpg,87,鸡冠花
train/灵芝/Lingzhi36.jpg,38,灵芝
train/川楝子/ChuanlianziChuanlianzi117.jpg,21,川楝子
train/酸枣仁/SuanzaorenSuanzaorenSuanzaorenIMG_20200722_165623.jpg,79,酸枣仁
train/九香虫/Jiuxiangchong35.jpg,1,九香虫
train/桑寄生/SangjishengSangjishengSangjishengSangjisheng_51.jpg,28,桑寄生
train/谷芽/GuyaGuya39.jpg,76,谷芽
train/全蝎/Quanxie11.jpg,5,全蝎
train/山奈/Shannai61.jpg,17,山奈
train/莲子/Lianzi33.jpg,69,莲子
train/地龙/DilongDilong50.jpg,11,地龙
train/黄芪/HuangqiHuangqi60.jpg,91,黄芪
train/九香虫/Jiuxiangchong50.jpg,1,九香虫
train/山奈/Shannai82.jpg,17,山奈
train/薏苡仁/Yiyiren109.jpg,72,薏苡仁
train/竹茹/Zhuru118.jpg,53,竹茹
train/鸡内金/Jineijin4.jpg,86,鸡内金
train/苦地丁/Kudiding66.jpg,62,苦地丁
train/千年健/Qiannianjian50.jpg,8,千年健
train/五加皮/WujiapiWujiapiWujiapiWujiapi_77.jpg,2,五加皮
train/桂枝/GuizhiGuizhiGuizhiIMG_20200719_174805.jpg,27,桂枝
train/合欢皮/HehuanpiHehuanpi106.jpg,9,合欢皮
train/橘核/Juhe84.jpg,32,橘核
train/山慈菇/Shancigu102.jpg,18,山慈菇
train/黄芩/HuangqinHuangqinHuangqinHuangqin_13.jpg,90,黄芩
train/金钱白花蛇/Jinqianbaihuashe3.jpg,82,金钱白花蛇
train/石榴皮/Shiliupi59.jpg,50,石榴皮
train/番泻叶/FanxieyeFanxieye65.jpg,42,番泻叶
train/荜拨/BiboBiboBibo64.jpg,66,荜拨
train/九香虫/Jiuxiangchong76.jpg,1,九香虫
train/谷精草/GujingcaoGujingcao48.jpg,75,谷精草
train/荜澄茄/BichengqieBichengqieBichengqie41.jpg,67,荜澄茄
train/川楝子/ChuanlianziChuanlianzi23.jpg,21,川楝子
train/桑寄生/SangjishengSangjishengSangjishengSangjisheng_36.jpg,28,桑寄生
train/桑椹/Sangshen97.jpg,29,桑椹
train/龙眼肉/Longyanrou1.jpg,92,龙眼肉
train/甘草/GancaoGancaoGancaoGancao_19.jpg,41,甘草
train/番泻叶/FanxieyeFanxieye81.jpg,42,番泻叶
train/芥子/Jiezi62.jpg,58,芥子
train/白芍/BaishaoBaishaoBaishaoBaishao_39.jpg,46,白芍
train/枸杞子/GouqiziGouqizi34.jpg,25,枸杞子
train/肉豆蔻/Roudoukou20.jpg,56,肉豆蔻
train/鸡冠花/Jiguanhua67.jpg,87,鸡冠花
train/荜澄茄/BichengqieBichengqieBichengqie88.jpg,67,荜澄茄
train/川木香/ChuanmuxiangChuanmuxiang111.jpg,20,川木香
train/浙贝母/ZhebeimuZhebeimuZhebeimuZhebeimu_38.jpg,34,浙贝母
train/芥子/Jiezi61.jpg,58,芥子
train/桂枝/GuizhiGuizhiGuizhiGuizhi_58.jpg,27,桂枝
train/千年健/Qiannianjian51.jpg,8,千年健
train/僵蚕/Jiangcan29.jpg,4,僵蚕
train/莲子心/Lianzixin77.jpg,70,莲子心
train/麦冬/Maidong47.jpg,88,麦冬
train/鸡冠花/Jiguanhua16.jpg,87,鸡冠花
train/白前/BaiqianBaiqianBaiqian98.jpg,43,白前
train/白茅根/BaimaogenBaimaogenBaimaogen24.jpg,48,白茅根
train/天花粉/Tianhuafen31.jpg,13,天花粉
train/肉豆蔻/Roudoukou57.jpg,56,肉豆蔻
train/藁本/GaobenGaobenGaobenIMG_20200720_174350.jpg,73,藁本
train/稻芽/DaoyaDaoya109.jpg,52,稻芽
train/天麻/Tianma79.jpg,14,天麻
train/鸡内金/Jineijin86.jpg,86,鸡内金
train/莲子心/Lianzixin34.jpg,70,莲子心
train/白蔹/BailianBailianBailian34.jpg,49,白蔹
train/竹茹/Zhuru63.jpg,53,竹茹
train/千年健/Qiannianjian9.jpg,8,千年健
train/干姜/GanjiangGanjiang73.jpg,23,干姜
train/丝瓜络/Sigualuo42.jpg,0,丝瓜络
train/秦皮/Qinpi19.jpg,51,秦皮
train/草豆蔻/CaodoukouCaodoukouCaodoukou106.jpg,64,草豆蔻
train/莲子心/Lianzixin103.jpg,70,莲子心
train/白扁豆/BaibiandouBaibiandouBaibiandou47.jpg,44,白扁豆
train/甘草/GancaoGancaoGancaoIMG_20200719_172728.jpg,41,甘草
train/白芷/BaizhiBaizhiBaizhiBaizhi_22.jpg,47,白芷
train/丝瓜络/Sigualuo28.jpg,0,丝瓜络
train/芥子/Jiezi98.jpg,58,芥子
train/鳖甲/BiejiaBiejiaBiejia63.jpg,85,鳖甲
train/土荆皮/Tujingpi14.jpg,10,土荆皮
train/稻芽/DaoyaDaoya76.jpg,52,稻芽
train/九香虫/Jiuxiangchong14.jpg,1,九香虫
train/麦冬/Maidong39.jpg,88,麦冬
train/甘松/GansongGansong35.jpg,40,甘松
train/沉香/ChenxiangChenxiang26.jpg,33,沉香
train/苏木/Sumu37.jpg,61,苏木
train/莲房/Lianfang41.jpg,71,莲房
train/丝瓜络/Sigualuo4.jpg,0,丝瓜络
train/鸡冠花/Jiguanhua0.jpg,87,鸡冠花
train/柏子仁/BaizirenBaizirenBaiziren109.jpg,26,柏子仁
train/谷芽/GuyaGuya93.jpg,76,谷芽
train/甘松/GansongGansong38.jpg,40,甘松
train/沉香/ChenxiangChenxiang85.jpg,33,沉香
train/五加皮/WujiapiWujiapiWujiapiWujiapi_50.jpg,2,五加皮
train/荜拨/BiboBiboBibo113.jpg,66,荜拨
train/太子参/Taizishen99.jpg,15,太子参
train/芥子/Jiezi95.jpg,58,芥子
train/白芷/BaizhiBaizhiBaizhiIMG_20200720_173720.jpg,47,白芷
train/柏子仁/BaizirenBaizirenBaiziren60.jpg,26,柏子仁
train/湖北贝母/Hubeibeimu37.jpg,37,湖北贝母
train/灵芝/Lingzhi110.jpg,38,灵芝
train/柏子仁/BaizirenBaizirenBaiziren79.jpg,26,柏子仁
train/柏子仁/BaizirenBaizirenBaiziren23.jpg,26,柏子仁
train/合欢皮/HehuanpiHehuanpi92.jpg,9,合欢皮
train/白矾/BaifanBaifanBaifan61.jpg,45,白矾
train/莲子/Lianzi78.jpg,69,莲子
train/黄芩/HuangqinHuangqinHuangqinIMG_20200724_175137.jpg,90,黄芩
train/黄芪/HuangqiHuangqi37.jpg,91,黄芪
train/丝瓜络/Sigualuo36.jpg,0,丝瓜络
train/鸡内金/Jineijin14.jpg,86,鸡内金
train/鸡内金/Jineijin12.jpg,86,鸡内金
train/鸡冠花/Jiguanhua74.jpg,87,鸡冠花
train/槟榔/BinglangBinglangBinglangIMG_20200719_180528.jpg,31,槟榔
train/山茱萸/Shanzhuyu26.jpg,19,山茱萸
train/五加皮/WujiapiWujiapiWujiapiWujiapi_95.jpg,2,五加皮
train/地龙/DilongDilong44.jpg,11,地龙
train/桂枝/GuizhiGuizhiGuizhiGuizhi_109.jpg,27,桂枝
train/草豆蔻/CaodoukouCaodoukouCaodoukou77.jpg,64,草豆蔻
train/山茱萸/Shanzhuyu90.jpg,19,山茱萸
train/桑螵蛸/Sangpiaoxiao43.jpg,30,桑螵蛸
train/槟榔/BinglangBinglangBinglangBinglang_12.jpg,31,槟榔
train/莲子心/Lianzixin25.jpg,70,莲子心
train/草豆蔻/CaodoukouCaodoukouCaodoukou34.jpg,64,草豆蔻
train/白矾/BaifanBaifanBaifan58.jpg,45,白矾
train/蜂房/FengfangFengfang40.jpg,74,蜂房
train/番泻叶/FanxieyeFanxieye28.jpg,42,番泻叶
train/荜澄茄/BichengqieBichengqieBichengqie104.jpg,67,荜澄茄
train/鸡冠花/Jiguanhua26.jpg,87,鸡冠花
train/淡豆豉/DandouchiDandouchi71.jpg,36,淡豆豉
train/苏木/Sumu30.jpg,61,苏木
train/黄柏/HuangboHuangboHuangboHuangbo_20.jpg,89,黄柏
train/甘松/GansongGansong112.jpg,40,甘松
train/金果榄/Jinguolan19.jpg,80,金果榄
train/番泻叶/FanxieyeFanxieye23.jpg,42,番泻叶
train/荔枝核/Lizhihe0.jpg,65,荔枝核
train/白茅根/BaimaogenBaimaogenBaimaogen100.jpg,48,白茅根
train/白前/BaiqianBaiqianBaiqian37.jpg,43,白前
train/谷精草/GujingcaoGujingcao77.jpg,75,谷精草
train/桑椹/Sangshen89.jpg,29,桑椹
train/白矾/BaifanBaifanBaifan114.jpg,45,白矾
train/千年健/Qiannianjian72.jpg,8,千年健
train/竹茹/Zhuru106.jpg,53,竹茹
train/海螵蛸/HaipiaoxiaoHaipiaoxiao63.jpg,35,海螵蛸
train/鳖甲/BiejiaBiejiaBiejia24.jpg,85,鳖甲
train/甘松/GansongGansong66.jpg,40,甘松
train/全蝎/Quanxie1.jpg,5,全蝎
train/鳖甲/BiejiaBiejiaBiejia57.jpg,85,鳖甲
train/细辛/XixinXixinXixinIMG_20200720_170928.jpg,54,细辛
train/人参/Renshen81.jpg,3,人参
train/丝瓜络/Sigualuo22.jpg,0,丝瓜络
train/芦根/Lugen73.jpg,59,芦根
train/谷芽/GuyaGuya38.jpg,76,谷芽
train/千年健/Qiannianjian70.jpg,8,千年健
train/谷芽/GuyaGuya24.jpg,76,谷芽
train/湖北贝母/Hubeibeimu46.jpg,37,湖北贝母
train/浙贝母/ZhebeimuZhebeimuZhebeimuIMG_20200722_171153_1.jpg,34,浙贝母
train/桑螵蛸/Sangpiaoxiao79.jpg,30,桑螵蛸
train/浙贝母/ZhebeimuZhebeimuZhebeimuZhebeimu_63.jpg,34,浙贝母
train/桂枝/GuizhiGuizhiGuizhiIMG_20200719_174715.jpg,27,桂枝
train/木丁香/Mudingxiang26.jpg,24,木丁香
train/鳖甲/BiejiaBiejiaBiejia62.jpg,85,鳖甲
train/黄芩/HuangqinHuangqinHuangqinIMG_20200724_175118.jpg,90,黄芩
train/枸杞子/GouqiziGouqizi75.jpg,25,枸杞子
train/银柴胡/Yinchaihu87.jpg,83,银柴胡
train/太子参/Taizishen46.jpg,15,太子参
train/龙眼肉/Longyanrou75.jpg,92,龙眼肉
train/自然铜/Zirantong67.jpg,57,自然铜
train/肉豆蔻/Roudoukou80.jpg,56,肉豆蔻
train/细辛/XixinXixinXixinXixin_44.jpg,54,细辛
train/羌活/QianghuoQianghuoQianghuoQianghuo_86.jpg,55,羌活
train/瓦楞子/Walengzi115.jpg,39,瓦楞子
train/谷芽/GuyaGuya56.jpg,76,谷芽
train/石榴皮/Shiliupi52.jpg,50,石榴皮
train/莲子心/Lianzixin70.jpg,70,莲子心
train/橘核/Juhe14.jpg,32,橘核
train/草豆蔻/CaodoukouCaodoukouCaodoukou54.jpg,64,草豆蔻
train/太子参/Taizishen74.jpg,15,太子参
train/天麻/Tianma27.jpg,14,天麻
train/郁金/Yujin69.jpg,78,郁金
train/安息香/AnxixiangAnxixiangAnxixiang105.jpg,16,安息香
train/番泻叶/FanxieyeFanxieye37.jpg,42,番泻叶
train/郁金/Yujin119.jpg,78,郁金
train/山茱萸/Shanzhuyu36.jpg,19,山茱萸
train/山慈菇/Shancigu49.jpg,18,山慈菇
train/海螵蛸/HaipiaoxiaoHaipiaoxiao34.jpg,35,海螵蛸
train/白前/BaiqianBaiqianBaiqian104.jpg,43,白前
train/安息香/AnxixiangAnxixiangAnxixiang57.jpg,16,安息香
train/防风/FangfengFangfengFangfengIMG_20200720_174558.jpg,84,防风
train/草豆蔻/CaodoukouCaodoukouCaodoukou79.jpg,64,草豆蔻
train/海螵蛸/HaipiaoxiaoHaipiaoxiao62.jpg,35,海螵蛸
train/芥子/Jiezi80.jpg,58,芥子
train/地龙/DilongDilong22.jpg,11,地龙
train/合欢皮/HehuanpiHehuanpi28.jpg,9,合欢皮
train/天花粉/Tianhuafen26.jpg,13,天花粉
train/金灯笼/Jindenglong107.jpg,81,金灯笼
train/藁本/GaobenGaobenGaobenGaoben_47.jpg,73,藁本
train/地龙/DilongDilong55.jpg,11,地龙
train/人参/Renshen25.jpg,3,人参
train/草豆蔻/CaodoukouCaodoukouCaodoukou105.jpg,64,草豆蔻
train/谷精草/GujingcaoGujingcao42.jpg,75,谷精草
train/鸡冠花/Jiguanhua15.jpg,87,鸡冠花
train/苦地丁/Kudiding9.jpg,62,苦地丁
train/白蔹/BailianBailianBailian91.jpg,49,白蔹
train/酸枣仁/SuanzaorenSuanzaorenSuanzaorenIMG_20200722_165605.jpg,79,酸枣仁
train/黄芩/HuangqinHuangqinHuangqinHuangqin_51.jpg,90,黄芩
train/藁本/GaobenGaobenGaobenGaoben_61.jpg,73,藁本
train/苍术/CangzhuCangzhuCangzhuCangzhu_40.jpg,60,苍术
train/橘核/Juhe55.jpg,32,橘核
train/桑寄生/SangjishengSangjishengSangjishengSangjisheng_15.jpg,28,桑寄生
train/莱菔子/Laifuzi68.jpg,68,莱菔子
train/麦冬/Maidong85.jpg,88,麦冬
train/莲房/Lianfang70.jpg,71,莲房
train/浙贝母/ZhebeimuZhebeimuZhebeimuZhebeimu_73.jpg,34,浙贝母
train/山慈菇/Shancigu89.jpg,18,山慈菇
train/淡豆豉/DandouchiDandouchi93.jpg,36,淡豆豉
train/橘核/Juhe43.jpg,32,橘核
train/山奈/Shannai40.jpg,17,山奈
train/川木香/ChuanmuxiangChuanmuxiang22.jpg,20,川木香
train/灵芝/Lingzhi108.jpg,38,灵芝
train/苍术/CangzhuCangzhuCangzhuCangzhu_31.jpg,60,苍术
train/路路通/Lulutong30.jpg,77,路路通
train/苦地丁/Kudiding55.jpg,62,苦地丁
train/淡豆豉/DandouchiDandouchi38.jpg,36,淡豆豉
train/全蝎/Quanxie35.jpg,5,全蝎
train/谷芽/GuyaGuya41.jpg,76,谷芽
train/谷精草/GujingcaoGujingcao89.jpg,75,谷精草
train/全蝎/Quanxie73.jpg,5,全蝎
train/荆芥穗/Jingjiesui47.jpg,63,荆芥穗
train/北沙参/BeishashenBeishashenBeishashen36.jpg,7,北沙参
train/芥子/Jiezi106.jpg,58,芥子
train/竹茹/Zhuru71.jpg,53,竹茹
train/白扁豆/BaibiandouBaibiandouBaibiandou68.jpg,44,白扁豆
train/蜂房/FengfangFengfang29.jpg,74,蜂房
train/鸡冠花/Jiguanhua47.jpg,87,鸡冠花
train/荔枝核/Lizhihe69.jpg,65,荔枝核
train/黄芪/HuangqiHuangqi71.jpg,91,黄芪
train/白芍/BaishaoBaishaoBaishaoBaishao_67.jpg,46,白芍
train/银柴胡/Yinchaihu55.jpg,83,银柴胡
train/天花粉/Tianhuafen90.jpg,13,天花粉
train/银柴胡/Yinchaihu69.jpg,83,银柴胡
train/地龙/DilongDilong32.jpg,11,地龙
train/金灯笼/Jindenglong75.jpg,81,金灯笼
train/大腹皮/DafupiDafupi50.jpg,12,大腹皮
train/蜂房/FengfangFengfang76.jpg,74,蜂房
train/桑寄生/SangjishengSangjishengSangjishengSangjisheng_23.jpg,28,桑寄生
train/木丁香/Mudingxiang43.jpg,24,木丁香
train/甘草/GancaoGancaoGancaoGancao_53.jpg,41,甘草
train/黄芪/HuangqiHuangqi67.jpg,91,黄芪
train/荆芥穗/Jingjiesui78.jpg,63,荆芥穗
train/桑螵蛸/Sangpiaoxiao74.jpg,30,桑螵蛸
train/草豆蔻/CaodoukouCaodoukouCaodoukou101.jpg,64,草豆蔻
train/全蝎/Quanxie39.jpg,5,全蝎
train/灵芝/Lingzhi10.jpg,38,灵芝
train/僵蚕/Jiangcan22.jpg,4,僵蚕
train/白前/BaiqianBaiqianBaiqian43.jpg,43,白前
train/桂枝/GuizhiGuizhiGuizhiGuizhi_149.jpg,27,桂枝
train/枸杞子/GouqiziGouqizi91.jpg,25,枸杞子
train/川楝子/ChuanlianziChuanlianzi54.jpg,21,川楝子
train/川木香/ChuanmuxiangChuanmuxiang28.jpg,20,川木香
train/川牛膝/ChuanniuxiChuanniuxi82.jpg,22,川牛膝
train/谷精草/GujingcaoGujingcao117.jpg,75,谷精草
train/山茱萸/Shanzhuyu28.jpg,19,山茱萸
train/银柴胡/Yinchaihu75.jpg,83,银柴胡
train/白茅根/BaimaogenBaimaogenBaimaogen114.jpg,48,白茅根
train/川牛膝/ChuanniuxiChuanniuxi76.jpg,22,川牛膝
train/鸡冠花/Jiguanhua100.jpg,87,鸡冠花
train/枸杞子/GouqiziGouqizi45.jpg,25,枸杞子
train/荜澄茄/BichengqieBichengqieBichengqie81.jpg,67,荜澄茄
train/白茅根/BaimaogenBaimaogenBaimaogen88.jpg,48,白茅根
train/千年健/Qiannianjian79.jpg,8,千年健
train/谷芽/GuyaGuya54.jpg,76,谷芽
train/白蔹/BailianBailianBailian72.jpg,49,白蔹
train/柏子仁/BaizirenBaizirenBaiziren89.jpg,26,柏子仁
train/海螵蛸/HaipiaoxiaoHaipiaoxiao66.jpg,35,海螵蛸
train/甘草/GancaoGancaoGancaoIMG_20200719_172735.jpg,41,甘草
train/川木香/ChuanmuxiangChuanmuxiang41.jpg,20,川木香
train/土荆皮/Tujingpi68.jpg,10,土荆皮
train/五加皮/WujiapiWujiapiWujiapiWujiapi_39.jpg,2,五加皮
train/薏苡仁/Yiyiren96.jpg,72,薏苡仁
train/瓦楞子/Walengzi4.jpg,39,瓦楞子
train/芦根/Lugen92.jpg,59,芦根
train/大腹皮/DafupiDafupi101.jpg,12,大腹皮
train/麦冬/Maidong58.jpg,88,麦冬
train/麦冬/Maidong98.jpg,88,麦冬
train/黄芪/HuangqiHuangqi43.jpg,91,黄芪
train/草豆蔻/CaodoukouCaodoukouCaodoukou58.jpg,64,草豆蔻
train/鳖甲/BiejiaBiejiaBiejia67.jpg,85,鳖甲
train/湖北贝母/Hubeibeimu31.jpg,37,湖北贝母
train/芦根/Lugen51.jpg,59,芦根
train/僵蚕/Jiangcan23.jpg,4,僵蚕
train/荜拨/BiboBiboBibo31.jpg,66,荜拨
train/安息香/AnxixiangAnxixiangAnxixiang64.jpg,16,安息香
train/浙贝母/ZhebeimuZhebeimuZhebeimuZhebeimu_86.jpg,34,浙贝母
train/莲房/Lianfang5.jpg,71,莲房
train/鸡冠花/Jiguanhua115.jpg,87,鸡冠花
train/合欢皮/HehuanpiHehuanpi99.jpg,9,合欢皮
train/地龙/DilongDilong42.jpg,11,地龙
train/荔枝核/Lizhihe85.jpg,65,荔枝核
train/黄芪/HuangqiHuangqi105.jpg,91,黄芪
train/白矾/BaifanBaifanBaifan38.jpg,45,白矾
train/川牛膝/ChuanniuxiChuanniuxi105.jpg,22,川牛膝
train/荜澄茄/BichengqieBichengqieBichengqie96.jpg,67,荜澄茄
train/山茱萸/Shanzhuyu38.jpg,19,山茱萸
train/金钱白花蛇/Jinqianbaihuashe94.jpg,82,金钱白花蛇
train/安息香/AnxixiangAnxixiangAnxixiang32.jpg,16,安息香
train/瓦楞子/Walengzi40.jpg,39,瓦楞子
train/九香虫/Jiuxiangchong99.jpg,1,九香虫
train/淡豆豉/DandouchiDandouchi43.jpg,36,淡豆豉
train/干姜/GanjiangGanjiang31.jpg,23,干姜
train/荆芥穗/Jingjiesui52.jpg,63,荆芥穗
train/千年健/Qiannianjian102.jpg,8,千年健
train/莱菔子/Laifuzi105.jpg,68,莱菔子
train/金果榄/Jinguolan76.jpg,80,金果榄
train/自然铜/Zirantong55.jpg,57,自然铜
train/川牛膝/ChuanniuxiChuanniuxi73.jpg,22,川牛膝
train/白蔹/BailianBailianBailian67.jpg,49,白蔹
train/大腹皮/DafupiDafupi99.jpg,12,大腹皮
train/肉豆蔻/Roudoukou102.jpg,56,肉豆蔻
train/桂枝/GuizhiGuizhiGuizhiIMG_20200719_174803.jpg,27,桂枝
train/莲子/Lianzi25.jpg,69,莲子
train/白蔹/BailianBailianBailian78.jpg,49,白蔹
train/竹茹/Zhuru52.jpg,53,竹茹
train/蜂房/FengfangFengfang108.jpg,74,蜂房
train/川楝子/ChuanlianziChuanlianzi58.jpg,21,川楝子
train/地龙/DilongDilong68.jpg,11,地龙
train/全蝎/Quanxie36.jpg,5,全蝎
train/瓦楞子/Walengzi37.jpg,39,瓦楞子
train/丝瓜络/Sigualuo103.jpg,0,丝瓜络
train/白蔹/BailianBailianBailian79.jpg,49,白蔹
train/白矾/BaifanBaifanBaifan82.jpg,45,白矾
train/荔枝核/Lizhihe78.jpg,65,荔枝核
train/谷精草/GujingcaoGujingcao62.jpg,75,谷精草
train/麦冬/Maidong65.jpg,88,麦冬
train/黄芩/HuangqinHuangqinHuangqinIMG_20200724_175130.jpg,90,黄芩
train/鸡内金/Jineijin76.jpg,86,鸡内金
train/土荆皮/Tujingpi49.jpg,10,土荆皮
train/谷精草/GujingcaoGujingcao40.jpg,75,谷精草
train/麦冬/Maidong4.jpg,88,麦冬
train/丝瓜络/Sigualuo100.jpg,0,丝瓜络
train/鸡内金/Jineijin48.jpg,86,鸡内金
train/蜂房/FengfangFengfang73.jpg,74,蜂房
train/白芷/BaizhiBaizhiBaizhiIMG_20200720_173722.jpg,47,白芷
train/白茅根/BaimaogenBaimaogenBaimaogen49.jpg,48,白茅根
train/白芍/BaishaoBaishaoBaishaoIMG_20200724_180219.jpg,46,白芍
train/苏木/Sumu61.jpg,61,苏木
train/白矾/BaifanBaifanBaifan52.jpg,45,白矾
train/木丁香/Mudingxiang50.jpg,24,木丁香
train/北沙参/BeishashenBeishashenBeishashen74.jpg,7,北沙参
train/龙眼肉/Longyanrou86.jpg,92,龙眼肉
train/甘松/GansongGansong61.jpg,40,甘松
train/山奈/Shannai106.jpg,17,山奈
train/白前/BaiqianBaiqianBaiqian88.jpg,43,白前
train/太子参/Taizishen15.jpg,15,太子参
train/太子参/Taizishen82.jpg,15,太子参
train/荆芥穗/Jingjiesui94.jpg,63,荆芥穗
train/芦根/Lugen36.jpg,59,芦根
train/五加皮/WujiapiWujiapiWujiapiWujiapi_17.jpg,2,五加皮
train/山茱萸/Shanzhuyu34.jpg,19,山茱萸
train/白扁豆/BaibiandouBaibiandouBaibiandou33.jpg,44,白扁豆
train/蜂房/FengfangFengfang95.jpg,74,蜂房
train/僵蚕/Jiangcan98.jpg,4,僵蚕
train/北沙参/BeishashenBeishashenBeishashen89.jpg,7,北沙参
train/金果榄/Jinguolan21.jpg,80,金果榄
train/枸杞子/GouqiziGouqizi44.jpg,25,枸杞子
train/安息香/AnxixiangAnxixiangAnxixiang86.jpg,16,安息香
train/谷精草/GujingcaoGujingcao84.jpg,75,谷精草
train/白芷/BaizhiBaizhiBaizhiBaizhi_13.jpg,47,白芷
train/酸枣仁/SuanzaorenSuanzaorenSuanzaorenIMG_20200722_165612.jpg,79,酸枣仁
train/防风/FangfengFangfengFangfengFangfeng_2.jpg,84,防风
train/芥子/Jiezi96.jpg,58,芥子
train/湖北贝母/Hubeibeimu77.jpg,37,湖北贝母
train/鸡冠花/Jiguanhua59.jpg,87,鸡冠花
train/荆芥穗/Jingjiesui91.jpg,63,荆芥穗
train/干姜/GanjiangGanjiang70.jpg,23,干姜
train/川牛膝/ChuanniuxiChuanniuxi43.jpg,22,川牛膝
train/天麻/Tianma73.jpg,14,天麻
train/山慈菇/Shancigu87.jpg,18,山慈菇
train/地龙/DilongDilong54.jpg,11,地龙
train/金果榄/Jinguolan15.jpg,80,金果榄
train/僵蚕/Jiangcan91.jpg,4,僵蚕
train/肉豆蔻/Roudoukou82.jpg,56,肉豆蔻
train/山茱萸/Shanzhuyu7.jpg,19,山茱萸
train/甘松/GansongGansong55.jpg,40,甘松
train/桑寄生/SangjishengSangjishengSangjishengSangjisheng_29.jpg,28,桑寄生
train/大腹皮/DafupiDafupi75.jpg,12,大腹皮
train/山奈/Shannai104.jpg,17,山奈
train/土荆皮/Tujingpi42.jpg,10,土荆皮
train/羌活/QianghuoQianghuoQianghuoQianghuo_116.jpg,55,羌活
train/防风/FangfengFangfengFangfengFangfeng_5.jpg,84,防风
train/鸡冠花/Jiguanhua32.jpg,87,鸡冠花
train/谷精草/GujingcaoGujingcao83.jpg,75,谷精草
train/鸡内金/Jineijin25.jpg,86,鸡内金
train/蜂房/FengfangFengfang58.jpg,74,蜂房
train/石榴皮/Shiliupi69.jpg,50,石榴皮
train/芦根/Lugen8.jpg,59,芦根
train/谷精草/GujingcaoGujingcao63.jpg,75,谷精草
train/全蝎/Quanxie86.jpg,5,全蝎
train/人参/Renshen117.jpg,3,人参
train/北沙参/BeishashenBeishashenBeishashen28.jpg,7,北沙参
train/五加皮/WujiapiWujiapiWujiapiWujiapi_42.jpg,2,五加皮
train/五加皮/WujiapiWujiapiWujiapiWujiapi_71.jpg,2,五加皮
train/谷芽/GuyaGuya113.jpg,76,谷芽
train/白芍/BaishaoBaishaoBaishaoIMG_20200724_180223.jpg,46,白芍
train/柏子仁/BaizirenBaizirenBaiziren33.jpg,26,柏子仁
train/千年健/Qiannianjian88.jpg,8,千年健
train/自然铜/Zirantong71.jpg,57,自然铜
train/大腹皮/DafupiDafupi105.jpg,12,大腹皮
train/灵芝/Lingzhi80.jpg,38,灵芝
train/莲子/Lianzi110.jpg,69,莲子
train/路路通/Lulutong97.jpg,77,路路通
train/天麻/Tianma49.jpg,14,天麻
train/荜拨/BiboBiboBibo93.jpg,66,荜拨
train/五加皮/WujiapiWujiapiWujiapiWujiapi_14.jpg,2,五加皮
train/橘核/Juhe94.jpg,32,橘核
train/鸡冠花/Jiguanhua101.jpg,87,鸡冠花
train/金灯笼/Jindenglong25.jpg,81,金灯笼
train/瓦楞子/Walengzi62.jpg,39,瓦楞子
train/竹茹/Zhuru29.jpg,53,竹茹
train/藁本/GaobenGaobenGaobenGaoben_26.jpg,73,藁本
train/全蝎/Quanxie83.jpg,5,全蝎
train/羌活/QianghuoQianghuoQianghuoQianghuo_39.jpg,55,羌活
train/太子参/Taizishen89.jpg,15,太子参
train/五加皮/WujiapiWujiapiWujiapiIMG_20200722_165952.jpg,2,五加皮
train/山茱萸/Shanzhuyu49.jpg,19,山茱萸
train/千年健/Qiannianjian23.jpg,8,千年健
train/荆芥穗/Jingjiesui24.jpg,63,荆芥穗
train/石榴皮/Shiliupi103.jpg,50,石榴皮
train/银柴胡/Yinchaihu53.jpg,83,银柴胡
train/莱菔子/Laifuzi8.jpg,68,莱菔子
train/谷精草/GujingcaoGujingcao91.jpg,75,谷精草
train/银柴胡/Yinchaihu92.jpg,83,银柴胡
train/荜澄茄/BichengqieBichengqieBichengqie56.jpg,67,荜澄茄
train/桑螵蛸/Sangpiaoxiao64.jpg,30,桑螵蛸
train/柏子仁/BaizirenBaizirenBaiziren35.jpg,26,柏子仁
train/干姜/GanjiangGanjiang50.jpg,23,干姜
train/稻芽/DaoyaDaoya29.jpg,52,稻芽
train/路路通/Lulutong4.jpg,77,路路通
train/苏木/Sumu82.jpg,61,苏木
train/僵蚕/Jiangcan8.jpg,4,僵蚕
train/浙贝母/ZhebeimuZhebeimuZhebeimuZhebeimu_68.jpg,34,浙贝母
train/柏子仁/BaizirenBaizirenBaiziren32.jpg,26,柏子仁
train/稻芽/DaoyaDaoya59.jpg,52,稻芽
train/僵蚕/Jiangcan45.jpg,4,僵蚕
train/桑螵蛸/Sangpiaoxiao70.jpg,30,桑螵蛸
train/秦皮/Qinpi58.jpg,51,秦皮
train/桑螵蛸/Sangpiaoxiao96.jpg,30,桑螵蛸
train/千年健/Qiannianjian24.jpg,8,千年健
train/安息香/AnxixiangAnxixiangAnxixiang63.jpg,16,安息香
train/肉豆蔻/Roudoukou75.jpg,56,肉豆蔻
train/桑椹/Sangshen63.jpg,29,桑椹
train/草豆蔻/CaodoukouCaodoukouCaodoukou81.jpg,64,草豆蔻
train/天花粉/Tianhuafen0.jpg,13,天花粉
train/金果榄/Jinguolan37.jpg,80,金果榄
train/海螵蛸/HaipiaoxiaoHaipiaoxiao61.jpg,35,海螵蛸
train/黄柏/HuangboHuangboHuangboHuangbo_45.jpg,89,黄柏
train/海螵蛸/HaipiaoxiaoHaipiaoxiao80.jpg,35,海螵蛸
train/羌活/QianghuoQianghuoQianghuoQianghuo_28.jpg,55,羌活
train/黄柏/HuangboHuangboHuangboHuangbo_114.jpg,89,黄柏
train/地龙/DilongDilong47.jpg,11,地龙
train/荆芥穗/Jingjiesui19.jpg,63,荆芥穗
train/金灯笼/Jindenglong76.jpg,81,金灯笼
train/苍术/CangzhuCangzhuCangzhuIMG_20200720_165904.jpg,60,苍术
train/柏子仁/BaizirenBaizirenBaiziren31.jpg,26,柏子仁
train/白蔹/BailianBailianBailian33.jpg,49,白蔹
train/金钱白花蛇/Jinqianbaihuashe89.jpg,82,金钱白花蛇
train/鳖甲/BiejiaBiejiaBiejia81.jpg,85,鳖甲
train/龙眼肉/Longyanrou16.jpg,92,龙眼肉
train/薏苡仁/Yiyiren14.jpg,72,薏苡仁
train/灵芝/Lingzhi45.jpg,38,灵芝
train/川楝子/ChuanlianziChuanlianzi70.jpg,21,川楝子
train/稻芽/DaoyaDaoya51.jpg,52,稻芽
train/白芷/BaizhiBaizhiBaizhiIMG_20200720_173708.jpg,47,白芷
train/槟榔/BinglangBinglangBinglangIMG_20200719_180517.jpg,31,槟榔
train/防风/FangfengFangfengFangfengFangfeng_42.jpg,84,防风
train/黄柏/HuangboHuangboHuangboHuangbo_24.jpg,89,黄柏
train/龙眼肉/Longyanrou53.jpg,92,龙眼肉
train/自然铜/Zirantong70.jpg,57,自然铜
train/番泻叶/FanxieyeFanxieye99.jpg,42,番泻叶
train/合欢皮/HehuanpiHehuanpi104.jpg,9,合欢皮
train/浙贝母/ZhebeimuZhebeimuZhebeimuIMG_20200722_171151.jpg,34,浙贝母
train/荔枝核/Lizhihe76.jpg,65,荔枝核
train/苍术/CangzhuCangzhuCangzhuCangzhu_39.jpg,60,苍术
train/郁金/Yujin104.jpg,78,郁金
train/芦根/Lugen78.jpg,59,芦根
train/芦根/Lugen7.jpg,59,芦根
train/荆芥穗/Jingjiesui30.jpg,63,荆芥穗
train/莱菔子/Laifuzi16.jpg,68,莱菔子
train/冬虫夏草/DongchongxiacaoDongchongxiacao99.jpg,6,冬虫夏草
train/川木香/ChuanmuxiangChuanmuxiang57.jpg,20,川木香
train/沉香/ChenxiangChenxiang32.jpg,33,沉香
train/山慈菇/Shancigu84.jpg,18,山慈菇
train/金灯笼/Jindenglong24.jpg,81,金灯笼
train/木丁香/Mudingxiang60.jpg,24,木丁香
train/黄芪/HuangqiHuangqi44.jpg,91,黄芪
train/千年健/Qiannianjian110.jpg,8,千年健
train/太子参/Taizishen76.jpg,15,太子参
train/桑寄生/SangjishengSangjishengSangjishengSangjisheng_49.jpg,28,桑寄生
train/细辛/XixinXixinXixinIMG_20200720_170929.jpg,54,细辛
train/金灯笼/Jindenglong21.jpg,81,金灯笼
train/郁金/Yujin12.jpg,78,郁金
train/白芍/BaishaoBaishaoBaishaoBaishao_31.jpg,46,白芍
train/薏苡仁/Yiyiren111.jpg,72,薏苡仁
train/自然铜/Zirantong113.jpg,57,自然铜
train/全蝎/Quanxie6.jpg,5,全蝎
train/肉豆蔻/Roudoukou84.jpg,56,肉豆蔻
train/白前/BaiqianBaiqianBaiqian65.jpg,43,白前
train/僵蚕/Jiangcan50.jpg,4,僵蚕
train/人参/Renshen106.jpg,3,人参
train/槟榔/BinglangBinglangBinglangBinglang_52.jpg,31,槟榔
train/酸枣仁/SuanzaorenSuanzaorenSuanzaorenSuanzaoren_25.jpg,79,酸枣仁
train/浙贝母/ZhebeimuZhebeimuZhebeimuZhebeimu_24.jpg,34,浙贝母
train/桂枝/GuizhiGuizhiGuizhiGuizhi_15.jpg,27,桂枝
train/黄芪/HuangqiHuangqi25.jpg,91,黄芪
train/全蝎/Quanxie101.jpg,5,全蝎
train/川楝子/ChuanlianziChuanlianzi40.jpg,21,川楝子
train/秦皮/Qinpi114.jpg,51,秦皮
train/金灯笼/Jindenglong85.jpg,81,金灯笼
train/草豆蔻/CaodoukouCaodoukouCaodoukou91.jpg,64,草豆蔻
train/鳖甲/BiejiaBiejiaBiejia75.jpg,85,鳖甲
train/鸡内金/Jineijin22.jpg,86,鸡内金
train/安息香/AnxixiangAnxixiangAnxixiang91.jpg,16,安息香
train/黄芩/HuangqinHuangqinHuangqinHuangqin_17.jpg,90,黄芩
train/枸杞子/GouqiziGouqizi80.jpg,25,枸杞子
train/藁本/GaobenGaobenGaobenGaoben_24.jpg,73,藁本
train/地龙/DilongDilong34.jpg,11,地龙
train/川楝子/ChuanlianziChuanlianzi22.jpg,21,川楝子
train/莱菔子/Laifuzi83.jpg,68,莱菔子
train/防风/FangfengFangfengFangfengFangfeng_45.jpg,84,防风
train/防风/FangfengFangfengFangfengFangfeng_67.jpg,84,防风
train/太子参/Taizishen63.jpg,15,太子参
train/薏苡仁/Yiyiren61.jpg,72,薏苡仁
train/木丁香/Mudingxiang55.jpg,24,木丁香
train/薏苡仁/Yiyiren72.jpg,72,薏苡仁
train/土荆皮/Tujingpi26.jpg,10,土荆皮
train/芦根/Lugen100.jpg,59,芦根
train/干姜/GanjiangGanjiang82.jpg,23,干姜
train/苦地丁/Kudiding114.jpg,62,苦地丁
train/草豆蔻/CaodoukouCaodoukouCaodoukou87.jpg,64,草豆蔻
train/鸡冠花/Jiguanhua97.jpg,87,鸡冠花
train/白矾/BaifanBaifanBaifan109.jpg,45,白矾
train/桑寄生/SangjishengSangjishengSangjishengSangjisheng_18.jpg,28,桑寄生
train/苦地丁/Kudiding33.jpg,62,苦地丁
train/金果榄/Jinguolan43.jpg,80,金果榄
train/土荆皮/Tujingpi29.jpg,10,土荆皮
train/沉香/ChenxiangChenxiang44.jpg,33,沉香
train/土荆皮/Tujingpi96.jpg,10,土荆皮
train/莲子心/Lianzixin100.jpg,70,莲子心
train/蜂房/FengfangFengfang55.jpg,74,蜂房
train/川楝子/ChuanlianziChuanlianzi108.jpg,21,川楝子
train/龙眼肉/Longyanrou101.jpg,92,龙眼肉
train/甘草/GancaoGancaoGancaoGancao_73.jpg,41,甘草
train/芦根/Lugen39.jpg,59,芦根
train/自然铜/Zirantong96.jpg,57,自然铜
train/秦皮/Qinpi4.jpg,51,秦皮
train/九香虫/Jiuxiangchong110.jpg,1,九香虫
train/沉香/ChenxiangChenxiang53.jpg,33,沉香
train/荜澄茄/BichengqieBichengqieBichengqie54.jpg,67,荜澄茄
train/路路通/Lulutong79.jpg,77,路路通
train/肉豆蔻/Roudoukou16.jpg,56,肉豆蔻
train/荜澄茄/BichengqieBichengqieBichengqie64.jpg,67,荜澄茄
train/海螵蛸/HaipiaoxiaoHaipiaoxiao71.jpg,35,海螵蛸
train/郁金/Yujin3.jpg,78,郁金
train/桑椹/Sangshen37.jpg,29,桑椹
train/草豆蔻/CaodoukouCaodoukouCaodoukou50.jpg,64,草豆蔻
train/川楝子/ChuanlianziChuanlianzi62.jpg,21,川楝子
train/谷芽/GuyaGuya108.jpg,76,谷芽
train/山奈/Shannai55.jpg,17,山奈
train/合欢皮/HehuanpiHehuanpi53.jpg,9,合欢皮
train/莲子心/Lianzixin5.jpg,70,莲子心
train/莲子心/Lianzixin10.jpg,70,莲子心
train/僵蚕/Jiangcan21.jpg,4,僵蚕
train/石榴皮/Shiliupi56.jpg,50,石榴皮
train/莲子/Lianzi32.jpg,69,莲子
train/白茅根/BaimaogenBaimaogenBaimaogen32.jpg,48,白茅根
train/桑椹/Sangshen75.jpg,29,桑椹
train/甘松/GansongGansong33.jpg,40,甘松
train/木丁香/Mudingxiang27.jpg,24,木丁香
train/谷精草/GujingcaoGujingcao119.jpg,75,谷精草
train/谷芽/GuyaGuya59.jpg,76,谷芽
train/谷芽/GuyaGuya112.jpg,76,谷芽
train/大腹皮/DafupiDafupi39.jpg,12,大腹皮
train/黄柏/HuangboHuangboHuangboHuangbo_32.jpg,89,黄柏
train/竹茹/Zhuru110.jpg,53,竹茹
train/莲房/Lianfang114.jpg,71,莲房
train/荜拨/BiboBiboBibo42.jpg,66,荜拨
train/山奈/Shannai4.jpg,17,山奈
train/干姜/GanjiangGanjiang34.jpg,23,干姜
train/太子参/Taizishen65.jpg,15,太子参
train/天麻/Tianma80.jpg,14,天麻
train/白蔹/BailianBailianBailian23.jpg,49,白蔹
train/安息香/AnxixiangAnxixiangAnxixiang31.jpg,16,安息香
train/麦冬/Maidong109.jpg,88,麦冬
train/木丁香/Mudingxiang20.jpg,24,木丁香
train/大腹皮/DafupiDafupi67.jpg,12,大腹皮
train/槟榔/BinglangBinglangBinglangBinglang_10.jpg,31,槟榔
train/莲房/Lianfang66.jpg,71,莲房
train/莲子/Lianzi67.jpg,69,莲子
train/桂枝/GuizhiGuizhiGuizhiGuizhi_117.jpg,27,桂枝
train/黄芪/HuangqiHuangqi82.jpg,91,黄芪
train/天麻/Tianma45.jpg,14,天麻
train/荜澄茄/BichengqieBichengqieBichengqie52.jpg,67,荜澄茄
train/冬虫夏草/DongchongxiacaoDongchongxiacao55.jpg,6,冬虫夏草
train/全蝎/Quanxie114.jpg,5,全蝎
train/芥子/Jiezi102.jpg,58,芥子
train/人参/Renshen21.jpg,3,人参
train/全蝎/Quanxie91.jpg,5,全蝎
train/酸枣仁/SuanzaorenSuanzaorenSuanzaorenSuanzaoren_15.jpg,79,酸枣仁
train/芦根/Lugen110.jpg,59,芦根
train/瓦楞子/Walengzi68.jpg,39,瓦楞子
train/土荆皮/Tujingpi22.jpg,10,土荆皮
train/天麻/Tianma106.jpg,14,天麻
train/秦皮/Qinpi17.jpg,51,秦皮
train/谷芽/GuyaGuya32.jpg,76,谷芽
train/苍术/CangzhuCangzhuCangzhuCangzhu_55.jpg,60,苍术
train/川木香/ChuanmuxiangChuanmuxiang65.jpg,20,川木香
train/山茱萸/Shanzhuyu13.jpg,19,山茱萸
train/白芍/BaishaoBaishaoBaishaoBaishao_18.jpg,46,白芍
train/鸡冠花/Jiguanhua34.jpg,87,鸡冠花
train/黄柏/HuangboHuangboHuangboIMG_20200724_175619.jpg,89,黄柏
train/蜂房/FengfangFengfang49.jpg,74,蜂房
train/合欢皮/HehuanpiHehuanpi64.jpg,9,合欢皮
train/山茱萸/Shanzhuyu60.jpg,19,山茱萸
train/瓦楞子/Walengzi20.jpg,39,瓦楞子
train/藁本/GaobenGaobenGaobenGaoben_16.jpg,73,藁本
train/白矾/BaifanBaifanBaifan93.jpg,45,白矾
train/僵蚕/Jiangcan115.jpg,4,僵蚕
train/莱菔子/Laifuzi107.jpg,68,莱菔子
train/黄柏/HuangboHuangboHuangboIMG_20200724_175618.jpg,89,黄柏
train/番泻叶/FanxieyeFanxieye25.jpg,42,番泻叶
train/土荆皮/Tujingpi75.jpg,10,土荆皮
train/麦冬/Maidong72.jpg,88,麦冬
train/苍术/CangzhuCangzhuCangzhuCangzhu_2.jpg,60,苍术
train/槟榔/BinglangBinglangBinglangIMG_20200719_180543.jpg,31,槟榔
train/番泻叶/FanxieyeFanxieye87.jpg,42,番泻叶
train/苏木/Sumu7.jpg,61,苏木
train/荆芥穗/Jingjiesui81.jpg,63,荆芥穗
train/太子参/Taizishen21.jpg,15,太子参
train/丝瓜络/Sigualuo79.jpg,0,丝瓜络
train/木丁香/Mudingxiang83.jpg,24,木丁香
train/黄芩/HuangqinHuangqinHuangqinHuangqin_78.jpg,90,黄芩
train/防风/FangfengFangfengFangfengFangfeng_71.jpg,84,防风
train/郁金/Yujin27.jpg,78,郁金
train/自然铜/Zirantong103.jpg,57,自然铜
train/川牛膝/ChuanniuxiChuanniuxi54.jpg,22,川牛膝
train/人参/Renshen13.jpg,3,人参
train/番泻叶/FanxieyeFanxieye54.jpg,42,番泻叶
train/全蝎/Quanxie49.jpg,5,全蝎
train/全蝎/Quanxie43.jpg,5,全蝎
train/鸡内金/Jineijin40.jpg,86,鸡内金
train/瓦楞子/Walengzi45.jpg,39,瓦楞子
train/丝瓜络/Sigualuo102.jpg,0,丝瓜络
train/苏木/Sumu35.jpg,61,苏木
train/土荆皮/Tujingpi103.jpg,10,土荆皮
train/川牛膝/ChuanniuxiChuanniuxi113.jpg,22,川牛膝
train/藁本/GaobenGaobenGaobenGaoben_18.jpg,73,藁本
train/九香虫/Jiuxiangchong47.jpg,1,九香虫
train/山茱萸/Shanzhuyu6.jpg,19,山茱萸
train/甘草/GancaoGancaoGancaoGancao_85.jpg,41,甘草
train/莱菔子/Laifuzi84.jpg,68,莱菔子
train/路路通/Lulutong50.jpg,77,路路通
train/橘核/Juhe22.jpg,32,橘核
train/郁金/Yujin67.jpg,78,郁金
train/苍术/CangzhuCangzhuCangzhuCangzhu_18.jpg,60,苍术
train/苦地丁/Kudiding3.jpg,62,苦地丁
train/沉香/ChenxiangChenxiang92.jpg,33,沉香
train/芦根/Lugen54.jpg,59,芦根
train/湖北贝母/Hubeibeimu55.jpg,37,湖北贝母
train/橘核/Juhe107.jpg,32,橘核
train/大腹皮/DafupiDafupi24.jpg,12,大腹皮
train/千年健/Qiannianjian38.jpg,8,千年健
train/荆芥穗/Jingjiesui73.jpg,63,荆芥穗
train/木丁香/Mudingxiang2.jpg,24,木丁香
train/沉香/ChenxiangChenxiang21.jpg,33,沉香
train/石榴皮/Shiliupi30.jpg,50,石榴皮
train/芦根/Lugen29.jpg,59,芦根
train/瓦楞子/Walengzi95.jpg,39,瓦楞子
train/甘松/GansongGansong99.jpg,40,甘松
train/羌活/QianghuoQianghuoQianghuoQianghuo_37.jpg,55,羌活
train/自然铜/Zirantong33.jpg,57,自然铜
train/大腹皮/DafupiDafupi59.jpg,12,大腹皮
train/谷精草/GujingcaoGujingcao97.jpg,75,谷精草
train/桑螵蛸/Sangpiaoxiao72.jpg,30,桑螵蛸
train/甘草/GancaoGancaoGancaoGancao_54.jpg,41,甘草
train/橘核/Juhe60.jpg,32,橘核
train/山茱萸/Shanzhuyu77.jpg,19,山茱萸
train/土荆皮/Tujingpi94.jpg,10,土荆皮
train/荜澄茄/BichengqieBichengqieBichengqie71.jpg,67,荜澄茄
train/白扁豆/BaibiandouBaibiandouBaibiandou46.jpg,44,白扁豆
train/甘松/GansongGansong36.jpg,40,甘松
train/丝瓜络/Sigualuo94.jpg,0,丝瓜络
train/路路通/Lulutong70.jpg,77,路路通
train/山茱萸/Shanzhuyu91.jpg,19,山茱萸
train/木丁香/Mudingxiang76.jpg,24,木丁香
train/枸杞子/GouqiziGouqizi85.jpg,25,枸杞子
train/九香虫/Jiuxiangchong42.jpg,1,九香虫
train/湖北贝母/Hubeibeimu95.jpg,37,湖北贝母
train/北沙参/BeishashenBeishashenBeishashen68.jpg,7,北沙参
train/白芍/BaishaoBaishaoBaishaoBaishao_77.jpg,46,白芍
train/鸡冠花/Jiguanhua56.jpg,87,鸡冠花
train/白矾/BaifanBaifanBaifan79.jpg,45,白矾
train/灵芝/Lingzhi50.jpg,38,灵芝
train/海螵蛸/HaipiaoxiaoHaipiaoxiao106.jpg,35,海螵蛸
train/苍术/CangzhuCangzhuCangzhuIMG_20200720_165855.jpg,60,苍术
train/苏木/Sumu59.jpg,61,苏木
train/北沙参/BeishashenBeishashenBeishashen32.jpg,7,北沙参
train/草豆蔻/CaodoukouCaodoukouCaodoukou59.jpg,64,草豆蔻
train/人参/Renshen5.jpg,3,人参
train/芥子/Jiezi3.jpg,58,芥子
train/灵芝/Lingzhi106.jpg,38,灵芝
train/干姜/GanjiangGanjiang44.jpg,23,干姜
train/川楝子/ChuanlianziChuanlianzi78.jpg,21,川楝子
train/黄芩/HuangqinHuangqinHuangqinIMG_20200724_175132.jpg,90,黄芩
train/莲房/Lianfang29.jpg,71,莲房
train/橘核/Juhe106.jpg,32,橘核
train/银柴胡/Yinchaihu97.jpg,83,银柴胡
train/川楝子/ChuanlianziChuanlianzi114.jpg,21,川楝子
train/沉香/ChenxiangChenxiang62.jpg,33,沉香
train/川木香/ChuanmuxiangChuanmuxiang33.jpg,20,川木香
train/干姜/GanjiangGanjiang48.jpg,23,干姜
train/槟榔/BinglangBinglangBinglangBinglang_17.jpg,31,槟榔
train/川木香/ChuanmuxiangChuanmuxiang71.jpg,20,川木香
train/灵芝/Lingzhi91.jpg,38,灵芝
train/苍术/CangzhuCangzhuCangzhuIMG_20200720_165857.jpg,60,苍术
train/人参/Renshen97.jpg,3,人参
train/浙贝母/ZhebeimuZhebeimuZhebeimuZhebeimu_48.jpg,34,浙贝母
train/芦根/Lugen0.jpg,59,芦根
train/黄柏/HuangboHuangboHuangboHuangbo_41.jpg,89,黄柏
train/白芷/BaizhiBaizhiBaizhiBaizhi_49.jpg,47,白芷
train/鸡内金/Jineijin32.jpg,86,鸡内金
train/柏子仁/BaizirenBaizirenBaiziren114.jpg,26,柏子仁
train/大腹皮/DafupiDafupi71.jpg,12,大腹皮
train/桑寄生/SangjishengSangjishengSangjishengSangjisheng_14.jpg,28,桑寄生
train/龙眼肉/Longyanrou47.jpg,92,龙眼肉
train/秦皮/Qinpi65.jpg,51,秦皮
train/藁本/GaobenGaobenGaobenGaoben_44.jpg,73,藁本
train/白芷/BaizhiBaizhiBaizhiIMG_20200720_173750.jpg,47,白芷
train/白茅根/BaimaogenBaimaogenBaimaogen85.jpg,48,白茅根
train/石榴皮/Shiliupi0.jpg,50,石榴皮
train/木丁香/Mudingxiang101.jpg,24,木丁香
train/芦根/Lugen28.jpg,59,芦根
train/肉豆蔻/Roudoukou19.jpg,56,肉豆蔻
train/芥子/Jiezi58.jpg,58,芥子
train/九香虫/Jiuxiangchong71.jpg,1,九香虫
train/冬虫夏草/DongchongxiacaoDongchongxiacao67.jpg,6,冬虫夏草
train/白茅根/BaimaogenBaimaogenBaimaogen71.jpg,48,白茅根
train/合欢皮/HehuanpiHehuanpi81.jpg,9,合欢皮
train/苍术/CangzhuCangzhuCangzhuCangzhu_7.jpg,60,苍术
train/安息香/AnxixiangAnxixiangAnxixiang79.jpg,16,安息香
train/苦地丁/Kudiding98.jpg,62,苦地丁
train/荜拨/BiboBiboBibo66.jpg,66,荜拨
train/安息香/AnxixiangAnxixiangAnxixiang26.jpg,16,安息香
train/羌活/QianghuoQianghuoQianghuoQianghuo_24.jpg,55,羌活
train/苍术/CangzhuCangzhuCangzhuCangzhu_0.jpg,60,苍术
train/黄芪/HuangqiHuangqi115.jpg,91,黄芪
train/白茅根/BaimaogenBaimaogenBaimaogen72.jpg,48,白茅根
train/九香虫/Jiuxiangchong17.jpg,1,九香虫
train/川楝子/ChuanlianziChuanlianzi95.jpg,21,川楝子
train/鸡内金/Jineijin88.jpg,86,鸡内金
train/莲子/Lianzi119.jpg,69,莲子
train/北沙参/BeishashenBeishashenBeishashen83.jpg,7,北沙参
train/白芷/BaizhiBaizhiBaizhiIMG_20200720_173745.jpg,47,白芷
train/桂枝/GuizhiGuizhiGuizhiIMG_20200719_174708.jpg,27,桂枝
train/大腹皮/DafupiDafupi62.jpg,12,大腹皮
train/防风/FangfengFangfengFangfengFangfeng_55.jpg,84,防风
train/太子参/Taizishen117.jpg,15,太子参
train/郁金/Yujin84.jpg,78,郁金
train/羌活/QianghuoQianghuoQianghuoIMG_20200719_173024.jpg,55,羌活
train/天花粉/Tianhuafen54.jpg,13,天花粉
train/九香虫/Jiuxiangchong2.jpg,1,九香虫
train/苦地丁/Kudiding20.jpg,62,苦地丁
train/川楝子/ChuanlianziChuanlianzi72.jpg,21,川楝子
train/湖北贝母/Hubeibeimu64.jpg,37,湖北贝母
train/僵蚕/Jiangcan60.jpg,4,僵蚕
train/九香虫/Jiuxiangchong92.jpg,1,九香虫
train/银柴胡/Yinchaihu35.jpg,83,银柴胡
train/薏苡仁/Yiyiren43.jpg,72,薏苡仁
train/桑寄生/SangjishengSangjishengSangjishengIMG_20200724_180452.jpg,28,桑寄生
train/莲子/Lianzi26.jpg,69,莲子
train/芥子/Jiezi79.jpg,58,芥子
train/川木香/ChuanmuxiangChuanmuxiang92.jpg,20,川木香
train/白芍/BaishaoBaishaoBaishaoBaishao_52.jpg,46,白芍
train/干姜/GanjiangGanjiang28.jpg,23,干姜
train/谷芽/GuyaGuya77.jpg,76,谷芽
train/木丁香/Mudingxiang4.jpg,24,木丁香
train/白前/BaiqianBaiqianBaiqian46.jpg,43,白前
train/沉香/ChenxiangChenxiang93.jpg,33,沉香
train/苍术/CangzhuCangzhuCangzhuIMG_20200720_165744.jpg,60,苍术
train/橘核/Juhe25.jpg,32,橘核
train/金钱白花蛇/Jinqianbaihuashe92.jpg,82,金钱白花蛇
train/干姜/GanjiangGanjiang58.jpg,23,干姜
train/天麻/Tianma108.jpg,14,天麻
train/郁金/Yujin18.jpg,78,郁金
train/沉香/ChenxiangChenxiang81.jpg,33,沉香
train/荜澄茄/BichengqieBichengqieBichengqie83.jpg,67,荜澄茄
train/金灯笼/Jindenglong13.jpg,81,金灯笼
train/龙眼肉/Longyanrou7.jpg,92,龙眼肉
train/全蝎/Quanxie90.jpg,5,全蝎
train/谷芽/GuyaGuya40.jpg,76,谷芽
train/自然铜/Zirantong58.jpg,57,自然铜
train/冬虫夏草/DongchongxiacaoDongchongxiacao107.jpg,6,冬虫夏草
train/瓦楞子/Walengzi73.jpg,39,瓦楞子
train/桑椹/Sangshen113.jpg,29,桑椹
train/羌活/QianghuoQianghuoQianghuoQianghuo_130.jpg,55,羌活
train/肉豆蔻/Roudoukou63.jpg,56,肉豆蔻
train/苏木/Sumu16.jpg,61,苏木
train/甘草/GancaoGancaoGancaoGancao_47.jpg,41,甘草
train/浙贝母/ZhebeimuZhebeimuZhebeimuZhebeimu_11.jpg,34,浙贝母
train/黄柏/HuangboHuangboHuangboHuangbo_62.jpg,89,黄柏
train/薏苡仁/Yiyiren56.jpg,72,薏苡仁
train/白蔹/BailianBailianBailian51.jpg,49,白蔹
train/桑寄生/SangjishengSangjishengSangjishengIMG_20200724_180450.jpg,28,桑寄生
train/秦皮/Qinpi49.jpg,51,秦皮
train/细辛/XixinXixinXixinXixin_65.jpg,54,细辛
train/郁金/Yujin62.jpg,78,郁金
train/芥子/Jiezi117.jpg,58,芥子
train/黄柏/HuangboHuangboHuangboIMG_20200724_175609_1.jpg,89,黄柏
train/桑寄生/SangjishengSangjishengSangjishengSangjisheng_32.jpg,28,桑寄生
train/细辛/XixinXixinXixinXixin_21.jpg,54,细辛
train/山慈菇/Shancigu46.jpg,18,山慈菇
train/山茱萸/Shanzhuyu22.jpg,19,山茱萸
train/山茱萸/Shanzhuyu8.jpg,19,山茱萸
train/荔枝核/Lizhihe60.jpg,65,荔枝核
train/沉香/ChenxiangChenxiang57.jpg,33,沉香
train/竹茹/Zhuru32.jpg,53,竹茹
train/僵蚕/Jiangcan30.jpg,4,僵蚕
train/荆芥穗/Jingjiesui99.jpg,63,荆芥穗
train/番泻叶/FanxieyeFanxieye58.jpg,42,番泻叶
train/干姜/GanjiangGanjiang75.jpg,23,干姜
train/白蔹/BailianBailianBailian117.jpg,49,白蔹
train/鸡冠花/Jiguanhua66.jpg,87,鸡冠花
train/谷芽/GuyaGuya84.jpg,76,谷芽
train/谷芽/GuyaGuya36.jpg,76,谷芽
train/苍术/CangzhuCangzhuCangzhuIMG_20200720_165834.jpg,60,苍术
train/人参/Renshen7.jpg,3,人参
train/苏木/Sumu40.jpg,61,苏木
train/橘核/Juhe62.jpg,32,橘核
train/白芍/BaishaoBaishaoBaishaoBaishao_25.jpg,46,白芍
train/天花粉/Tianhuafen105.jpg,13,天花粉
train/荜拨/BiboBiboBibo49.jpg,66,荜拨
train/自然铜/Zirantong105.jpg,57,自然铜
train/山慈菇/Shancigu117.jpg,18,山慈菇
train/甘松/GansongGansong31.jpg,40,甘松
train/浙贝母/ZhebeimuZhebeimuZhebeimuZhebeimu_58.jpg,34,浙贝母
train/肉豆蔻/Roudoukou39.jpg,56,肉豆蔻
train/川牛膝/ChuanniuxiChuanniuxi22.jpg,22,川牛膝
train/龙眼肉/Longyanrou40.jpg,92,龙眼肉
train/麦冬/Maidong93.jpg,88,麦冬
train/竹茹/Zhuru105.jpg,53,竹茹
train/酸枣仁/SuanzaorenSuanzaorenSuanzaorenSuanzaoren_21.jpg,79,酸枣仁
train/橘核/Juhe88.jpg,32,橘核
train/防风/FangfengFangfengFangfengFangfeng_19.jpg,84,防风
train/芦根/Lugen19.jpg,59,芦根
train/桑寄生/SangjishengSangjishengSangjishengSangjisheng_38.jpg,28,桑寄生
train/天麻/Tianma64.jpg,14,天麻
train/白茅根/BaimaogenBaimaogenBaimaogen33.jpg,48,白茅根
train/细辛/XixinXixinXixinXixin_20.jpg,54,细辛
train/金果榄/Jinguolan108.jpg,80,金果榄
train/安息香/AnxixiangAnxixiangAnxixiang99.jpg,16,安息香
train/荔枝核/Lizhihe68.jpg,65,荔枝核
train/干姜/GanjiangGanjiang99.jpg,23,干姜
train/白扁豆/BaibiandouBaibiandouBaibiandou27.jpg,44,白扁豆
train/安息香/AnxixiangAnxixiangAnxixiang24.jpg,16,安息香
train/瓦楞子/Walengzi43.jpg,39,瓦楞子
train/番泻叶/FanxieyeFanxieye71.jpg,42,番泻叶
train/郁金/Yujin91.jpg,78,郁金
train/川楝子/ChuanlianziChuanlianzi85.jpg,21,川楝子
train/淡豆豉/DandouchiDandouchi67.jpg,36,淡豆豉
train/金灯笼/Jindenglong58.jpg,81,金灯笼
train/桂枝/GuizhiGuizhiGuizhiGuizhi_39.jpg,27,桂枝
train/黄芪/HuangqiHuangqi81.jpg,91,黄芪
train/川牛膝/ChuanniuxiChuanniuxi88.jpg,22,川牛膝
train/莲子心/Lianzixin11.jpg,70,莲子心
train/山慈菇/Shancigu82.jpg,18,山慈菇
train/金钱白花蛇/Jinqianbaihuashe61.jpg,82,金钱白花蛇
train/僵蚕/Jiangcan19.jpg,4,僵蚕
train/金果榄/Jinguolan71.jpg,80,金果榄
train/薏苡仁/Yiyiren30.jpg,72,薏苡仁
train/柏子仁/BaizirenBaizirenBaiziren82.jpg,26,柏子仁
train/川牛膝/ChuanniuxiChuanniuxi77.jpg,22,川牛膝
train/苦地丁/Kudiding113.jpg,62,苦地丁
train/大腹皮/DafupiDafupi37.jpg,12,大腹皮
train/草豆蔻/CaodoukouCaodoukouCaodoukou43.jpg,64,草豆蔻
train/冬虫夏草/DongchongxiacaoDongchongxiacao82.jpg,6,冬虫夏草
train/龙眼肉/Longyanrou9.jpg,92,龙眼肉
train/莱菔子/Laifuzi71.jpg,68,莱菔子
train/鸡内金/Jineijin2.jpg,86,鸡内金
train/川牛膝/ChuanniuxiChuanniuxi110.jpg,22,川牛膝
train/大腹皮/DafupiDafupi84.jpg,12,大腹皮
train/银柴胡/Yinchaihu36.jpg,83,银柴胡
train/金果榄/Jinguolan59.jpg,80,金果榄
train/灵芝/Lingzhi37.jpg,38,灵芝
train/薏苡仁/Yiyiren68.jpg,72,薏苡仁
train/番泻叶/FanxieyeFanxieye86.jpg,42,番泻叶
train/甘草/GancaoGancaoGancaoIMG_20200719_172703.jpg,41,甘草
train/淡豆豉/DandouchiDandouchi37.jpg,36,淡豆豉
train/安息香/AnxixiangAnxixiangAnxixiang45.jpg,16,安息香
train/木丁香/Mudingxiang47.jpg,24,木丁香
train/鳖甲/BiejiaBiejiaBiejia78.jpg,85,鳖甲
train/白芍/BaishaoBaishaoBaishaoIMG_20200724_180245.jpg,46,白芍
train/土荆皮/Tujingpi87.jpg,10,土荆皮
train/黄芩/HuangqinHuangqinHuangqinHuangqin_60.jpg,90,黄芩
train/白芍/BaishaoBaishaoBaishaoBaishao_8.jpg,46,白芍
train/山奈/Shannai12.jpg,17,山奈
train/千年健/Qiannianjian29.jpg,8,千年健
train/大腹皮/DafupiDafupi69.jpg,12,大腹皮
train/白蔹/BailianBailianBailian53.jpg,49,白蔹
train/山奈/Shannai59.jpg,17,山奈
train/苏木/Sumu47.jpg,61,苏木
train/羌活/QianghuoQianghuoQianghuoQianghuo_22.jpg,55,羌活
train/桑寄生/SangjishengSangjishengSangjishengSangjisheng_58.jpg,28,桑寄生
train/肉豆蔻/Roudoukou55.jpg,56,肉豆蔻
train/川牛膝/ChuanniuxiChuanniuxi47.jpg,22,川牛膝
train/芥子/Jiezi71.jpg,58,芥子
train/路路通/Lulutong99.jpg,77,路路通
train/荜澄茄/BichengqieBichengqieBichengqie118.jpg,67,荜澄茄
train/冬虫夏草/DongchongxiacaoDongchongxiacao33.jpg,6,冬虫夏草
train/灵芝/Lingzhi84.jpg,38,灵芝
train/橘核/Juhe71.jpg,32,橘核
train/黄芩/HuangqinHuangqinHuangqinHuangqin_21.jpg,90,黄芩
train/肉豆蔻/Roudoukou98.jpg,56,肉豆蔻
train/枸杞子/GouqiziGouqizi52.jpg,25,枸杞子
train/荆芥穗/Jingjiesui66.jpg,63,荆芥穗
train/龙眼肉/Longyanrou11.jpg,92,龙眼肉
train/川木香/ChuanmuxiangChuanmuxiang80.jpg,20,川木香
train/山奈/Shannai11.jpg,17,山奈
train/苏木/Sumu83.jpg,61,苏木
train/金灯笼/Jindenglong114.jpg,81,金灯笼
train/苍术/CangzhuCangzhuCangzhuIMG_20200720_165929.jpg,60,苍术
train/石榴皮/Shiliupi95.jpg,50,石榴皮
train/鸡内金/Jineijin52.jpg,86,鸡内金
train/安息香/AnxixiangAnxixiangAnxixiang111.jpg,16,安息香
train/槟榔/BinglangBinglangBinglangIMG_20200719_180556.jpg,31,槟榔
train/荔枝核/Lizhihe6.jpg,65,荔枝核
train/防风/FangfengFangfengFangfengFangfeng_62.jpg,84,防风
train/安息香/AnxixiangAnxixiangAnxixiang60.jpg,16,安息香
train/枸杞子/GouqiziGouqizi107.jpg,25,枸杞子
train/北沙参/BeishashenBeishashenBeishashen23.jpg,7,北沙参
train/羌活/QianghuoQianghuoQianghuoIMG_20200719_173014_1.jpg,55,羌活
train/蜂房/FengfangFengfang26.jpg,74,蜂房
train/金果榄/Jinguolan55.jpg,80,金果榄
train/甘草/GancaoGancaoGancaoGancao_13.jpg,41,甘草
train/天麻/Tianma40.jpg,14,天麻
train/山慈菇/Shancigu88.jpg,18,山慈菇
train/淡豆豉/DandouchiDandouchi55.jpg,36,淡豆豉
train/枸杞子/GouqiziGouqizi88.jpg,25,枸杞子
train/羌活/QianghuoQianghuoQianghuoQianghuo_15.jpg,55,羌活
train/秦皮/Qinpi55.jpg,51,秦皮
train/山慈菇/Shancigu38.jpg,18,山慈菇
train/湖北贝母/Hubeibeimu0.jpg,37,湖北贝母
train/秦皮/Qinpi47.jpg,51,秦皮
train/干姜/GanjiangGanjiang96.jpg,23,干姜
train/甘松/GansongGansong91.jpg,40,甘松
train/灵芝/Lingzhi85.jpg,38,灵芝
train/秦皮/Qinpi118.jpg,51,秦皮
train/金灯笼/Jindenglong71.jpg,81,金灯笼
train/槟榔/BinglangBinglangBinglangBinglang_25.jpg,31,槟榔
train/海螵蛸/HaipiaoxiaoHaipiaoxiao26.jpg,35,海螵蛸
train/北沙参/BeishashenBeishashenBeishashen41.jpg,7,北沙参
train/甘草/GancaoGancaoGancaoGancao_18.jpg,41,甘草
train/荜拨/BiboBiboBibo105.jpg,66,荜拨
train/鸡冠花/Jiguanhua33.jpg,87,鸡冠花
train/木丁香/Mudingxiang6.jpg,24,木丁香
train/桑椹/Sangshen26.jpg,29,桑椹
train/酸枣仁/SuanzaorenSuanzaorenSuanzaorenSuanzaoren_28.jpg,79,酸枣仁
train/羌活/QianghuoQianghuoQianghuoIMG_20200719_173013.jpg,55,羌活
train/莲房/Lianfang85.jpg,71,莲房
train/柏子仁/BaizirenBaizirenBaiziren54.jpg,26,柏子仁
train/谷芽/GuyaGuya70.jpg,76,谷芽
train/肉豆蔻/Roudoukou51.jpg,56,肉豆蔻
train/芥子/Jiezi113.jpg,58,芥子
train/槟榔/BinglangBinglangBinglangBinglang_69.jpg,31,槟榔
train/羌活/QianghuoQianghuoQianghuoIMG_20200719_173051.jpg,55,羌活
train/桂枝/GuizhiGuizhiGuizhiGuizhi_55.jpg,27,桂枝
train/肉豆蔻/Roudoukou0.jpg,56,肉豆蔻
train/安息香/AnxixiangAnxixiangAnxixiang34.jpg,16,安息香
train/川牛膝/ChuanniuxiChuanniuxi36.jpg,22,川牛膝
train/冬虫夏草/DongchongxiacaoDongchongxiacao26.jpg,6,冬虫夏草
train/天花粉/Tianhuafen11.jpg,13,天花粉
train/川牛膝/ChuanniuxiChuanniuxi99.jpg,22,川牛膝
train/黄柏/HuangboHuangboHuangboIMG_20200724_175602.jpg,89,黄柏
train/桑寄生/SangjishengSangjishengSangjishengSangjisheng_19.jpg,28,桑寄生
train/秦皮/Qinpi61.jpg,51,秦皮
train/芥子/Jiezi35.jpg,58,芥子
train/九香虫/Jiuxiangchong15.jpg,1,九香虫
train/地龙/DilongDilong53.jpg,11,地龙
train/莲子/Lianzi12.jpg,69,莲子
train/酸枣仁/SuanzaorenSuanzaorenSuanzaorenSuanzaoren_39.jpg,79,酸枣仁
train/草豆蔻/CaodoukouCaodoukouCaodoukou80.jpg,64,草豆蔻
train/沉香/ChenxiangChenxiang76.jpg,33,沉香
train/湖北贝母/Hubeibeimu34.jpg,37,湖北贝母
train/黄芪/HuangqiHuangqi83.jpg,91,黄芪
train/桑螵蛸/Sangpiaoxiao71.jpg,30,桑螵蛸
train/桂枝/GuizhiGuizhiGuizhiGuizhi_17.jpg,27,桂枝
train/丝瓜络/Sigualuo71.jpg,0,丝瓜络
train/冬虫夏草/DongchongxiacaoDongchongxiacao70.jpg,6,冬虫夏草
train/冬虫夏草/DongchongxiacaoDongchongxiacao64.jpg,6,冬虫夏草
train/莲子/Lianzi21.jpg,69,莲子
train/人参/Renshen53.jpg,3,人参
train/地龙/DilongDilong28.jpg,11,地龙
train/白芷/BaizhiBaizhiBaizhiBaizhi_34.jpg,47,白芷
train/桑螵蛸/Sangpiaoxiao34.jpg,30,桑螵蛸
train/白蔹/BailianBailianBailian73.jpg,49,白蔹
train/九香虫/Jiuxiangchong21.jpg,1,九香虫
train/浙贝母/ZhebeimuZhebeimuZhebeimuZhebeimu_33.jpg,34,浙贝母
train/苍术/CangzhuCangzhuCangzhuCangzhu_44.jpg,60,苍术
train/荜拨/BiboBiboBibo95.jpg,66,荜拨
train/湖北贝母/Hubeibeimu97.jpg,37,湖北贝母
train/橘核/Juhe15.jpg,32,橘核
train/灵芝/Lingzhi68.jpg,38,灵芝
train/柏子仁/BaizirenBaizirenBaiziren62.jpg,26,柏子仁
train/浙贝母/ZhebeimuZhebeimuZhebeimuZhebeimu_83.jpg,34,浙贝母
train/鳖甲/BiejiaBiejiaBiejia41.jpg,85,鳖甲
train/川牛膝/ChuanniuxiChuanniuxi49.jpg,22,川牛膝
train/冬虫夏草/DongchongxiacaoDongchongxiacao59.jpg,6,冬虫夏草
train/黄柏/HuangboHuangboHuangboIMG_20200724_175624.jpg,89,黄柏
train/灵芝/Lingzhi25.jpg,38,灵芝
train/稻芽/DaoyaDaoya115.jpg,52,稻芽
train/金钱白花蛇/Jinqianbaihuashe86.jpg,82,金钱白花蛇
train/番泻叶/FanxieyeFanxieye66.jpg,42,番泻叶
train/桑椹/Sangshen28.jpg,29,桑椹
train/白茅根/BaimaogenBaimaogenBaimaogen82.jpg,48,白茅根
train/瓦楞子/Walengzi99.jpg,39,瓦楞子
train/北沙参/BeishashenBeishashenBeishashen26.jpg,7,北沙参
train/川楝子/ChuanlianziChuanlianzi35.jpg,21,川楝子
train/竹茹/Zhuru99.jpg,53,竹茹
train/秦皮/Qinpi104.jpg,51,秦皮
train/鸡冠花/Jiguanhua28.jpg,87,鸡冠花
train/橘核/Juhe48.jpg,32,橘核
train/薏苡仁/Yiyiren57.jpg,72,薏苡仁
train/人参/Renshen62.jpg,3,人参
train/苍术/CangzhuCangzhuCangzhuCangzhu_16.jpg,60,苍术
train/木丁香/Mudingxiang68.jpg,24,木丁香
train/芦根/Lugen76.jpg,59,芦根
train/白扁豆/BaibiandouBaibiandouBaibiandou66.jpg,44,白扁豆
train/金钱白花蛇/Jinqianbaihuashe50.jpg,82,金钱白花蛇
train/竹茹/Zhuru54.jpg,53,竹茹
train/肉豆蔻/Roudoukou32.jpg,56,肉豆蔻
train/桑椹/Sangshen4.jpg,29,桑椹
train/冬虫夏草/DongchongxiacaoDongchongxiacao65.jpg,6,冬虫夏草
train/冬虫夏草/DongchongxiacaoDongchongxiacao52.jpg,6,冬虫夏草
train/莲子/Lianzi3.jpg,69,莲子
train/川牛膝/ChuanniuxiChuanniuxi67.jpg,22,川牛膝
train/木丁香/Mudingxiang14.jpg,24,木丁香
train/自然铜/Zirantong57.jpg,57,自然铜
train/秦皮/Qinpi34.jpg,51,秦皮
train/苦地丁/Kudiding39.jpg,62,苦地丁
train/芥子/Jiezi17.jpg,58,芥子
train/土荆皮/Tujingpi36.jpg,10,土荆皮
train/黄芩/HuangqinHuangqinHuangqinHuangqin_11.jpg,90,黄芩
train/安息香/AnxixiangAnxixiangAnxixiang44.jpg,16,安息香
train/大腹皮/DafupiDafupi61.jpg,12,大腹皮
train/竹茹/Zhuru73.jpg,53,竹茹
train/藁本/GaobenGaobenGaobenGaoben_31.jpg,73,藁本
train/桑椹/Sangshen69.jpg,29,桑椹
train/川木香/ChuanmuxiangChuanmuxiang64.jpg,20,川木香
train/黄柏/HuangboHuangboHuangboHuangbo_43.jpg,89,黄柏
train/桑螵蛸/Sangpiaoxiao31.jpg,30,桑螵蛸
train/黄芪/HuangqiHuangqi92.jpg,91,黄芪
train/浙贝母/ZhebeimuZhebeimuZhebeimuIMG_20200722_171150.jpg,34,浙贝母
train/薏苡仁/Yiyiren2.jpg,72,薏苡仁
train/秦皮/Qinpi81.jpg,51,秦皮
train/荜澄茄/BichengqieBichengqieBichengqie22.jpg,67,荜澄茄
train/藁本/GaobenGaobenGaobenGaoben_15.jpg,73,藁本
train/灵芝/Lingzhi23.jpg,38,灵芝
train/番泻叶/FanxieyeFanxieye109.jpg,42,番泻叶
train/银柴胡/Yinchaihu21.jpg,83,银柴胡
train/莲子/Lianzi16.jpg,69,莲子
train/银柴胡/Yinchaihu6.jpg,83,银柴胡
train/灵芝/Lingzhi82.jpg,38,灵芝
train/防风/FangfengFangfengFangfengFangfeng_27.jpg,84,防风
train/白芷/BaizhiBaizhiBaizhiBaizhi_36.jpg,47,白芷
train/酸枣仁/SuanzaorenSuanzaorenSuanzaorenIMG_20200722_165606.jpg,79,酸枣仁
train/羌活/QianghuoQianghuoQianghuoQianghuo_58.jpg,55,羌活
train/安息香/AnxixiangAnxixiangAnxixiang76.jpg,16,安息香
train/山慈菇/Shancigu45.jpg,18,山慈菇
train/白芷/BaizhiBaizhiBaizhiBaizhi_16.jpg,47,白芷
train/天花粉/Tianhuafen72.jpg,13,天花粉
train/全蝎/Quanxie106.jpg,5,全蝎
train/谷精草/GujingcaoGujingcao49.jpg,75,谷精草
train/九香虫/Jiuxiangchong22.jpg,1,九香虫
train/莲子/Lianzi65.jpg,69,莲子
train/莲房/Lianfang94.jpg,71,莲房
train/五加皮/WujiapiWujiapiWujiapiWujiapi_44.jpg,2,五加皮
train/僵蚕/Jiangcan97.jpg,4,僵蚕
train/鸡冠花/Jiguanhua38.jpg,87,鸡冠花
train/枸杞子/GouqiziGouqizi27.jpg,25,枸杞子
train/莲子心/Lianzixin81.jpg,70,莲子心
train/桑螵蛸/Sangpiaoxiao57.jpg,30,桑螵蛸
train/草豆蔻/CaodoukouCaodoukouCaodoukou73.jpg,64,草豆蔻
train/苍术/CangzhuCangzhuCangzhuIMG_20200720_165923.jpg,60,苍术
train/白前/BaiqianBaiqianBaiqian47.jpg,43,白前
train/郁金/Yujin41.jpg,78,郁金
train/酸枣仁/SuanzaorenSuanzaorenSuanzaorenSuanzaoren_11.jpg,79,酸枣仁
train/郁金/Yujin97.jpg,78,郁金
train/龙眼肉/Longyanrou45.jpg,92,龙眼肉
train/黄柏/HuangboHuangboHuangboIMG_20200724_175556.jpg,89,黄柏
train/白芷/BaizhiBaizhiBaizhiIMG_20200720_173717.jpg,47,白芷
train/细辛/XixinXixinXixinXixin_26.jpg,54,细辛
train/僵蚕/Jiangcan75.jpg,4,僵蚕
train/荜澄茄/BichengqieBichengqieBichengqie92.jpg,67,荜澄茄
train/沉香/ChenxiangChenxiang115.jpg,33,沉香
train/金钱白花蛇/Jinqianbaihuashe27.jpg,82,金钱白花蛇
train/自然铜/Zirantong79.jpg,57,自然铜
train/石榴皮/Shiliupi58.jpg,50,石榴皮
train/瓦楞子/Walengzi48.jpg,39,瓦楞子
train/川楝子/ChuanlianziChuanlianzi77.jpg,21,川楝子
train/郁金/Yujin108.jpg,78,郁金
train/木丁香/Mudingxiang84.jpg,24,木丁香
train/金钱白花蛇/Jinqianbaihuashe14.jpg,82,金钱白花蛇
train/天麻/Tianma112.jpg,14,天麻
train/柏子仁/BaizirenBaizirenBaiziren28.jpg,26,柏子仁
train/芦根/Lugen17.jpg,59,芦根
train/苦地丁/Kudiding56.jpg,62,苦地丁
train/自然铜/Zirantong63.jpg,57,自然铜
train/九香虫/Jiuxiangchong91.jpg,1,九香虫
train/莱菔子/Laifuzi25.jpg,68,莱菔子
train/合欢皮/HehuanpiHehuanpi110.jpg,9,合欢皮
train/藁本/GaobenGaobenGaobenGaoben_66.jpg,73,藁本
train/苦地丁/Kudiding50.jpg,62,苦地丁
train/鳖甲/BiejiaBiejiaBiejia23.jpg,85,鳖甲
train/秦皮/Qinpi3.jpg,51,秦皮
train/谷精草/GujingcaoGujingcao80.jpg,75,谷精草
train/川木香/ChuanmuxiangChuanmuxiang40.jpg,20,川木香
train/白前/BaiqianBaiqianBaiqian67.jpg,43,白前
train/僵蚕/Jiangcan104.jpg,4,僵蚕
train/蜂房/FengfangFengfang62.jpg,74,蜂房
train/黄芩/HuangqinHuangqinHuangqinHuangqin_16.jpg,90,黄芩
train/草豆蔻/CaodoukouCaodoukouCaodoukou100.jpg,64,草豆蔻
train/麦冬/Maidong17.jpg,88,麦冬
train/石榴皮/Shiliupi57.jpg,50,石榴皮
train/苦地丁/Kudiding17.jpg,62,苦地丁
train/谷芽/GuyaGuya67.jpg,76,谷芽
train/芦根/Lugen56.jpg,59,芦根
train/番泻叶/FanxieyeFanxieye47.jpg,42,番泻叶
train/白芷/BaizhiBaizhiBaizhiBaizhi_33.jpg,47,白芷
train/谷芽/GuyaGuya45.jpg,76,谷芽
train/浙贝母/ZhebeimuZhebeimuZhebeimuZhebeimu_89.jpg,34,浙贝母
train/莲子心/Lianzixin111.jpg,70,莲子心
train/人参/Renshen85.jpg,3,人参
train/干姜/GanjiangGanjiang92.jpg,23,干姜
train/淡豆豉/DandouchiDandouchi48.jpg,36,淡豆豉
train/谷芽/GuyaGuya48.jpg,76,谷芽
train/白前/BaiqianBaiqianBaiqian45.jpg,43,白前
train/太子参/Taizishen109.jpg,15,太子参
train/全蝎/Quanxie111.jpg,5,全蝎
train/莱菔子/Laifuzi106.jpg,68,莱菔子
train/柏子仁/BaizirenBaizirenBaiziren29.jpg,26,柏子仁
train/桂枝/GuizhiGuizhiGuizhiIMG_20200719_174658.jpg,27,桂枝
train/山奈/Shannai23.jpg,17,山奈
train/草豆蔻/CaodoukouCaodoukouCaodoukou39.jpg,64,草豆蔻
train/秦皮/Qinpi83.jpg,51,秦皮
train/白前/BaiqianBaiqianBaiqian68.jpg,43,白前
train/白芍/BaishaoBaishaoBaishaoBaishao_3.jpg,46,白芍
train/白芍/BaishaoBaishaoBaishaoIMG_20200724_180222.jpg,46,白芍
train/僵蚕/Jiangcan109.jpg,4,僵蚕
train/荜拨/BiboBiboBibo65.jpg,66,荜拨
train/路路通/Lulutong47.jpg,77,路路通
train/干姜/GanjiangGanjiang65.jpg,23,干姜
train/枸杞子/GouqiziGouqizi41.jpg,25,枸杞子
train/天麻/Tianma96.jpg,14,天麻
train/苏木/Sumu2.jpg,61,苏木
train/桑螵蛸/Sangpiaoxiao35.jpg,30,桑螵蛸
train/番泻叶/FanxieyeFanxieye39.jpg,42,番泻叶
train/太子参/Taizishen23.jpg,15,太子参
train/沉香/ChenxiangChenxiang68.jpg,33,沉香
train/石榴皮/Shiliupi25.jpg,50,石榴皮
train/山慈菇/Shancigu14.jpg,18,山慈菇
train/苏木/Sumu91.jpg,61,苏木
train/酸枣仁/SuanzaorenSuanzaorenSuanzaorenSuanzaoren_48.jpg,79,酸枣仁
train/稻芽/DaoyaDaoya88.jpg,52,稻芽
train/藁本/GaobenGaobenGaobenGaoben_48.jpg,73,藁本
train/北沙参/BeishashenBeishashenBeishashen25.jpg,7,北沙参
train/蜂房/FengfangFengfang117.jpg,74,蜂房
train/鳖甲/BiejiaBiejiaBiejia110.jpg,85,鳖甲
train/天花粉/Tianhuafen99.jpg,13,天花粉
train/鳖甲/BiejiaBiejiaBiejia70.jpg,85,鳖甲
train/莲子/Lianzi56.jpg,69,莲子
train/桑椹/Sangshen92.jpg,29,桑椹
train/合欢皮/HehuanpiHehuanpi34.jpg,9,合欢皮
train/海螵蛸/HaipiaoxiaoHaipiaoxiao29.jpg,35,海螵蛸
train/薏苡仁/Yiyiren24.jpg,72,薏苡仁
train/合欢皮/HehuanpiHehuanpi57.jpg,9,合欢皮
train/羌活/QianghuoQianghuoQianghuoIMG_20200719_173025.jpg,55,羌活
train/金果榄/Jinguolan85.jpg,80,金果榄
train/天花粉/Tianhuafen116.jpg,13,天花粉
train/北沙参/BeishashenBeishashenBeishashen112.jpg,7,北沙参
train/白茅根/BaimaogenBaimaogenBaimaogen106.jpg,48,白茅根
train/藁本/GaobenGaobenGaobenIMG_20200720_174342.jpg,73,藁本
train/黄芪/HuangqiHuangqi68.jpg,91,黄芪
train/金灯笼/Jindenglong20.jpg,81,金灯笼
train/荆芥穗/Jingjiesui55.jpg,63,荆芥穗
train/草豆蔻/CaodoukouCaodoukouCaodoukou116.jpg,64,草豆蔻
train/防风/FangfengFangfengFangfengFangfeng_14.jpg,84,防风
train/白芍/BaishaoBaishaoBaishaoBaishao_41.jpg,46,白芍
train/天花粉/Tianhuafen112.jpg,13,天花粉
train/海螵蛸/HaipiaoxiaoHaipiaoxiao41.jpg,35,海螵蛸
train/甘松/GansongGansong26.jpg,40,甘松
train/金果榄/Jinguolan87.jpg,80,金果榄
train/全蝎/Quanxie93.jpg,5,全蝎
train/桑寄生/SangjishengSangjishengSangjishengSangjisheng_54.jpg,28,桑寄生
train/谷精草/GujingcaoGujingcao88.jpg,75,谷精草
train/白芍/BaishaoBaishaoBaishaoBaishao_61.jpg,46,白芍
train/苍术/CangzhuCangzhuCangzhuCangzhu_38.jpg,60,苍术
train/丝瓜络/Sigualuo111.jpg,0,丝瓜络
train/九香虫/Jiuxiangchong93.jpg,1,九香虫
train/枸杞子/GouqiziGouqizi77.jpg,25,枸杞子
train/白前/BaiqianBaiqianBaiqian61.jpg,43,白前
train/芥子/Jiezi48.jpg,58,芥子
train/莲房/Lianfang19.jpg,71,莲房
train/槟榔/BinglangBinglangBinglangBinglang_1.jpg,31,槟榔
train/桑椹/Sangshen32.jpg,29,桑椹
train/川木香/ChuanmuxiangChuanmuxiang96.jpg,20,川木香
train/山慈菇/Shancigu62.jpg,18,山慈菇
train/川木香/ChuanmuxiangChuanmuxiang51.jpg,20,川木香
train/槟榔/BinglangBinglangBinglangBinglang_26.jpg,31,槟榔
train/蜂房/FengfangFengfang46.jpg,74,蜂房
train/丝瓜络/Sigualuo37.jpg,0,丝瓜络
train/肉豆蔻/Roudoukou73.jpg,56,肉豆蔻
train/芥子/Jiezi109.jpg,58,芥子
train/荜拨/BiboBiboBibo58.jpg,66,荜拨
train/稻芽/DaoyaDaoya26.jpg,52,稻芽
train/柏子仁/BaizirenBaizirenBaiziren99.jpg,26,柏子仁
train/白矾/BaifanBaifanBaifan97.jpg,45,白矾
train/桑寄生/SangjishengSangjishengSangjishengSangjisheng_28.jpg,28,桑寄生
train/地龙/DilongDilong51.jpg,11,地龙
train/丝瓜络/Sigualuo44.jpg,0,丝瓜络
train/桂枝/GuizhiGuizhiGuizhiIMG_20200719_174710_1.jpg,27,桂枝
train/酸枣仁/SuanzaorenSuanzaorenSuanzaorenSuanzaoren_44.jpg,79,酸枣仁
train/莲子/Lianzi95.jpg,69,莲子
train/蜂房/FengfangFengfang45.jpg,74,蜂房
train/太子参/Taizishen47.jpg,15,太子参
train/山茱萸/Shanzhuyu118.jpg,19,山茱萸
train/桂枝/GuizhiGuizhiGuizhiIMG_20200719_174755.jpg,27,桂枝
train/郁金/Yujin36.jpg,78,郁金
train/莱菔子/Laifuzi75.jpg,68,莱菔子
train/白芍/BaishaoBaishaoBaishaoBaishao_59.jpg,46,白芍
train/甘松/GansongGansong117.jpg,40,甘松
train/秦皮/Qinpi21.jpg,51,秦皮
train/鸡冠花/Jiguanhua31.jpg,87,鸡冠花
train/僵蚕/Jiangcan1.jpg,4,僵蚕
train/浙贝母/ZhebeimuZhebeimuZhebeimuZhebeimu_65.jpg,34,浙贝母
train/浙贝母/ZhebeimuZhebeimuZhebeimuZhebeimu_90.jpg,34,浙贝母
train/槟榔/BinglangBinglangBinglangBinglang_18.jpg,31,槟榔
train/丝瓜络/Sigualuo93.jpg,0,丝瓜络
train/荆芥穗/Jingjiesui33.jpg,63,荆芥穗
train/海螵蛸/HaipiaoxiaoHaipiaoxiao70.jpg,35,海螵蛸
train/莲子/Lianzi15.jpg,69,莲子
train/莲子心/Lianzixin54.jpg,70,莲子心
train/草豆蔻/CaodoukouCaodoukouCaodoukou89.jpg,64,草豆蔻
train/细辛/XixinXixinXixinIMG_20200720_170921.jpg,54,细辛
train/番泻叶/FanxieyeFanxieye42.jpg,42,番泻叶
train/荆芥穗/Jingjiesui101.jpg,63,荆芥穗
train/莲房/Lianfang64.jpg,71,莲房
train/莲房/Lianfang34.jpg,71,莲房
train/天麻/Tianma72.jpg,14,天麻
train/安息香/AnxixiangAnxixiangAnxixiang30.jpg,16,安息香
train/柏子仁/BaizirenBaizirenBaiziren63.jpg,26,柏子仁
train/石榴皮/Shiliupi64.jpg,50,石榴皮
train/黄柏/HuangboHuangboHuangboHuangbo_25.jpg,89,黄柏
train/莲房/Lianfang49.jpg,71,莲房
train/山奈/Shannai50.jpg,17,山奈
train/自然铜/Zirantong114.jpg,57,自然铜
train/鸡内金/Jineijin56.jpg,86,鸡内金
train/细辛/XixinXixinXixinXixin_57.jpg,54,细辛
train/金钱白花蛇/Jinqianbaihuashe1.jpg,82,金钱白花蛇
train/路路通/Lulutong45.jpg,77,路路通
train/荔枝核/Lizhihe17.jpg,65,荔枝核
train/柏子仁/BaizirenBaizirenBaiziren37.jpg,26,柏子仁
train/黄柏/HuangboHuangboHuangboIMG_20200724_175601.jpg,89,黄柏
train/北沙参/BeishashenBeishashenBeishashen52.jpg,7,北沙参
train/北沙参/BeishashenBeishashenBeishashen94.jpg,7,北沙参
train/黄柏/HuangboHuangboHuangboHuangbo_42.jpg,89,黄柏
train/蜂房/FengfangFengfang33.jpg,74,蜂房
train/丝瓜络/Sigualuo89.jpg,0,丝瓜络
train/僵蚕/Jiangcan46.jpg,4,僵蚕
train/荆芥穗/Jingjiesui41.jpg,63,荆芥穗
train/黄柏/HuangboHuangboHuangboHuangbo_104.jpg,89,黄柏
train/灵芝/Lingzhi99.jpg,38,灵芝
train/五加皮/WujiapiWujiapiWujiapiWujiapi_106.jpg,2,五加皮
train/僵蚕/Jiangcan42.jpg,4,僵蚕
train/干姜/GanjiangGanjiang85.jpg,23,干姜
train/鳖甲/BiejiaBiejiaBiejia91.jpg,85,鳖甲
train/安息香/AnxixiangAnxixiangAnxixiang69.jpg,16,安息香
train/土荆皮/Tujingpi64.jpg,10,土荆皮
train/稻芽/DaoyaDaoya110.jpg,52,稻芽
train/丝瓜络/Sigualuo75.jpg,0,丝瓜络
train/白蔹/BailianBailianBailian36.jpg,49,白蔹
train/海螵蛸/HaipiaoxiaoHaipiaoxiao68.jpg,35,海螵蛸
train/川木香/ChuanmuxiangChuanmuxiang110.jpg,20,川木香
train/甘草/GancaoGancaoGancaoGancao_17.jpg,41,甘草
train/沉香/ChenxiangChenxiang114.jpg,33,沉香
train/桂枝/GuizhiGuizhiGuizhiIMG_20200719_174716.jpg,27,桂枝
train/合欢皮/HehuanpiHehuanpi98.jpg,9,合欢皮
train/黄柏/HuangboHuangboHuangboHuangbo_36.jpg,89,黄柏
train/谷精草/GujingcaoGujingcao55.jpg,75,谷精草
train/安息香/AnxixiangAnxixiangAnxixiang52.jpg,16,安息香
train/金灯笼/Jindenglong16.jpg,81,金灯笼
train/甘松/GansongGansong27.jpg,40,甘松
train/槟榔/BinglangBinglangBinglangIMG_20200719_180516.jpg,31,槟榔
train/稻芽/DaoyaDaoya23.jpg,52,稻芽
train/沉香/ChenxiangChenxiang49.jpg,33,沉香
train/黄柏/HuangboHuangboHuangboIMG_20200724_175617.jpg,89,黄柏
train/白蔹/BailianBailianBailian83.jpg,49,白蔹
train/防风/FangfengFangfengFangfengFangfeng_63.jpg,84,防风
train/白扁豆/BaibiandouBaibiandouBaibiandou63.jpg,44,白扁豆
train/山奈/Shannai95.jpg,17,山奈
train/肉豆蔻/Roudoukou43.jpg,56,肉豆蔻
train/竹茹/Zhuru77.jpg,53,竹茹
train/稻芽/DaoyaDaoya44.jpg,52,稻芽
train/丝瓜络/Sigualuo9.jpg,0,丝瓜络
train/白茅根/BaimaogenBaimaogenBaimaogen103.jpg,48,白茅根
train/银柴胡/Yinchaihu108.jpg,83,银柴胡
train/甘松/GansongGansong41.jpg,40,甘松
train/甘松/GansongGansong24.jpg,40,甘松
train/沉香/ChenxiangChenxiang42.jpg,33,沉香
train/木丁香/Mudingxiang10.jpg,24,木丁香
train/白扁豆/BaibiandouBaibiandouBaibiandou78.jpg,44,白扁豆
train/防风/FangfengFangfengFangfengFangfeng_58.jpg,84,防风
train/薏苡仁/Yiyiren82.jpg,72,薏苡仁
train/自然铜/Zirantong69.jpg,57,自然铜
train/薏苡仁/Yiyiren38.jpg,72,薏苡仁
train/番泻叶/FanxieyeFanxieye52.jpg,42,番泻叶
train/天花粉/Tianhuafen78.jpg,13,天花粉
train/荆芥穗/Jingjiesui49.jpg,63,荆芥穗
train/荆芥穗/Jingjiesui51.jpg,63,荆芥穗
train/浙贝母/ZhebeimuZhebeimuZhebeimuZhebeimu_95.jpg,34,浙贝母
train/桑螵蛸/Sangpiaoxiao104.jpg,30,桑螵蛸
train/荔枝核/Lizhihe56.jpg,65,荔枝核
train/龙眼肉/Longyanrou99.jpg,92,龙眼肉
train/荔枝核/Lizhihe88.jpg,65,荔枝核
train/合欢皮/HehuanpiHehuanpi95.jpg,9,合欢皮
train/天麻/Tianma50.jpg,14,天麻
train/五加皮/WujiapiWujiapiWujiapiWujiapi_100.jpg,2,五加皮
train/鸡内金/Jineijin16.jpg,86,鸡内金
train/丝瓜络/Sigualuo57.jpg,0,丝瓜络
train/荜拨/BiboBiboBibo46.jpg,66,荜拨
train/地龙/DilongDilong48.jpg,11,地龙
train/龙眼肉/Longyanrou33.jpg,92,龙眼肉
train/石榴皮/Shiliupi99.jpg,50,石榴皮
train/金果榄/Jinguolan80.jpg,80,金果榄
train/全蝎/Quanxie54.jpg,5,全蝎
train/荜澄茄/BichengqieBichengqieBichengqie37.jpg,67,荜澄茄
train/淡豆豉/DandouchiDandouchi50.jpg,36,淡豆豉
train/酸枣仁/SuanzaorenSuanzaorenSuanzaorenSuanzaoren_9.jpg,79,酸枣仁
train/地龙/DilongDilong119.jpg,11,地龙
train/天麻/Tianma74.jpg,14,天麻
train/桑螵蛸/Sangpiaoxiao17.jpg,30,桑螵蛸
train/桑寄生/SangjishengSangjishengSangjishengSangjisheng_37.jpg,28,桑寄生
train/海螵蛸/HaipiaoxiaoHaipiaoxiao83.jpg,35,海螵蛸
train/干姜/GanjiangGanjiang66.jpg,23,干姜
train/麦冬/Maidong37.jpg,88,麦冬
train/肉豆蔻/Roudoukou1.jpg,56,肉豆蔻
train/银柴胡/Yinchaihu95.jpg,83,银柴胡
train/沉香/ChenxiangChenxiang31.jpg,33,沉香
train/安息香/AnxixiangAnxixiangAnxixiang40.jpg,16,安息香
train/天麻/Tianma51.jpg,14,天麻
train/蜂房/FengfangFengfang99.jpg,74,蜂房
train/黄芪/HuangqiHuangqi29.jpg,91,黄芪
train/川木香/ChuanmuxiangChuanmuxiang104.jpg,20,川木香
train/川木香/ChuanmuxiangChuanmuxiang74.jpg,20,川木香
train/鸡内金/Jineijin53.jpg,86,鸡内金
train/龙眼肉/Longyanrou36.jpg,92,龙眼肉
train/芦根/Lugen33.jpg,59,芦根
train/冬虫夏草/DongchongxiacaoDongchongxiacao80.jpg,6,冬虫夏草
train/秦皮/Qinpi30.jpg,51,秦皮
train/苏木/Sumu23.jpg,61,苏木
train/荔枝核/Lizhihe26.jpg,65,荔枝核
train/天花粉/Tianhuafen98.jpg,13,天花粉
train/谷精草/GujingcaoGujingcao29.jpg,75,谷精草
train/北沙参/BeishashenBeishashenBeishashen81.jpg,7,北沙参
train/安息香/AnxixiangAnxixiangAnxixiang27.jpg,16,安息香
train/肉豆蔻/Roudoukou5.jpg,56,肉豆蔻
train/蜂房/FengfangFengfang91.jpg,74,蜂房
train/竹茹/Zhuru37.jpg,53,竹茹
train/川木香/ChuanmuxiangChuanmuxiang24.jpg,20,川木香
train/土荆皮/Tujingpi51.jpg,10,土荆皮
train/天花粉/Tianhuafen75.jpg,13,天花粉
train/白蔹/BailianBailianBailian38.jpg,49,白蔹
train/川楝子/ChuanlianziChuanlianzi33.jpg,21,川楝子
train/五加皮/WujiapiWujiapiWujiapiIMG_20200722_170008.jpg,2,五加皮
train/白芍/BaishaoBaishaoBaishaoBaishao_6.jpg,46,白芍
train/黄柏/HuangboHuangboHuangboHuangbo_12.jpg,89,黄柏
train/淡豆豉/DandouchiDandouchi24.jpg,36,淡豆豉
train/藁本/GaobenGaobenGaobenGaoben_20.jpg,73,藁本
train/竹茹/Zhuru40.jpg,53,竹茹
train/桑螵蛸/Sangpiaoxiao84.jpg,30,桑螵蛸
train/秦皮/Qinpi15.jpg,51,秦皮
train/竹茹/Zhuru84.jpg,53,竹茹
train/草豆蔻/CaodoukouCaodoukouCaodoukou114.jpg,64,草豆蔻
train/瓦楞子/Walengzi5.jpg,39,瓦楞子
train/芥子/Jiezi6.jpg,58,芥子
train/白茅根/BaimaogenBaimaogenBaimaogen77.jpg,48,白茅根
train/羌活/QianghuoQianghuoQianghuoIMG_20200719_173015.jpg,55,羌活
train/银柴胡/Yinchaihu89.jpg,83,银柴胡
train/防风/FangfengFangfengFangfengFangfeng_1.jpg,84,防风
train/海螵蛸/HaipiaoxiaoHaipiaoxiao76.jpg,35,海螵蛸
train/桂枝/GuizhiGuizhiGuizhiGuizhi_62.jpg,27,桂枝
train/全蝎/Quanxie87.jpg,5,全蝎
train/太子参/Taizishen119.jpg,15,太子参
train/金灯笼/Jindenglong6.jpg,81,金灯笼
train/肉豆蔻/Roudoukou25.jpg,56,肉豆蔻
train/白矾/BaifanBaifanBaifan90.jpg,45,白矾
train/石榴皮/Shiliupi100.jpg,50,石榴皮
train/川木香/ChuanmuxiangChuanmuxiang27.jpg,20,川木香
train/千年健/Qiannianjian10.jpg,8,千年健
train/金灯笼/Jindenglong31.jpg,81,金灯笼
train/薏苡仁/Yiyiren7.jpg,72,薏苡仁
train/苦地丁/Kudiding24.jpg,62,苦地丁
train/银柴胡/Yinchaihu88.jpg,83,银柴胡
train/地龙/DilongDilong84.jpg,11,地龙
train/山茱萸/Shanzhuyu74.jpg,19,山茱萸
train/草豆蔻/CaodoukouCaodoukouCaodoukou29.jpg,64,草豆蔻
train/稻芽/DaoyaDaoya83.jpg,52,稻芽
train/白蔹/BailianBailianBailian81.jpg,49,白蔹
train/黄芩/HuangqinHuangqinHuangqinHuangqin_56.jpg,90,黄芩
train/丝瓜络/Sigualuo6.jpg,0,丝瓜络
train/芦根/Lugen91.jpg,59,芦根
train/灵芝/Lingzhi72.jpg,38,灵芝
train/金果榄/Jinguolan52.jpg,80,金果榄
train/蜂房/FengfangFengfang44.jpg,74,蜂房
train/千年健/Qiannianjian39.jpg,8,千年健
train/橘核/Juhe45.jpg,32,橘核
train/瓦楞子/Walengzi31.jpg,39,瓦楞子
train/稻芽/DaoyaDaoya86.jpg,52,稻芽
train/槟榔/BinglangBinglangBinglangBinglang_32.jpg,31,槟榔
train/川木香/ChuanmuxiangChuanmuxiang55.jpg,20,川木香
train/槟榔/BinglangBinglangBinglangBinglang_2.jpg,31,槟榔
train/金灯笼/Jindenglong12.jpg,81,金灯笼
train/金钱白花蛇/Jinqianbaihuashe77.jpg,82,金钱白花蛇
train/藁本/GaobenGaobenGaobenGaoben_14.jpg,73,藁本
train/橘核/Juhe34.jpg,32,橘核
train/郁金/Yujin101.jpg,78,郁金
train/全蝎/Quanxie64.jpg,5,全蝎
train/桑螵蛸/Sangpiaoxiao59.jpg,30,桑螵蛸
train/羌活/QianghuoQianghuoQianghuoQianghuo_19.jpg,55,羌活
train/土荆皮/Tujingpi1.jpg,10,土荆皮
train/安息香/AnxixiangAnxixiangAnxixiang47.jpg,16,安息香
train/蜂房/FengfangFengfang92.jpg,74,蜂房
train/桑寄生/SangjishengSangjishengSangjishengSangjisheng_41.jpg,28,桑寄生
train/白芷/BaizhiBaizhiBaizhiIMG_20200720_173714.jpg,47,白芷
train/九香虫/Jiuxiangchong45.jpg,1,九香虫
train/苏木/Sumu73.jpg,61,苏木
train/柏子仁/BaizirenBaizirenBaiziren84.jpg,26,柏子仁
train/秦皮/Qinpi93.jpg,51,秦皮
train/川牛膝/ChuanniuxiChuanniuxi48.jpg,22,川牛膝
train/湖北贝母/Hubeibeimu15.jpg,37,湖北贝母
train/荔枝核/Lizhihe35.jpg,65,荔枝核
train/芥子/Jiezi63.jpg,58,芥子
train/山慈菇/Shancigu30.jpg,18,山慈菇
train/金灯笼/Jindenglong69.jpg,81,金灯笼
train/九香虫/Jiuxiangchong7.jpg,1,九香虫
train/谷精草/GujingcaoGujingcao92.jpg,75,谷精草
train/灵芝/Lingzhi101.jpg,38,灵芝
train/太子参/Taizishen0.jpg,15,太子参
train/白矾/BaifanBaifanBaifan64.jpg,45,白矾
train/鳖甲/BiejiaBiejiaBiejia66.jpg,85,鳖甲
train/苏木/Sumu78.jpg,61,苏木
train/细辛/XixinXixinXixinIMG_20200720_170947.jpg,54,细辛
train/海螵蛸/HaipiaoxiaoHaipiaoxiao25.jpg,35,海螵蛸
train/黄芩/HuangqinHuangqinHuangqinHuangqin_22.jpg,90,黄芩
train/桑螵蛸/Sangpiaoxiao26.jpg,30,桑螵蛸
train/天花粉/Tianhuafen107.jpg,13,天花粉
train/白蔹/BailianBailianBailian49.jpg,49,白蔹
train/川楝子/ChuanlianziChuanlianzi102.jpg,21,川楝子
train/大腹皮/DafupiDafupi104.jpg,12,大腹皮
train/天花粉/Tianhuafen48.jpg,13,天花粉
train/石榴皮/Shiliupi54.jpg,50,石榴皮
train/湖北贝母/Hubeibeimu78.jpg,37,湖北贝母
train/冬虫夏草/DongchongxiacaoDongchongxiacao53.jpg,6,冬虫夏草
train/黄柏/HuangboHuangboHuangboHuangbo_107.jpg,89,黄柏
train/金钱白花蛇/Jinqianbaihuashe54.jpg,82,金钱白花蛇
train/浙贝母/ZhebeimuZhebeimuZhebeimuZhebeimu_17.jpg,34,浙贝母
train/木丁香/Mudingxiang66.jpg,24,木丁香
train/竹茹/Zhuru98.jpg,53,竹茹
train/山茱萸/Shanzhuyu86.jpg,19,山茱萸
train/竹茹/Zhuru42.jpg,53,竹茹
train/人参/Renshen103.jpg,3,人参
train/莲子/Lianzi27.jpg,69,莲子
train/黄芩/HuangqinHuangqinHuangqinHuangqin_20.jpg,90,黄芩
train/银柴胡/Yinchaihu109.jpg,83,银柴胡
train/荆芥穗/Jingjiesui90.jpg,63,荆芥穗
train/桑椹/Sangshen46.jpg,29,桑椹
train/九香虫/Jiuxiangchong86.jpg,1,九香虫
train/木丁香/Mudingxiang44.jpg,24,木丁香
train/石榴皮/Shiliupi102.jpg,50,石榴皮
train/草豆蔻/CaodoukouCaodoukouCaodoukou113.jpg,64,草豆蔻
train/谷精草/GujingcaoGujingcao28.jpg,75,谷精草
train/安息香/AnxixiangAnxixiangAnxixiang70.jpg,16,安息香
train/大腹皮/DafupiDafupi53.jpg,12,大腹皮
train/石榴皮/Shiliupi6.jpg,50,石榴皮
train/苏木/Sumu21.jpg,61,苏木
train/橘核/Juhe86.jpg,32,橘核
train/莲子心/Lianzixin85.jpg,70,莲子心
train/酸枣仁/SuanzaorenSuanzaorenSuanzaorenIMG_20200722_165610.jpg,79,酸枣仁
train/莲子/Lianzi97.jpg,69,莲子
train/川牛膝/ChuanniuxiChuanniuxi25.jpg,22,川牛膝
train/竹茹/Zhuru15.jpg,53,竹茹
train/白矾/BaifanBaifanBaifan104.jpg,45,白矾
train/淡豆豉/DandouchiDandouchi70.jpg,36,淡豆豉
train/白扁豆/BaibiandouBaibiandouBaibiandou77.jpg,44,白扁豆
train/石榴皮/Shiliupi72.jpg,50,石榴皮
train/苍术/CangzhuCangzhuCangzhuIMG_20200720_165915.jpg,60,苍术
train/路路通/Lulutong71.jpg,77,路路通
train/莲子心/Lianzixin118.jpg,70,莲子心
train/苍术/CangzhuCangzhuCangzhuIMG_20200720_165918.jpg,60,苍术
train/莲房/Lianfang77.jpg,71,莲房
train/金灯笼/Jindenglong22.jpg,81,金灯笼
train/天麻/Tianma10.jpg,14,天麻
train/桑寄生/SangjishengSangjishengSangjishengSangjisheng_59.jpg,28,桑寄生
train/天麻/Tianma7.jpg,14,天麻
train/银柴胡/Yinchaihu32.jpg,83,银柴胡
train/橘核/Juhe0.jpg,32,橘核
train/蜂房/FengfangFengfang74.jpg,74,蜂房
train/路路通/Lulutong44.jpg,77,路路通
train/谷精草/GujingcaoGujingcao45.jpg,75,谷精草
train/谷精草/GujingcaoGujingcao73.jpg,75,谷精草
train/柏子仁/BaizirenBaizirenBaiziren95.jpg,26,柏子仁
train/冬虫夏草/DongchongxiacaoDongchongxiacao32.jpg,6,冬虫夏草
train/鸡内金/Jineijin7.jpg,86,鸡内金
train/全蝎/Quanxie98.jpg,5,全蝎
train/郁金/Yujin53.jpg,78,郁金
train/甘草/GancaoGancaoGancaoGancao_51.jpg,41,甘草
train/甘草/GancaoGancaoGancaoIMG_20200719_172712.jpg,41,甘草
train/酸枣仁/SuanzaorenSuanzaorenSuanzaorenIMG_20200722_165621.jpg,79,酸枣仁
train/海螵蛸/HaipiaoxiaoHaipiaoxiao87.jpg,35,海螵蛸
train/川木香/ChuanmuxiangChuanmuxiang84.jpg,20,川木香
train/桑螵蛸/Sangpiaoxiao36.jpg,30,桑螵蛸
train/龙眼肉/Longyanrou34.jpg,92,龙眼肉
train/九香虫/Jiuxiangchong5.jpg,1,九香虫
train/白茅根/BaimaogenBaimaogenBaimaogen27.jpg,48,白茅根
train/川木香/ChuanmuxiangChuanmuxiang88.jpg,20,川木香
train/山奈/Shannai32.jpg,17,山奈
train/天麻/Tianma117.jpg,14,天麻
train/黄芪/HuangqiHuangqi35.jpg,91,黄芪
train/山奈/Shannai6.jpg,17,山奈
train/鸡内金/Jineijin99.jpg,86,鸡内金
train/大腹皮/DafupiDafupi102.jpg,12,大腹皮
train/自然铜/Zirantong45.jpg,57,自然铜
train/莲子心/Lianzixin105.jpg,70,莲子心
train/路路通/Lulutong36.jpg,77,路路通
train/桑寄生/SangjishengSangjishengSangjishengSangjisheng_68.jpg,28,桑寄生
train/防风/FangfengFangfengFangfengFangfeng_22.jpg,84,防风
train/芦根/Lugen60.jpg,59,芦根
train/灵芝/Lingzhi38.jpg,38,灵芝
train/冬虫夏草/DongchongxiacaoDongchongxiacao41.jpg,6,冬虫夏草
train/莲子心/Lianzixin79.jpg,70,莲子心
train/白扁豆/BaibiandouBaibiandouBaibiandou99.jpg,44,白扁豆
train/白扁豆/BaibiandouBaibiandouBaibiandou72.jpg,44,白扁豆
train/肉豆蔻/Roudoukou117.jpg,56,肉豆蔻
train/白前/BaiqianBaiqianBaiqian114.jpg,43,白前
train/千年健/Qiannianjian75.jpg,8,千年健
train/鸡冠花/Jiguanhua27.jpg,87,鸡冠花
train/桂枝/GuizhiGuizhiGuizhiGuizhi_19.jpg,27,桂枝
train/地龙/DilongDilong115.jpg,11,地龙
train/山奈/Shannai77.jpg,17,山奈
train/木丁香/Mudingxiang39.jpg,24,木丁香
train/藁本/GaobenGaobenGaobenIMG_20200720_174333.jpg,73,藁本
train/木丁香/Mudingxiang73.jpg,24,木丁香
train/谷芽/GuyaGuya72.jpg,76,谷芽
train/黄芪/HuangqiHuangqi62.jpg,91,黄芪
train/郁金/Yujin13.jpg,78,郁金
train/路路通/Lulutong64.jpg,77,路路通
train/桑螵蛸/Sangpiaoxiao46.jpg,30,桑螵蛸
train/芦根/Lugen118.jpg,59,芦根
train/竹茹/Zhuru90.jpg,53,竹茹
train/黄柏/HuangboHuangboHuangboHuangbo_55.jpg,89,黄柏
train/枸杞子/GouqiziGouqizi23.jpg,25,枸杞子
train/白芷/BaizhiBaizhiBaizhiIMG_20200720_173716.jpg,47,白芷
train/荆芥穗/Jingjiesui80.jpg,63,荆芥穗
train/桑寄生/SangjishengSangjishengSangjishengSangjisheng_47.jpg,28,桑寄生
train/北沙参/BeishashenBeishashenBeishashen67.jpg,7,北沙参
train/海螵蛸/HaipiaoxiaoHaipiaoxiao57.jpg,35,海螵蛸
train/竹茹/Zhuru70.jpg,53,竹茹
train/鸡冠花/Jiguanhua84.jpg,87,鸡冠花
train/天花粉/Tianhuafen23.jpg,13,天花粉
train/千年健/Qiannianjian22.jpg,8,千年健
train/鸡冠花/Jiguanhua102.jpg,87,鸡冠花
train/浙贝母/ZhebeimuZhebeimuZhebeimuZhebeimu_88.jpg,34,浙贝母
train/川木香/ChuanmuxiangChuanmuxiang105.jpg,20,川木香
train/鸡冠花/Jiguanhua35.jpg,87,鸡冠花
train/石榴皮/Shiliupi71.jpg,50,石榴皮
train/北沙参/BeishashenBeishashenBeishashen71.jpg,7,北沙参
train/千年健/Qiannianjian87.jpg,8,千年健
train/薏苡仁/Yiyiren23.jpg,72,薏苡仁
train/人参/Renshen73.jpg,3,人参
train/银柴胡/Yinchaihu94.jpg,83,银柴胡
train/秦皮/Qinpi7.jpg,51,秦皮
train/槟榔/BinglangBinglangBinglangIMG_20200719_180548.jpg,31,槟榔
train/甘松/GansongGansong28.jpg,40,甘松
train/安息香/AnxixiangAnxixiangAnxixiang35.jpg,16,安息香
train/合欢皮/HehuanpiHehuanpi87.jpg,9,合欢皮
train/银柴胡/Yinchaihu7.jpg,83,银柴胡
train/秦皮/Qinpi12.jpg,51,秦皮
train/鳖甲/BiejiaBiejiaBiejia100.jpg,85,鳖甲
train/芥子/Jiezi54.jpg,58,芥子
train/枸杞子/GouqiziGouqizi47.jpg,25,枸杞子
train/防风/FangfengFangfengFangfengFangfeng_25.jpg,84,防风
train/冬虫夏草/DongchongxiacaoDongchongxiacao58.jpg,6,冬虫夏草
train/人参/Renshen80.jpg,3,人参
train/番泻叶/FanxieyeFanxieye104.jpg,42,番泻叶
train/荜澄茄/BichengqieBichengqieBichengqie62.jpg,67,荜澄茄
train/白蔹/BailianBailianBailian100.jpg,49,白蔹
train/黄芪/HuangqiHuangqi51.jpg,91,黄芪
train/谷芽/GuyaGuya31.jpg,76,谷芽
train/川木香/ChuanmuxiangChuanmuxiang68.jpg,20,川木香
train/桑椹/Sangshen34.jpg,29,桑椹
train/山奈/Shannai79.jpg,17,山奈
train/甘松/GansongGansong110.jpg,40,甘松
train/淡豆豉/DandouchiDandouchi25.jpg,36,淡豆豉
train/秦皮/Qinpi88.jpg,51,秦皮
train/苍术/CangzhuCangzhuCangzhuIMG_20200720_165925.jpg,60,苍术
train/白茅根/BaimaogenBaimaogenBaimaogen119.jpg,48,白茅根
train/竹茹/Zhuru85.jpg,53,竹茹
train/人参/Renshen92.jpg,3,人参
train/川牛膝/ChuanniuxiChuanniuxi86.jpg,22,川牛膝
train/防风/FangfengFangfengFangfengFangfeng_57.jpg,84,防风
train/金灯笼/Jindenglong42.jpg,81,金灯笼
train/甘松/GansongGansong97.jpg,40,甘松
train/九香虫/Jiuxiangchong119.jpg,1,九香虫
train/白蔹/BailianBailianBailian77.jpg,49,白蔹
train/薏苡仁/Yiyiren52.jpg,72,薏苡仁
train/莲子心/Lianzixin47.jpg,70,莲子心
train/银柴胡/Yinchaihu98.jpg,83,银柴胡
train/芥子/Jiezi68.jpg,58,芥子
train/山慈菇/Shancigu52.jpg,18,山慈菇
train/金灯笼/Jindenglong19.jpg,81,金灯笼
train/千年健/Qiannianjian64.jpg,8,千年健
train/木丁香/Mudingxiang114.jpg,24,木丁香
train/淡豆豉/DandouchiDandouchi30.jpg,36,淡豆豉
train/郁金/Yujin20.jpg,78,郁金
train/千年健/Qiannianjian86.jpg,8,千年健
train/路路通/Lulutong56.jpg,77,路路通
train/丝瓜络/Sigualuo59.jpg,0,丝瓜络
train/柏子仁/BaizirenBaizirenBaiziren66.jpg,26,柏子仁
train/白前/BaiqianBaiqianBaiqian52.jpg,43,白前
train/千年健/Qiannianjian27.jpg,8,千年健
train/枸杞子/GouqiziGouqizi54.jpg,25,枸杞子
train/苏木/Sumu28.jpg,61,苏木
train/甘松/GansongGansong40.jpg,40,甘松
train/白前/BaiqianBaiqianBaiqian87.jpg,43,白前
train/谷芽/GuyaGuya89.jpg,76,谷芽
train/橘核/Juhe36.jpg,32,橘核
train/九香虫/Jiuxiangchong72.jpg,1,九香虫
train/白茅根/BaimaogenBaimaogenBaimaogen118.jpg,48,白茅根
train/羌活/QianghuoQianghuoQianghuoQianghuo_30.jpg,55,羌活
train/金灯笼/Jindenglong90.jpg,81,金灯笼
train/防风/FangfengFangfengFangfengFangfeng_23.jpg,84,防风
train/秦皮/Qinpi117.jpg,51,秦皮
train/川木香/ChuanmuxiangChuanmuxiang77.jpg,20,川木香
train/土荆皮/Tujingpi81.jpg,10,土荆皮
train/白矾/BaifanBaifanBaifan77.jpg,45,白矾
train/瓦楞子/Walengzi41.jpg,39,瓦楞子
train/莱菔子/Laifuzi93.jpg,68,莱菔子
train/龙眼肉/Longyanrou77.jpg,92,龙眼肉
train/天花粉/Tianhuafen16.jpg,13,天花粉
train/槟榔/BinglangBinglangBinglangBinglang_57.jpg,31,槟榔
train/枸杞子/GouqiziGouqizi70.jpg,25,枸杞子
train/川木香/ChuanmuxiangChuanmuxiang23.jpg,20,川木香
train/黄芩/HuangqinHuangqinHuangqinHuangqin_29.jpg,90,黄芩
train/荜拨/BiboBiboBibo102.jpg,66,荜拨
train/苦地丁/Kudiding116.jpg,62,苦地丁
train/谷芽/GuyaGuya49.jpg,76,谷芽
train/稻芽/DaoyaDaoya66.jpg,52,稻芽
train/合欢皮/HehuanpiHehuanpi60.jpg,9,合欢皮
train/木丁香/Mudingxiang72.jpg,24,木丁香
train/山茱萸/Shanzhuyu63.jpg,19,山茱萸
train/大腹皮/DafupiDafupi58.jpg,12,大腹皮
train/竹茹/Zhuru6.jpg,53,竹茹
train/白扁豆/BaibiandouBaibiandouBaibiandou75.jpg,44,白扁豆
train/木丁香/Mudingxiang36.jpg,24,木丁香
train/丝瓜络/Sigualuo19.jpg,0,丝瓜络
train/甘草/GancaoGancaoGancaoGancao_31.jpg,41,甘草
train/苦地丁/Kudiding15.jpg,62,苦地丁
train/藁本/GaobenGaobenGaobenGaoben_79.jpg,73,藁本
train/甘松/GansongGansong60.jpg,40,甘松
train/浙贝母/ZhebeimuZhebeimuZhebeimuZhebeimu_39.jpg,34,浙贝母
train/白矾/BaifanBaifanBaifan71.jpg,45,白矾
train/苏木/Sumu34.jpg,61,苏木
train/防风/FangfengFangfengFangfengFangfeng_31.jpg,84,防风
train/千年健/Qiannianjian93.jpg,8,千年健
train/龙眼肉/Longyanrou50.jpg,92,龙眼肉
train/蜂房/FengfangFengfang69.jpg,74,蜂房
train/草豆蔻/CaodoukouCaodoukouCaodoukou38.jpg,64,草豆蔻
train/太子参/Taizishen10.jpg,15,太子参
train/槟榔/BinglangBinglangBinglangBinglang_31.jpg,31,槟榔
train/全蝎/Quanxie62.jpg,5,全蝎
train/白蔹/BailianBailianBailian105.jpg,49,白蔹
train/麦冬/Maidong81.jpg,88,麦冬
train/合欢皮/HehuanpiHehuanpi48.jpg,9,合欢皮
train/黄芪/HuangqiHuangqi28.jpg,91,黄芪
train/金灯笼/Jindenglong34.jpg,81,金灯笼
train/肉豆蔻/Roudoukou101.jpg,56,肉豆蔻
train/九香虫/Jiuxiangchong38.jpg,1,九香虫
train/川牛膝/ChuanniuxiChuanniuxi53.jpg,22,川牛膝
train/路路通/Lulutong22.jpg,77,路路通
train/白蔹/BailianBailianBailian27.jpg,49,白蔹
train/桂枝/GuizhiGuizhiGuizhiIMG_20200719_174650.jpg,27,桂枝
train/大腹皮/DafupiDafupi64.jpg,12,大腹皮
train/川牛膝/ChuanniuxiChuanniuxi50.jpg,22,川牛膝
train/北沙参/BeishashenBeishashenBeishashen109.jpg,7,北沙参
train/秦皮/Qinpi22.jpg,51,秦皮
train/槟榔/BinglangBinglangBinglangIMG_20200719_180525.jpg,31,槟榔
train/金钱白花蛇/Jinqianbaihuashe48.jpg,82,金钱白花蛇
train/桂枝/GuizhiGuizhiGuizhiGuizhi_66.jpg,27,桂枝
train/白芍/BaishaoBaishaoBaishaoBaishao_27.jpg,46,白芍
train/自然铜/Zirantong90.jpg,57,自然铜
train/白蔹/BailianBailianBailian66.jpg,49,白蔹
train/合欢皮/HehuanpiHehuanpi45.jpg,9,合欢皮
train/天花粉/Tianhuafen81.jpg,13,天花粉
train/湖北贝母/Hubeibeimu26.jpg,37,湖北贝母
train/白前/BaiqianBaiqianBaiqian90.jpg,43,白前
train/丝瓜络/Sigualuo27.jpg,0,丝瓜络
train/酸枣仁/SuanzaorenSuanzaorenSuanzaorenIMG_20200722_165619.jpg,79,酸枣仁
train/藁本/GaobenGaobenGaobenGaoben_50.jpg,73,藁本
train/芦根/Lugen68.jpg,59,芦根
train/僵蚕/Jiangcan72.jpg,4,僵蚕
train/荜澄茄/BichengqieBichengqieBichengqie36.jpg,67,荜澄茄
train/荆芥穗/Jingjiesui62.jpg,63,荆芥穗
train/湖北贝母/Hubeibeimu72.jpg,37,湖北贝母
train/苦地丁/Kudiding90.jpg,62,苦地丁
train/丝瓜络/Sigualuo65.jpg,0,丝瓜络
train/自然铜/Zirantong106.jpg,57,自然铜
train/川木香/ChuanmuxiangChuanmuxiang63.jpg,20,川木香
train/蜂房/FengfangFengfang59.jpg,74,蜂房
train/川牛膝/ChuanniuxiChuanniuxi28.jpg,22,川牛膝
train/龙眼肉/Longyanrou5.jpg,92,龙眼肉
train/薏苡仁/Yiyiren71.jpg,72,薏苡仁
train/土荆皮/Tujingpi86.jpg,10,土荆皮
train/沉香/ChenxiangChenxiang52.jpg,33,沉香
train/羌活/QianghuoQianghuoQianghuoQianghuo_66.jpg,55,羌活
train/安息香/AnxixiangAnxixiangAnxixiang72.jpg,16,安息香
train/苏木/Sumu0.jpg,61,苏木
train/石榴皮/Shiliupi28.jpg,50,石榴皮
train/荔枝核/Lizhihe71.jpg,65,荔枝核
train/甘草/GancaoGancaoGancaoIMG_20200719_172657.jpg,41,甘草
train/苏木/Sumu42.jpg,61,苏木
train/天麻/Tianma0.jpg,14,天麻
train/冬虫夏草/DongchongxiacaoDongchongxiacao40.jpg,6,冬虫夏草
train/金果榄/Jinguolan1.jpg,80,金果榄
train/甘草/GancaoGancaoGancaoIMG_20200719_172756.jpg,41,甘草
train/白芷/BaizhiBaizhiBaizhiBaizhi_35.jpg,47,白芷
train/桂枝/GuizhiGuizhiGuizhiGuizhi_65.jpg,27,桂枝
train/灵芝/Lingzhi113.jpg,38,灵芝
train/黄芩/HuangqinHuangqinHuangqinHuangqin_43.jpg,90,黄芩
train/天花粉/Tianhuafen5.jpg,13,天花粉
train/白矾/BaifanBaifanBaifan29.jpg,45,白矾
train/银柴胡/Yinchaihu100.jpg,83,银柴胡
train/木丁香/Mudingxiang11.jpg,24,木丁香
train/冬虫夏草/DongchongxiacaoDongchongxiacao60.jpg,6,冬虫夏草
train/浙贝母/ZhebeimuZhebeimuZhebeimuIMG_20200722_171202.jpg,34,浙贝母
train/全蝎/Quanxie52.jpg,5,全蝎
train/桑寄生/SangjishengSangjishengSangjishengSangjisheng_30.jpg,28,桑寄生
train/大腹皮/DafupiDafupi23.jpg,12,大腹皮
train/人参/Renshen63.jpg,3,人参
train/甘松/GansongGansong69.jpg,40,甘松
train/细辛/XixinXixinXixinXixin_12.jpg,54,细辛
train/地龙/DilongDilong78.jpg,11,地龙
train/苍术/CangzhuCangzhuCangzhuIMG_20200720_165836.jpg,60,苍术
train/银柴胡/Yinchaihu38.jpg,83,银柴胡
train/草豆蔻/CaodoukouCaodoukouCaodoukou36.jpg,64,草豆蔻
train/苏木/Sumu48.jpg,61,苏木
train/稻芽/DaoyaDaoya113.jpg,52,稻芽
train/黄芪/HuangqiHuangqi24.jpg,91,黄芪
train/黄柏/HuangboHuangboHuangboHuangbo_40.jpg,89,黄柏
train/天花粉/Tianhuafen49.jpg,13,天花粉
train/浙贝母/ZhebeimuZhebeimuZhebeimuIMG_20200722_171207.jpg,34,浙贝母
train/鳖甲/BiejiaBiejiaBiejia96.jpg,85,鳖甲
train/僵蚕/Jiangcan55.jpg,4,僵蚕
train/稻芽/DaoyaDaoya34.jpg,52,稻芽
train/酸枣仁/SuanzaorenSuanzaorenSuanzaorenIMG_20200722_165605_1.jpg,79,酸枣仁
train/龙眼肉/Longyanrou10.jpg,92,龙眼肉
train/天麻/Tianma56.jpg,14,天麻
train/莲子心/Lianzixin26.jpg,70,莲子心
train/北沙参/BeishashenBeishashenBeishashen93.jpg,7,北沙参
train/土荆皮/Tujingpi23.jpg,10,土荆皮
train/荆芥穗/Jingjiesui18.jpg,63,荆芥穗
train/石榴皮/Shiliupi98.jpg,50,石榴皮
train/僵蚕/Jiangcan20.jpg,4,僵蚕
train/稻芽/DaoyaDaoya107.jpg,52,稻芽
train/桂枝/GuizhiGuizhiGuizhiGuizhi_21.jpg,27,桂枝
train/番泻叶/FanxieyeFanxieye61.jpg,42,番泻叶
train/荜澄茄/BichengqieBichengqieBichengqie111.jpg,67,荜澄茄
train/天花粉/Tianhuafen109.jpg,13,天花粉
train/番泻叶/FanxieyeFanxieye41.jpg,42,番泻叶
train/灵芝/Lingzhi75.jpg,38,灵芝
train/羌活/QianghuoQianghuoQianghuoQianghuo_20.jpg,55,羌活
train/太子参/Taizishen19.jpg,15,太子参
train/海螵蛸/HaipiaoxiaoHaipiaoxiao117.jpg,35,海螵蛸
train/竹茹/Zhuru117.jpg,53,竹茹
train/荜拨/BiboBiboBibo72.jpg,66,荜拨
train/瓦楞子/Walengzi85.jpg,39,瓦楞子
train/白前/BaiqianBaiqianBaiqian49.jpg,43,白前
train/甘草/GancaoGancaoGancaoGancao_68.jpg,41,甘草
train/大腹皮/DafupiDafupi56.jpg,12,大腹皮
train/全蝎/Quanxie42.jpg,5,全蝎
train/柏子仁/BaizirenBaizirenBaiziren94.jpg,26,柏子仁
train/干姜/GanjiangGanjiang118.jpg,23,干姜
train/甘松/GansongGansong45.jpg,40,甘松
train/苍术/CangzhuCangzhuCangzhuIMG_20200720_165849.jpg,60,苍术
train/五加皮/WujiapiWujiapiWujiapiWujiapi_73.jpg,2,五加皮
train/龙眼肉/Longyanrou37.jpg,92,龙眼肉
train/山茱萸/Shanzhuyu54.jpg,19,山茱萸
train/鸡内金/Jineijin74.jpg,86,鸡内金
train/槟榔/BinglangBinglangBinglangBinglang_91.jpg,31,槟榔
train/羌活/QianghuoQianghuoQianghuoQianghuo_110.jpg,55,羌活
train/地龙/DilongDilong73.jpg,11,地龙
train/山慈菇/Shancigu33.jpg,18,山慈菇
train/薏苡仁/Yiyiren81.jpg,72,薏苡仁
train/山慈菇/Shancigu76.jpg,18,山慈菇
train/枸杞子/GouqiziGouqizi93.jpg,25,枸杞子
train/鸡冠花/Jiguanhua117.jpg,87,鸡冠花
train/荜澄茄/BichengqieBichengqieBichengqie24.jpg,67,荜澄茄
train/柏子仁/BaizirenBaizirenBaiziren117.jpg,26,柏子仁
train/黄柏/HuangboHuangboHuangboHuangbo_100.jpg,89,黄柏
train/全蝎/Quanxie50.jpg,5,全蝎
train/黄芪/HuangqiHuangqi103.jpg,91,黄芪
train/莲子心/Lianzixin92.jpg,70,莲子心
train/酸枣仁/SuanzaorenSuanzaorenSuanzaorenSuanzaoren_19.jpg,79,酸枣仁
train/土荆皮/Tujingpi61.jpg,10,土荆皮
train/太子参/Taizishen57.jpg,15,太子参
train/黄柏/HuangboHuangboHuangboHuangbo_47.jpg,89,黄柏
train/瓦楞子/Walengzi11.jpg,39,瓦楞子
train/川牛膝/ChuanniuxiChuanniuxi69.jpg,22,川牛膝
train/淡豆豉/DandouchiDandouchi27.jpg,36,淡豆豉
train/鸡冠花/Jiguanhua68.jpg,87,鸡冠花
train/麦冬/Maidong33.jpg,88,麦冬
train/芥子/Jiezi64.jpg,58,芥子
train/橘核/Juhe99.jpg,32,橘核
train/白扁豆/BaibiandouBaibiandouBaibiandou67.jpg,44,白扁豆
train/山慈菇/Shancigu53.jpg,18,山慈菇
train/肉豆蔻/Roudoukou52.jpg,56,肉豆蔻
train/甘松/GansongGansong64.jpg,40,甘松
train/金钱白花蛇/Jinqianbaihuashe103.jpg,82,金钱白花蛇
train/沉香/ChenxiangChenxiang60.jpg,33,沉香
train/桑螵蛸/Sangpiaoxiao66.jpg,30,桑螵蛸
train/肉豆蔻/Roudoukou100.jpg,56,肉豆蔻
train/太子参/Taizishen40.jpg,15,太子参
train/湖北贝母/Hubeibeimu99.jpg,37,湖北贝母
train/金灯笼/Jindenglong23.jpg,81,金灯笼
train/金钱白花蛇/Jinqianbaihuashe78.jpg,82,金钱白花蛇
train/自然铜/Zirantong0.jpg,57,自然铜
train/桑螵蛸/Sangpiaoxiao68.jpg,30,桑螵蛸
train/莲房/Lianfang92.jpg,71,莲房
train/石榴皮/Shiliupi101.jpg,50,石榴皮
train/橘核/Juhe10.jpg,32,橘核
train/麦冬/Maidong105.jpg,88,麦冬
train/山奈/Shannai5.jpg,17,山奈
train/桑螵蛸/Sangpiaoxiao13.jpg,30,桑螵蛸
train/荆芥穗/Jingjiesui4.jpg,63,荆芥穗
train/莲子心/Lianzixin2.jpg,70,莲子心
train/莱菔子/Laifuzi55.jpg,68,莱菔子
train/竹茹/Zhuru41.jpg,53,竹茹
train/白芷/BaizhiBaizhiBaizhiBaizhi_27.jpg,47,白芷
train/安息香/AnxixiangAnxixiangAnxixiang29.jpg,16,安息香
train/山茱萸/Shanzhuyu41.jpg,19,山茱萸
train/白芍/BaishaoBaishaoBaishaoBaishao_68.jpg,46,白芍
train/地龙/DilongDilong36.jpg,11,地龙
train/枸杞子/GouqiziGouqizi103.jpg,25,枸杞子
train/黄芪/HuangqiHuangqi116.jpg,91,黄芪
train/天花粉/Tianhuafen21.jpg,13,天花粉
train/天麻/Tianma98.jpg,14,天麻
train/谷精草/GujingcaoGujingcao32.jpg,75,谷精草
train/柏子仁/BaizirenBaizirenBaiziren25.jpg,26,柏子仁
train/桑椹/Sangshen2.jpg,29,桑椹
train/细辛/XixinXixinXixinXixin_70.jpg,54,细辛
train/羌活/QianghuoQianghuoQianghuoIMG_20200719_173059.jpg,55,羌活
train/川楝子/ChuanlianziChuanlianzi84.jpg,21,川楝子
train/灵芝/Lingzhi79.jpg,38,灵芝
train/防风/FangfengFangfengFangfengFangfeng_3.jpg,84,防风
train/九香虫/Jiuxiangchong53.jpg,1,九香虫
train/天麻/Tianma8.jpg,14,天麻
train/柏子仁/BaizirenBaizirenBaiziren86.jpg,26,柏子仁
train/细辛/XixinXixinXixinXixin_22.jpg,54,细辛
train/天花粉/Tianhuafen70.jpg,13,天花粉
train/羌活/QianghuoQianghuoQianghuoQianghuo_23.jpg,55,羌活
train/木丁香/Mudingxiang67.jpg,24,木丁香
train/柏子仁/BaizirenBaizirenBaiziren68.jpg,26,柏子仁
train/湖北贝母/Hubeibeimu73.jpg,37,湖北贝母
train/郁金/Yujin81.jpg,78,郁金
train/丝瓜络/Sigualuo97.jpg,0,丝瓜络
train/千年健/Qiannianjian3.jpg,8,千年健
train/桑椹/Sangshen38.jpg,29,桑椹
train/鸡冠花/Jiguanhua69.jpg,87,鸡冠花
train/细辛/XixinXixinXixinXixin_42.jpg,54,细辛
train/白芷/BaizhiBaizhiBaizhiIMG_20200720_173747_1.jpg,47,白芷
train/黄芩/HuangqinHuangqinHuangqinHuangqin_72.jpg,90,黄芩
train/湖北贝母/Hubeibeimu20.jpg,37,湖北贝母
train/桑寄生/SangjishengSangjishengSangjishengSangjisheng_78.jpg,28,桑寄生
train/土荆皮/Tujingpi34.jpg,10,土荆皮
train/鳖甲/BiejiaBiejiaBiejia68.jpg,85,鳖甲
train/千年健/Qiannianjian13.jpg,8,千年健
train/僵蚕/Jiangcan35.jpg,4,僵蚕
train/桑椹/Sangshen48.jpg,29,桑椹
train/龙眼肉/Longyanrou76.jpg,92,龙眼肉
train/山奈/Shannai30.jpg,17,山奈
train/五加皮/WujiapiWujiapiWujiapiWujiapi_93.jpg,2,五加皮
train/甘松/GansongGansong46.jpg,40,甘松
train/肉豆蔻/Roudoukou68.jpg,56,肉豆蔻
train/谷芽/GuyaGuya62.jpg,76,谷芽
train/麦冬/Maidong6.jpg,88,麦冬
train/海螵蛸/HaipiaoxiaoHaipiaoxiao40.jpg,35,海螵蛸
train/石榴皮/Shiliupi26.jpg,50,石榴皮
train/路路通/Lulutong75.jpg,77,路路通
train/冬虫夏草/DongchongxiacaoDongchongxiacao22.jpg,6,冬虫夏草
train/莲房/Lianfang58.jpg,71,莲房
train/荜拨/BiboBiboBibo80.jpg,66,荜拨
train/橘核/Juhe30.jpg,32,橘核
train/人参/Renshen47.jpg,3,人参
train/银柴胡/Yinchaihu8.jpg,83,银柴胡
train/白扁豆/BaibiandouBaibiandouBaibiandou28.jpg,44,白扁豆
train/芦根/Lugen96.jpg,59,芦根
train/槟榔/BinglangBinglangBinglangBinglang_19.jpg,31,槟榔
train/番泻叶/FanxieyeFanxieye38.jpg,42,番泻叶
train/鸡内金/Jineijin8.jpg,86,鸡内金
train/莲子/Lianzi47.jpg,69,莲子
train/莱菔子/Laifuzi10.jpg,68,莱菔子
train/川牛膝/ChuanniuxiChuanniuxi63.jpg,22,川牛膝
train/白矾/BaifanBaifanBaifan102.jpg,45,白矾
train/莱菔子/Laifuzi47.jpg,68,莱菔子
train/芦根/Lugen59.jpg,59,芦根
train/路路通/Lulutong98.jpg,77,路路通
train/芥子/Jiezi93.jpg,58,芥子
train/鳖甲/BiejiaBiejiaBiejia37.jpg,85,鳖甲
train/甘松/GansongGansong68.jpg,40,甘松
train/天花粉/Tianhuafen12.jpg,13,天花粉
train/木丁香/Mudingxiang56.jpg,24,木丁香
train/五加皮/WujiapiWujiapiWujiapiWujiapi_82.jpg,2,五加皮
train/僵蚕/Jiangcan32.jpg,4,僵蚕
train/白芍/BaishaoBaishaoBaishaoBaishao_37.jpg,46,白芍
train/路路通/Lulutong74.jpg,77,路路通
train/蜂房/FengfangFengfang66.jpg,74,蜂房
train/地龙/DilongDilong101.jpg,11,地龙
train/白芍/BaishaoBaishaoBaishaoBaishao_50.jpg,46,白芍
train/全蝎/Quanxie38.jpg,5,全蝎
train/秦皮/Qinpi53.jpg,51,秦皮
train/金钱白花蛇/Jinqianbaihuashe91.jpg,82,金钱白花蛇
train/甘松/GansongGansong23.jpg,40,甘松
train/白芍/BaishaoBaishaoBaishaoBaishao_30.jpg,46,白芍
train/稻芽/DaoyaDaoya28.jpg,52,稻芽
train/鸡冠花/Jiguanhua65.jpg,87,鸡冠花
train/金灯笼/Jindenglong59.jpg,81,金灯笼
train/北沙参/BeishashenBeishashenBeishashen44.jpg,7,北沙参
train/谷芽/GuyaGuya92.jpg,76,谷芽
train/白芷/BaizhiBaizhiBaizhiIMG_20200720_173725.jpg,47,白芷
train/合欢皮/HehuanpiHehuanpi108.jpg,9,合欢皮
train/鳖甲/BiejiaBiejiaBiejia88.jpg,85,鳖甲
train/白芍/BaishaoBaishaoBaishaoBaishao_22.jpg,46,白芍
train/谷芽/GuyaGuya64.jpg,76,谷芽
train/石榴皮/Shiliupi13.jpg,50,石榴皮
train/白蔹/BailianBailianBailian92.jpg,49,白蔹
train/合欢皮/HehuanpiHehuanpi93.jpg,9,合欢皮
train/柏子仁/BaizirenBaizirenBaiziren53.jpg,26,柏子仁
train/浙贝母/ZhebeimuZhebeimuZhebeimuZhebeimu_106.jpg,34,浙贝母
train/天麻/Tianma18.jpg,14,天麻
train/芦根/Lugen79.jpg,59,芦根
train/木丁香/Mudingxiang32.jpg,24,木丁香
train/麦冬/Maidong36.jpg,88,麦冬
train/荜澄茄/BichengqieBichengqieBichengqie106.jpg,67,荜澄茄
train/路路通/Lulutong28.jpg,77,路路通
train/丝瓜络/Sigualuo69.jpg,0,丝瓜络
train/柏子仁/BaizirenBaizirenBaiziren104.jpg,26,柏子仁
train/地龙/DilongDilong66.jpg,11,地龙
train/湖北贝母/Hubeibeimu48.jpg,37,湖北贝母
train/海螵蛸/HaipiaoxiaoHaipiaoxiao46.jpg,35,海螵蛸
train/鳖甲/BiejiaBiejiaBiejia47.jpg,85,鳖甲
train/安息香/AnxixiangAnxixiangAnxixiang75.jpg,16,安息香
train/防风/FangfengFangfengFangfengFangfeng_15.jpg,84,防风
train/山奈/Shannai56.jpg,17,山奈
train/苏木/Sumu1.jpg,61,苏木
train/天花粉/Tianhuafen25.jpg,13,天花粉
train/白芷/BaizhiBaizhiBaizhiBaizhi_31.jpg,47,白芷
train/浙贝母/ZhebeimuZhebeimuZhebeimuZhebeimu_80.jpg,34,浙贝母
train/芦根/Lugen41.jpg,59,芦根
train/僵蚕/Jiangcan11.jpg,4,僵蚕
train/草豆蔻/CaodoukouCaodoukouCaodoukou75.jpg,64,草豆蔻
train/白蔹/BailianBailianBailian64.jpg,49,白蔹
train/麦冬/Maidong94.jpg,88,麦冬
train/鸡冠花/Jiguanhua81.jpg,87,鸡冠花
train/瓦楞子/Walengzi53.jpg,39,瓦楞子
train/薏苡仁/Yiyiren37.jpg,72,薏苡仁
train/甘松/GansongGansong72.jpg,40,甘松
train/苍术/CangzhuCangzhuCangzhuIMG_20200720_165854.jpg,60,苍术
train/淡豆豉/DandouchiDandouchi62.jpg,36,淡豆豉
train/天麻/Tianma88.jpg,14,天麻
train/白扁豆/BaibiandouBaibiandouBaibiandou93.jpg,44,白扁豆
train/山奈/Shannai7.jpg,17,山奈
train/山慈菇/Shancigu66.jpg,18,山慈菇
train/石榴皮/Shiliupi27.jpg,50,石榴皮
train/郁金/Yujin26.jpg,78,郁金
train/天花粉/Tianhuafen67.jpg,13,天花粉
train/白茅根/BaimaogenBaimaogenBaimaogen117.jpg,48,白茅根
train/苏木/Sumu86.jpg,61,苏木
train/芦根/Lugen64.jpg,59,芦根
train/白矾/BaifanBaifanBaifan108.jpg,45,白矾
train/莲房/Lianfang21.jpg,71,莲房
train/甘草/GancaoGancaoGancaoGancao_36.jpg,41,甘草
train/龙眼肉/Longyanrou97.jpg,92,龙眼肉
train/芥子/Jiezi107.jpg,58,芥子
train/白芷/BaizhiBaizhiBaizhiBaizhi_23.jpg,47,白芷
train/干姜/GanjiangGanjiang29.jpg,23,干姜
train/金钱白花蛇/Jinqianbaihuashe33.jpg,82,金钱白花蛇
train/郁金/Yujin34.jpg,78,郁金
train/五加皮/WujiapiWujiapiWujiapiIMG_20200722_170013.jpg,2,五加皮
train/谷芽/GuyaGuya43.jpg,76,谷芽
train/酸枣仁/SuanzaorenSuanzaorenSuanzaorenSuanzaoren_77.jpg,79,酸枣仁
train/麦冬/Maidong3.jpg,88,麦冬
train/川木香/ChuanmuxiangChuanmuxiang85.jpg,20,川木香
train/槟榔/BinglangBinglangBinglangIMG_20200719_180540.jpg,31,槟榔
train/白矾/BaifanBaifanBaifan53.jpg,45,白矾
train/苍术/CangzhuCangzhuCangzhuCangzhu_46.jpg,60,苍术
train/藁本/GaobenGaobenGaobenIMG_20200720_174348.jpg,73,藁本
train/木丁香/Mudingxiang37.jpg,24,木丁香
train/金灯笼/Jindenglong61.jpg,81,金灯笼
train/荔枝核/Lizhihe93.jpg,65,荔枝核
train/山奈/Shannai93.jpg,17,山奈
train/细辛/XixinXixinXixinXixin_41.jpg,54,细辛
train/细辛/XixinXixinXixinIMG_20200720_170919.jpg,54,细辛
train/苦地丁/Kudiding4.jpg,62,苦地丁
train/人参/Renshen69.jpg,3,人参
train/芥子/Jiezi119.jpg,58,芥子
train/苦地丁/Kudiding107.jpg,62,苦地丁
train/黄芪/HuangqiHuangqi20.jpg,91,黄芪
train/银柴胡/Yinchaihu37.jpg,83,银柴胡
train/太子参/Taizishen79.jpg,15,太子参
train/荜澄茄/BichengqieBichengqieBichengqie80.jpg,67,荜澄茄
train/槟榔/BinglangBinglangBinglangIMG_20200719_180533.jpg,31,槟榔
train/北沙参/BeishashenBeishashenBeishashen78.jpg,7,北沙参
train/龙眼肉/Longyanrou20.jpg,92,龙眼肉
train/地龙/DilongDilong106.jpg,11,地龙
train/稻芽/DaoyaDaoya102.jpg,52,稻芽
train/川牛膝/ChuanniuxiChuanniuxi51.jpg,22,川牛膝
train/太子参/Taizishen100.jpg,15,太子参
train/山奈/Shannai108.jpg,17,山奈
train/莲子心/Lianzixin36.jpg,70,莲子心
train/芥子/Jiezi19.jpg,58,芥子
train/沉香/ChenxiangChenxiang113.jpg,33,沉香
train/细辛/XixinXixinXixinIMG_20200720_170921_1.jpg,54,细辛
train/白芍/BaishaoBaishaoBaishaoBaishao_47.jpg,46,白芍
train/鸡冠花/Jiguanhua96.jpg,87,鸡冠花
train/海螵蛸/HaipiaoxiaoHaipiaoxiao65.jpg,35,海螵蛸
train/冬虫夏草/DongchongxiacaoDongchongxiacao68.jpg,6,冬虫夏草
train/木丁香/Mudingxiang16.jpg,24,木丁香
train/瓦楞子/Walengzi12.jpg,39,瓦楞子
train/海螵蛸/HaipiaoxiaoHaipiaoxiao75.jpg,35,海螵蛸
train/龙眼肉/Longyanrou72.jpg,92,龙眼肉
train/石榴皮/Shiliupi51.jpg,50,石榴皮
train/芦根/Lugen26.jpg,59,芦根
train/全蝎/Quanxie29.jpg,5,全蝎
train/冬虫夏草/DongchongxiacaoDongchongxiacao39.jpg,6,冬虫夏草
train/槟榔/BinglangBinglangBinglangBinglang_7.jpg,31,槟榔
train/麦冬/Maidong38.jpg,88,麦冬
train/枸杞子/GouqiziGouqizi56.jpg,25,枸杞子
train/土荆皮/Tujingpi66.jpg,10,土荆皮
train/海螵蛸/HaipiaoxiaoHaipiaoxiao64.jpg,35,海螵蛸
train/荔枝核/Lizhihe73.jpg,65,荔枝核
train/黄柏/HuangboHuangboHuangboHuangbo_48.jpg,89,黄柏
train/莲房/Lianfang44.jpg,71,莲房
train/苏木/Sumu119.jpg,61,苏木
train/桑椹/Sangshen36.jpg,29,桑椹
train/秦皮/Qinpi74.jpg,51,秦皮
train/黄柏/HuangboHuangboHuangboHuangbo_34.jpg,89,黄柏
train/瓦楞子/Walengzi102.jpg,39,瓦楞子
train/肉豆蔻/Roudoukou109.jpg,56,肉豆蔻
train/竹茹/Zhuru53.jpg,53,竹茹
train/白扁豆/BaibiandouBaibiandouBaibiandou76.jpg,44,白扁豆
train/石榴皮/Shiliupi2.jpg,50,石榴皮
train/干姜/GanjiangGanjiang89.jpg,23,干姜
train/谷精草/GujingcaoGujingcao82.jpg,75,谷精草
train/藁本/GaobenGaobenGaobenGaoben_41.jpg,73,藁本
train/麦冬/Maidong51.jpg,88,麦冬
train/黄芪/HuangqiHuangqi41.jpg,91,黄芪
train/谷芽/GuyaGuya110.jpg,76,谷芽
train/山茱萸/Shanzhuyu29.jpg,19,山茱萸
train/全蝎/Quanxie22.jpg,5,全蝎
train/山茱萸/Shanzhuyu98.jpg,19,山茱萸
train/川牛膝/ChuanniuxiChuanniuxi33.jpg,22,川牛膝
train/木丁香/Mudingxiang5.jpg,24,木丁香
train/甘松/GansongGansong30.jpg,40,甘松
train/土荆皮/Tujingpi74.jpg,10,土荆皮
train/浙贝母/ZhebeimuZhebeimuZhebeimuZhebeimu_125.jpg,34,浙贝母
train/山慈菇/Shancigu96.jpg,18,山慈菇
train/桑寄生/SangjishengSangjishengSangjishengSangjisheng_11.jpg,28,桑寄生
train/石榴皮/Shiliupi50.jpg,50,石榴皮
train/龙眼肉/Longyanrou83.jpg,92,龙眼肉
train/白扁豆/BaibiandouBaibiandouBaibiandou85.jpg,44,白扁豆
train/桂枝/GuizhiGuizhiGuizhiGuizhi_20.jpg,27,桂枝
train/天花粉/Tianhuafen113.jpg,13,天花粉
train/银柴胡/Yinchaihu83.jpg,83,银柴胡
train/石榴皮/Shiliupi66.jpg,50,石榴皮
train/天花粉/Tianhuafen34.jpg,13,天花粉
train/冬虫夏草/DongchongxiacaoDongchongxiacao45.jpg,6,冬虫夏草
train/藁本/GaobenGaobenGaobenIMG_20200720_174327.jpg,73,藁本
train/枸杞子/GouqiziGouqizi25.jpg,25,枸杞子
train/蜂房/FengfangFengfang57.jpg,74,蜂房
train/白芷/BaizhiBaizhiBaizhiIMG_20200720_173707.jpg,47,白芷
train/鸡内金/Jineijin92.jpg,86,鸡内金
train/羌活/QianghuoQianghuoQianghuoQianghuo_123.jpg,55,羌活
train/金果榄/Jinguolan38.jpg,80,金果榄
train/肉豆蔻/Roudoukou36.jpg,56,肉豆蔻
train/路路通/Lulutong29.jpg,77,路路通
train/九香虫/Jiuxiangchong54.jpg,1,九香虫
train/川楝子/ChuanlianziChuanlianzi80.jpg,21,川楝子
train/郁金/Yujin96.jpg,78,郁金
train/合欢皮/HehuanpiHehuanpi46.jpg,9,合欢皮
train/黄芩/HuangqinHuangqinHuangqinHuangqin_32.jpg,90,黄芩
train/郁金/Yujin92.jpg,78,郁金
train/川楝子/ChuanlianziChuanlianzi74.jpg,21,川楝子
train/川牛膝/ChuanniuxiChuanniuxi44.jpg,22,川牛膝
train/金灯笼/Jindenglong110.jpg,81,金灯笼
train/路路通/Lulutong19.jpg,77,路路通
train/山奈/Shannai3.jpg,17,山奈
train/黄芪/HuangqiHuangqi97.jpg,91,黄芪
train/竹茹/Zhuru79.jpg,53,竹茹
train/安息香/AnxixiangAnxixiangAnxixiang33.jpg,16,安息香
train/鳖甲/BiejiaBiejiaBiejia92.jpg,85,鳖甲
train/瓦楞子/Walengzi92.jpg,39,瓦楞子
train/白前/BaiqianBaiqianBaiqian107.jpg,43,白前
train/鸡内金/Jineijin34.jpg,86,鸡内金
train/白蔹/BailianBailianBailian101.jpg,49,白蔹
train/木丁香/Mudingxiang12.jpg,24,木丁香
train/土荆皮/Tujingpi69.jpg,10,土荆皮
train/合欢皮/HehuanpiHehuanpi25.jpg,9,合欢皮
train/黄芪/HuangqiHuangqi53.jpg,91,黄芪
train/全蝎/Quanxie89.jpg,5,全蝎
train/九香虫/Jiuxiangchong55.jpg,1,九香虫
train/地龙/DilongDilong77.jpg,11,地龙
train/细辛/XixinXixinXixinXixin_32.jpg,54,细辛
train/五加皮/WujiapiWujiapiWujiapiWujiapi_29.jpg,2,五加皮
train/大腹皮/DafupiDafupi72.jpg,12,大腹皮
train/番泻叶/FanxieyeFanxieye22.jpg,42,番泻叶
train/柏子仁/BaizirenBaizirenBaiziren27.jpg,26,柏子仁
train/白前/BaiqianBaiqianBaiqian113.jpg,43,白前
train/川木香/ChuanmuxiangChuanmuxiang95.jpg,20,川木香
train/白前/BaiqianBaiqianBaiqian39.jpg,43,白前
train/桑螵蛸/Sangpiaoxiao23.jpg,30,桑螵蛸
train/地龙/DilongDilong61.jpg,11,地龙
train/淡豆豉/DandouchiDandouchi39.jpg,36,淡豆豉
train/薏苡仁/Yiyiren36.jpg,72,薏苡仁
train/九香虫/Jiuxiangchong29.jpg,1,九香虫
train/芦根/Lugen15.jpg,59,芦根
train/羌活/QianghuoQianghuoQianghuoQianghuo_29.jpg,55,羌活
train/石榴皮/Shiliupi43.jpg,50,石榴皮
train/黄柏/HuangboHuangboHuangboHuangbo_99.jpg,89,黄柏
train/白前/BaiqianBaiqianBaiqian32.jpg,43,白前
train/薏苡仁/Yiyiren44.jpg,72,薏苡仁
train/防风/FangfengFangfengFangfengIMG_20200720_174548.jpg,84,防风
train/荔枝核/Lizhihe10.jpg,65,荔枝核
train/冬虫夏草/DongchongxiacaoDongchongxiacao81.jpg,6,冬虫夏草
train/九香虫/Jiuxiangchong23.jpg,1,九香虫
train/地龙/DilongDilong29.jpg,11,地龙
train/浙贝母/ZhebeimuZhebeimuZhebeimuZhebeimu_36.jpg,34,浙贝母
train/桑寄生/SangjishengSangjishengSangjishengSangjisheng_60.jpg,28,桑寄生
train/桑寄生/SangjishengSangjishengSangjishengIMG_20200724_180448.jpg,28,桑寄生
train/山奈/Shannai107.jpg,17,山奈
train/白前/BaiqianBaiqianBaiqian57.jpg,43,白前
train/安息香/AnxixiangAnxixiangAnxixiang98.jpg,16,安息香
train/白芷/BaizhiBaizhiBaizhiBaizhi_10.jpg,47,白芷
train/冬虫夏草/DongchongxiacaoDongchongxiacao44.jpg,6,冬虫夏草
train/苍术/CangzhuCangzhuCangzhuCangzhu_11.jpg,60,苍术
train/丝瓜络/Sigualuo32.jpg,0,丝瓜络
train/细辛/XixinXixinXixinXixin_19.jpg,54,细辛
train/白扁豆/BaibiandouBaibiandouBaibiandou52.jpg,44,白扁豆
train/苦地丁/Kudiding62.jpg,62,苦地丁
train/麦冬/Maidong86.jpg,88,麦冬
train/苍术/CangzhuCangzhuCangzhuIMG_20200720_165847.jpg,60,苍术
train/僵蚕/Jiangcan6.jpg,4,僵蚕
train/山茱萸/Shanzhuyu27.jpg,19,山茱萸
train/甘松/GansongGansong83.jpg,40,甘松
train/谷精草/GujingcaoGujingcao81.jpg,75,谷精草
train/麦冬/Maidong57.jpg,88,麦冬
train/荔枝核/Lizhihe104.jpg,65,荔枝核
train/橘核/Juhe52.jpg,32,橘核
train/五加皮/WujiapiWujiapiWujiapiWujiapi_12.jpg,2,五加皮
train/全蝎/Quanxie5.jpg,5,全蝎
train/柏子仁/BaizirenBaizirenBaiziren58.jpg,26,柏子仁
train/莲房/Lianfang56.jpg,71,莲房
train/淡豆豉/DandouchiDandouchi40.jpg,36,淡豆豉
train/干姜/GanjiangGanjiang52.jpg,23,干姜
train/金灯笼/Jindenglong3.jpg,81,金灯笼
train/酸枣仁/SuanzaorenSuanzaorenSuanzaorenSuanzaoren_16.jpg,79,酸枣仁
train/苏木/Sumu11.jpg,61,苏木
train/天麻/Tianma119.jpg,14,天麻
train/北沙参/BeishashenBeishashenBeishashen95.jpg,7,北沙参
train/桑螵蛸/Sangpiaoxiao75.jpg,30,桑螵蛸
train/荆芥穗/Jingjiesui26.jpg,63,荆芥穗
train/麦冬/Maidong68.jpg,88,麦冬
train/木丁香/Mudingxiang80.jpg,24,木丁香
train/全蝎/Quanxie3.jpg,5,全蝎
train/荆芥穗/Jingjiesui84.jpg,63,荆芥穗
train/肉豆蔻/Roudoukou22.jpg,56,肉豆蔻
train/酸枣仁/SuanzaorenSuanzaorenSuanzaorenIMG_20200722_165615.jpg,79,酸枣仁
train/秦皮/Qinpi69.jpg,51,秦皮
train/白扁豆/BaibiandouBaibiandouBaibiandou73.jpg,44,白扁豆
train/桑寄生/SangjishengSangjishengSangjishengIMG_20200724_180455.jpg,28,桑寄生
train/秦皮/Qinpi60.jpg,51,秦皮
train/荆芥穗/Jingjiesui86.jpg,63,荆芥穗
train/白茅根/BaimaogenBaimaogenBaimaogen25.jpg,48,白茅根
train/羌活/QianghuoQianghuoQianghuoQianghuo_27.jpg,55,羌活
train/甘草/GancaoGancaoGancaoIMG_20200719_172815.jpg,41,甘草
train/白茅根/BaimaogenBaimaogenBaimaogen39.jpg,48,白茅根
train/莲房/Lianfang39.jpg,71,莲房
train/竹茹/Zhuru46.jpg,53,竹茹
train/山茱萸/Shanzhuyu35.jpg,19,山茱萸
train/合欢皮/HehuanpiHehuanpi74.jpg,9,合欢皮
train/荜澄茄/BichengqieBichengqieBichengqie28.jpg,67,荜澄茄
train/金钱白花蛇/Jinqianbaihuashe12.jpg,82,金钱白花蛇
train/秦皮/Qinpi39.jpg,51,秦皮
train/荜澄茄/BichengqieBichengqieBichengqie25.jpg,67,荜澄茄
train/槟榔/BinglangBinglangBinglangBinglang_55.jpg,31,槟榔
train/山慈菇/Shancigu50.jpg,18,山慈菇
train/桑寄生/SangjishengSangjishengSangjishengSangjisheng_48.jpg,28,桑寄生
train/谷芽/GuyaGuya104.jpg,76,谷芽
train/苦地丁/Kudiding71.jpg,62,苦地丁
train/秦皮/Qinpi109.jpg,51,秦皮
train/莲子/Lianzi117.jpg,69,莲子
train/苍术/CangzhuCangzhuCangzhuCangzhu_23.jpg,60,苍术
train/莱菔子/Laifuzi56.jpg,68,莱菔子
train/白芍/BaishaoBaishaoBaishaoIMG_20200724_180221.jpg,46,白芍
train/全蝎/Quanxie70.jpg,5,全蝎
train/鸡冠花/Jiguanhua108.jpg,87,鸡冠花
train/千年健/Qiannianjian106.jpg,8,千年健
train/莲房/Lianfang86.jpg,71,莲房
train/鸡冠花/Jiguanhua89.jpg,87,鸡冠花
train/自然铜/Zirantong85.jpg,57,自然铜
train/鸡冠花/Jiguanhua62.jpg,87,鸡冠花
train/大腹皮/DafupiDafupi76.jpg,12,大腹皮
train/番泻叶/FanxieyeFanxieye76.jpg,42,番泻叶
train/山茱萸/Shanzhuyu111.jpg,19,山茱萸
train/藁本/GaobenGaobenGaobenGaoben_60.jpg,73,藁本
train/荔枝核/Lizhihe119.jpg,65,荔枝核
train/莱菔子/Laifuzi46.jpg,68,莱菔子
train/荜拨/BiboBiboBibo37.jpg,66,荜拨
train/人参/Renshen22.jpg,3,人参
train/槟榔/BinglangBinglangBinglangBinglang_4.jpg,31,槟榔
train/藁本/GaobenGaobenGaobenGaoben_39.jpg,73,藁本
train/川楝子/ChuanlianziChuanlianzi31.jpg,21,川楝子
train/川楝子/ChuanlianziChuanlianzi105.jpg,21,川楝子
train/柏子仁/BaizirenBaizirenBaiziren74.jpg,26,柏子仁
train/稻芽/DaoyaDaoya82.jpg,52,稻芽
train/白蔹/BailianBailianBailian57.jpg,49,白蔹
train/淡豆豉/DandouchiDandouchi46.jpg,36,淡豆豉
train/龙眼肉/Longyanrou62.jpg,92,龙眼肉
train/柏子仁/BaizirenBaizirenBaiziren77.jpg,26,柏子仁
train/瓦楞子/Walengzi33.jpg,39,瓦楞子
train/苍术/CangzhuCangzhuCangzhuIMG_20200720_165845_1.jpg,60,苍术
train/白芷/BaizhiBaizhiBaizhiIMG_20200720_173710.jpg,47,白芷
train/天花粉/Tianhuafen97.jpg,13,天花粉
train/冬虫夏草/DongchongxiacaoDongchongxiacao103.jpg,6,冬虫夏草
train/川木香/ChuanmuxiangChuanmuxiang91.jpg,20,川木香
train/白前/BaiqianBaiqianBaiqian83.jpg,43,白前
train/五加皮/WujiapiWujiapiWujiapiIMG_20200722_170017.jpg,2,五加皮
train/大腹皮/DafupiDafupi40.jpg,12,大腹皮
train/全蝎/Quanxie33.jpg,5,全蝎
train/全蝎/Quanxie58.jpg,5,全蝎
train/羌活/QianghuoQianghuoQianghuoQianghuo_143.jpg,55,羌活
train/薏苡仁/Yiyiren98.jpg,72,薏苡仁
train/谷芽/GuyaGuya27.jpg,76,谷芽
train/天花粉/Tianhuafen86.jpg,13,天花粉
train/千年健/Qiannianjian28.jpg,8,千年健
train/白茅根/BaimaogenBaimaogenBaimaogen79.jpg,48,白茅根
train/天麻/Tianma11.jpg,14,天麻
train/肉豆蔻/Roudoukou74.jpg,56,肉豆蔻
train/苍术/CangzhuCangzhuCangzhuCangzhu_37.jpg,60,苍术
train/路路通/Lulutong48.jpg,77,路路通
train/草豆蔻/CaodoukouCaodoukouCaodoukou111.jpg,64,草豆蔻
train/路路通/Lulutong21.jpg,77,路路通
train/酸枣仁/SuanzaorenSuanzaorenSuanzaorenSuanzaoren_41.jpg,79,酸枣仁
train/山慈菇/Shancigu20.jpg,18,山慈菇
train/荜拨/BiboBiboBibo35.jpg,66,荜拨
train/芥子/Jiezi41.jpg,58,芥子
train/金灯笼/Jindenglong80.jpg,81,金灯笼
train/鸡冠花/Jiguanhua91.jpg,87,鸡冠花
train/苦地丁/Kudiding103.jpg,62,苦地丁
train/莱菔子/Laifuzi64.jpg,68,莱菔子
train/大腹皮/DafupiDafupi60.jpg,12,大腹皮
train/湖北贝母/Hubeibeimu118.jpg,37,湖北贝母
train/桑椹/Sangshen9.jpg,29,桑椹
train/荜澄茄/BichengqieBichengqieBichengqie69.jpg,67,荜澄茄
train/番泻叶/FanxieyeFanxieye30.jpg,42,番泻叶
train/瓦楞子/Walengzi84.jpg,39,瓦楞子
train/荜澄茄/BichengqieBichengqieBichengqie38.jpg,67,荜澄茄
train/谷芽/GuyaGuya44.jpg,76,谷芽
train/桑螵蛸/Sangpiaoxiao32.jpg,30,桑螵蛸
train/荜澄茄/BichengqieBichengqieBichengqie76.jpg,67,荜澄茄
train/柏子仁/BaizirenBaizirenBaiziren52.jpg,26,柏子仁
train/郁金/Yujin21.jpg,78,郁金
train/干姜/GanjiangGanjiang77.jpg,23,干姜
train/灵芝/Lingzhi67.jpg,38,灵芝
train/金钱白花蛇/Jinqianbaihuashe49.jpg,82,金钱白花蛇
train/金灯笼/Jindenglong49.jpg,81,金灯笼
train/山茱萸/Shanzhuyu73.jpg,19,山茱萸
train/湖北贝母/Hubeibeimu35.jpg,37,湖北贝母
train/白矾/BaifanBaifanBaifan22.jpg,45,白矾
train/桑寄生/SangjishengSangjishengSangjishengIMG_20200724_180436.jpg,28,桑寄生
train/谷芽/GuyaGuya37.jpg,76,谷芽
train/柏子仁/BaizirenBaizirenBaiziren67.jpg,26,柏子仁
train/荔枝核/Lizhihe65.jpg,65,荔枝核
train/草豆蔻/CaodoukouCaodoukouCaodoukou55.jpg,64,草豆蔻
train/干姜/GanjiangGanjiang38.jpg,23,干姜
train/五加皮/WujiapiWujiapiWujiapiIMG_20200722_165951.jpg,2,五加皮
train/苏木/Sumu9.jpg,61,苏木
train/苏木/Sumu12.jpg,61,苏木
train/土荆皮/Tujingpi15.jpg,10,土荆皮
train/荜拨/BiboBiboBibo111.jpg,66,荜拨
train/谷精草/GujingcaoGujingcao27.jpg,75,谷精草
train/秦皮/Qinpi32.jpg,51,秦皮
train/九香虫/Jiuxiangchong58.jpg,1,九香虫
train/全蝎/Quanxie76.jpg,5,全蝎
train/湖北贝母/Hubeibeimu41.jpg,37,湖北贝母
train/荜拨/BiboBiboBibo83.jpg,66,荜拨
train/丝瓜络/Sigualuo72.jpg,0,丝瓜络
train/白茅根/BaimaogenBaimaogenBaimaogen50.jpg,48,白茅根
train/银柴胡/Yinchaihu64.jpg,83,银柴胡
train/灵芝/Lingzhi48.jpg,38,灵芝
train/苍术/CangzhuCangzhuCangzhuCangzhu_12.jpg,60,苍术
train/石榴皮/Shiliupi12.jpg,50,石榴皮
train/九香虫/Jiuxiangchong103.jpg,1,九香虫
train/路路通/Lulutong69.jpg,77,路路通
train/莲子/Lianzi0.jpg,69,莲子
